production_record_id,machine_id,line_id,product_id,production_date,shift,planned_quantity,actual_quantity,efficiency_percentage
PRODREC-0000001,MCH-001-01-01,LINE-001-01,PROD-006,2026-01-01,C,127,109,86.58
PRODREC-0000002,MCH-001-01-01,LINE-001-01,PROD-004,2026-01-01,B,148,126,85.8
PRODREC-0000003,MCH-001-01-01,LINE-001-01,PROD-009,2026-01-02,C,112,94,84.62
PRODREC-0000004,MCH-001-01-01,LINE-001-01,PROD-007,2026-01-02,A,97,81,83.94
PRODREC-0000005,MCH-001-01-01,LINE-001-01,PROD-006,2026-01-03,C,140,120,86.15
PRODREC-0000006,MCH-001-01-01,LINE-001-01,PROD-007,2026-01-03,A,124,117,94.9
PRODREC-0000007,MCH-001-01-01,LINE-001-01,PROD-002,2026-01-04,C,145,128,88.76
PRODREC-0000008,MCH-001-01-01,LINE-001-01,PROD-002,2026-01-04,A,130,113,87.64
PRODREC-0000009,MCH-001-01-01,LINE-001-01,PROD-001,2026-01-05,B,130,117,90.01
PRODREC-0000010,MCH-001-01-01,LINE-001-01,PROD-002,2026-01-05,C,98,83,84.77
PRODREC-0000011,MCH-001-01-01,LINE-001-01,PROD-007,2026-01-06,C,86,74,86.95
PRODREC-0000012,MCH-001-01-01,LINE-001-01,PROD-001,2026-01-06,A,97,82,84.9
PRODREC-0000013,MCH-001-01-01,LINE-001-01,PROD-006,2026-01-07,B,124,101,81.61
PRODREC-0000014,MCH-001-01-01,LINE-001-01,PROD-002,2026-01-07,C,136,110,81.36
PRODREC-0000015,MCH-001-01-01,LINE-001-01,PROD-005,2026-01-08,B,145,127,87.72
PRODREC-0000016,MCH-001-01-01,LINE-001-01,PROD-006,2026-01-08,B,128,122,95.56
PRODREC-0000017,MCH-001-01-01,LINE-001-01,PROD-007,2026-01-09,B,102,85,84.1
PRODREC-0000018,MCH-001-01-01,LINE-001-01,PROD-006,2026-01-09,B,93,79,85.83
PRODREC-0000019,MCH-001-01-01,LINE-001-01,PROD-008,2026-01-10,C,90,73,82.2
PRODREC-0000020,MCH-001-01-01,LINE-001-01,PROD-002,2026-01-10,B,115,95,83.08
PRODREC-0000021,MCH-001-01-01,LINE-001-01,PROD-009,2026-01-11,B,132,114,87.09
PRODREC-0000022,MCH-001-01-01,LINE-001-01,PROD-005,2026-01-11,A,144,116,81.1
PRODREC-0000023,MCH-001-01-01,LINE-001-01,PROD-007,2026-01-12,B,139,118,85.37
PRODREC-0000024,MCH-001-01-01,LINE-001-01,PROD-010,2026-01-12,B,101,81,80.64
PRODREC-0000025,MCH-001-01-01,LINE-001-01,PROD-007,2026-01-13,A,143,105,73.75
PRODREC-0000026,MCH-001-01-01,LINE-001-01,PROD-010,2026-01-13,C,123,98,80.44
PRODREC-0000027,MCH-001-01-01,LINE-001-01,PROD-005,2026-01-14,A,137,120,88.04
PRODREC-0000028,MCH-001-01-01,LINE-001-01,PROD-004,2026-01-14,A,146,117,80.63
PRODREC-0000029,MCH-001-01-01,LINE-001-01,PROD-005,2026-01-15,B,107,90,84.37
PRODREC-0000030,MCH-001-01-01,LINE-001-01,PROD-009,2026-01-15,A,140,124,88.7
PRODREC-0000031,MCH-001-01-01,LINE-001-01,PROD-006,2026-01-16,B,117,98,84.09
PRODREC-0000032,MCH-001-01-01,LINE-001-01,PROD-009,2026-01-16,A,107,83,77.72
PRODREC-0000033,MCH-001-01-01,LINE-001-01,PROD-005,2026-01-17,C,125,104,83.68
PRODREC-0000034,MCH-001-01-01,LINE-001-01,PROD-006,2026-01-17,B,145,131,90.56
PRODREC-0000035,MCH-001-01-01,LINE-001-01,PROD-005,2026-01-18,B,110,92,84.05
PRODREC-0000036,MCH-001-01-01,LINE-001-01,PROD-009,2026-01-18,A,117,106,91.44
PRODREC-0000037,MCH-001-01-01,LINE-001-01,PROD-007,2026-01-19,A,139,119,86.3
PRODREC-0000038,MCH-001-01-01,LINE-001-01,PROD-009,2026-01-19,B,117,103,88.38
PRODREC-0000039,MCH-001-01-01,LINE-001-01,PROD-004,2026-01-20,A,131,121,92.6
PRODREC-0000040,MCH-001-01-01,LINE-001-01,PROD-009,2026-01-20,B,90,77,85.86
PRODREC-0000041,MCH-001-01-01,LINE-001-01,PROD-006,2026-01-21,C,139,71,51.34
PRODREC-0000042,MCH-001-01-01,LINE-001-01,PROD-007,2026-01-21,B,122,71,58.84
PRODREC-0000043,MCH-001-01-01,LINE-001-01,PROD-004,2026-01-22,B,103,78,76.49
PRODREC-0000044,MCH-001-01-01,LINE-001-01,PROD-007,2026-01-22,B,141,121,85.96
PRODREC-0000045,MCH-001-01-01,LINE-001-01,PROD-006,2026-01-23,B,80,67,83.99
PRODREC-0000046,MCH-001-01-01,LINE-001-01,PROD-006,2026-01-23,B,112,101,90.34
PRODREC-0000047,MCH-001-01-01,LINE-001-01,PROD-004,2026-01-24,A,141,120,85.74
PRODREC-0000048,MCH-001-01-01,LINE-001-01,PROD-002,2026-01-24,A,100,85,85.28
PRODREC-0000049,MCH-001-01-01,LINE-001-01,PROD-009,2026-01-25,C,87,74,85.06
PRODREC-0000050,MCH-001-01-01,LINE-001-01,PROD-001,2026-01-25,B,94,77,82.69
PRODREC-0000051,MCH-001-01-01,LINE-001-01,PROD-002,2026-01-26,B,107,90,84.64
PRODREC-0000052,MCH-001-01-01,LINE-001-01,PROD-004,2026-01-26,A,89,76,85.83
PRODREC-0000053,MCH-001-01-01,LINE-001-01,PROD-010,2026-01-27,B,145,120,83.38
PRODREC-0000054,MCH-001-01-01,LINE-001-01,PROD-007,2026-01-27,B,123,105,85.79
PRODREC-0000055,MCH-001-01-01,LINE-001-01,PROD-008,2026-01-28,B,116,100,86.95
PRODREC-0000056,MCH-001-01-01,LINE-001-01,PROD-001,2026-01-28,B,127,111,87.67
PRODREC-0000057,MCH-001-01-01,LINE-001-01,PROD-001,2026-01-29,A,101,80,79.63
PRODREC-0000058,MCH-001-01-01,LINE-001-01,PROD-009,2026-01-29,C,93,77,83.3
PRODREC-0000059,MCH-001-01-01,LINE-001-01,PROD-009,2026-01-30,B,105,94,89.83
PRODREC-0000060,MCH-001-01-01,LINE-001-01,PROD-009,2026-01-30,C,139,112,81.03
PRODREC-0000061,MCH-001-01-02,LINE-001-01,PROD-005,2026-01-01,A,135,89,65.98
PRODREC-0000062,MCH-001-01-02,LINE-001-01,PROD-002,2026-01-01,C,128,61,47.89
PRODREC-0000063,MCH-001-01-02,LINE-001-01,PROD-001,2026-01-02,A,149,139,93.65
PRODREC-0000064,MCH-001-01-02,LINE-001-01,PROD-001,2026-01-02,C,127,117,92.38
PRODREC-0000065,MCH-001-01-02,LINE-001-01,PROD-006,2026-01-03,A,83,72,87.53
PRODREC-0000066,MCH-001-01-02,LINE-001-01,PROD-005,2026-01-03,C,139,120,86.59
PRODREC-0000067,MCH-001-01-02,LINE-001-01,PROD-008,2026-01-04,A,86,73,85.59
PRODREC-0000068,MCH-001-01-02,LINE-001-01,PROD-002,2026-01-04,C,83,73,88.44
PRODREC-0000069,MCH-001-01-02,LINE-001-01,PROD-003,2026-01-05,A,109,94,87.09
PRODREC-0000070,MCH-001-01-02,LINE-001-01,PROD-009,2026-01-05,B,104,91,88.26
PRODREC-0000071,MCH-001-01-02,LINE-001-01,PROD-009,2026-01-06,A,86,69,80.9
PRODREC-0000072,MCH-001-01-02,LINE-001-01,PROD-005,2026-01-06,A,116,100,87.0
PRODREC-0000073,MCH-001-01-02,LINE-001-01,PROD-003,2026-01-07,B,108,98,91.16
PRODREC-0000074,MCH-001-01-02,LINE-001-01,PROD-010,2026-01-07,B,86,77,90.35
PRODREC-0000075,MCH-001-01-02,LINE-001-01,PROD-003,2026-01-08,B,126,105,83.89
PRODREC-0000076,MCH-001-01-02,LINE-001-01,PROD-004,2026-01-08,B,147,128,87.32
PRODREC-0000077,MCH-001-01-02,LINE-001-01,PROD-008,2026-01-09,B,96,54,56.64
PRODREC-0000078,MCH-001-01-02,LINE-001-01,PROD-005,2026-01-09,C,80,51,64.67
PRODREC-0000079,MCH-001-01-02,LINE-001-01,PROD-004,2026-01-10,B,88,71,81.62
PRODREC-0000080,MCH-001-01-02,LINE-001-01,PROD-009,2026-01-10,A,135,113,84.14
PRODREC-0000081,MCH-001-01-02,LINE-001-01,PROD-003,2026-01-11,C,109,97,89.86
PRODREC-0000082,MCH-001-01-02,LINE-001-01,PROD-006,2026-01-11,C,125,125,100.0
PRODREC-0000083,MCH-001-01-02,LINE-001-01,PROD-007,2026-01-12,A,149,117,78.85
PRODREC-0000084,MCH-001-01-02,LINE-001-01,PROD-003,2026-01-12,B,101,86,85.62
PRODREC-0000085,MCH-001-01-02,LINE-001-01,PROD-003,2026-01-13,A,130,115,89.2
PRODREC-0000086,MCH-001-01-02,LINE-001-01,PROD-008,2026-01-13,C,111,93,84.16
PRODREC-0000087,MCH-001-01-02,LINE-001-01,PROD-007,2026-01-14,C,123,116,94.36
PRODREC-0000088,MCH-001-01-02,LINE-001-01,PROD-002,2026-01-14,B,86,84,98.66
PRODREC-0000089,MCH-001-01-02,LINE-001-01,PROD-005,2026-01-15,B,115,96,84.19
PRODREC-0000090,MCH-001-01-02,LINE-001-01,PROD-010,2026-01-15,A,84,67,80.56
PRODREC-0000091,MCH-001-01-02,LINE-001-01,PROD-003,2026-01-16,B,105,85,81.08
PRODREC-0000092,MCH-001-01-02,LINE-001-01,PROD-005,2026-01-16,B,112,90,80.38
PRODREC-0000093,MCH-001-01-02,LINE-001-01,PROD-008,2026-01-17,C,138,118,85.75
PRODREC-0000094,MCH-001-01-02,LINE-001-01,PROD-005,2026-01-17,B,113,100,89.13
PRODREC-0000095,MCH-001-01-02,LINE-001-01,PROD-008,2026-01-18,C,81,65,81.18
PRODREC-0000096,MCH-001-01-02,LINE-001-01,PROD-005,2026-01-18,C,122,105,86.34
PRODREC-0000097,MCH-001-01-02,LINE-001-01,PROD-010,2026-01-19,B,149,134,90.27
PRODREC-0000098,MCH-001-01-02,LINE-001-01,PROD-003,2026-01-19,C,91,72,79.68
PRODREC-0000099,MCH-001-01-02,LINE-001-01,PROD-001,2026-01-20,B,120,96,80.25
PRODREC-0000100,MCH-001-01-02,LINE-001-01,PROD-009,2026-01-20,B,94,82,87.66
PRODREC-0000101,MCH-001-01-02,LINE-001-01,PROD-006,2026-01-21,C,149,129,87.24
PRODREC-0000102,MCH-001-01-02,LINE-001-01,PROD-010,2026-01-21,A,86,80,93.84
PRODREC-0000103,MCH-001-01-02,LINE-001-01,PROD-003,2026-01-22,A,85,75,89.39
PRODREC-0000104,MCH-001-01-02,LINE-001-01,PROD-009,2026-01-22,A,140,113,81.42
PRODREC-0000105,MCH-001-01-02,LINE-001-01,PROD-007,2026-01-23,A,135,120,89.46
PRODREC-0000106,MCH-001-01-02,LINE-001-01,PROD-005,2026-01-23,C,147,134,91.27
PRODREC-0000107,MCH-001-01-02,LINE-001-01,PROD-010,2026-01-24,B,122,102,84.32
PRODREC-0000108,MCH-001-01-02,LINE-001-01,PROD-005,2026-01-24,C,104,88,84.82
PRODREC-0000109,MCH-001-01-02,LINE-001-01,PROD-001,2026-01-25,C,81,68,84.61
PRODREC-0000110,MCH-001-01-02,LINE-001-01,PROD-001,2026-01-25,A,104,94,90.72
PRODREC-0000111,MCH-001-01-02,LINE-001-01,PROD-002,2026-01-26,B,129,104,80.67
PRODREC-0000112,MCH-001-01-02,LINE-001-01,PROD-001,2026-01-26,C,91,75,83.42
PRODREC-0000113,MCH-001-01-02,LINE-001-01,PROD-003,2026-01-27,A,122,100,82.26
PRODREC-0000114,MCH-001-01-02,LINE-001-01,PROD-001,2026-01-27,C,108,87,81.43
PRODREC-0000115,MCH-001-01-02,LINE-001-01,PROD-003,2026-01-28,A,109,86,79.22
PRODREC-0000116,MCH-001-01-02,LINE-001-01,PROD-006,2026-01-28,B,80,71,88.88
PRODREC-0000117,MCH-001-01-02,LINE-001-01,PROD-008,2026-01-29,C,80,71,89.94
PRODREC-0000118,MCH-001-01-02,LINE-001-01,PROD-004,2026-01-29,B,124,95,76.98
PRODREC-0000119,MCH-001-01-02,LINE-001-01,PROD-010,2026-01-30,A,83,72,87.68
PRODREC-0000120,MCH-001-01-02,LINE-001-01,PROD-010,2026-01-30,C,118,100,85.59
PRODREC-0000121,MCH-001-01-03,LINE-001-01,PROD-004,2026-01-01,C,147,127,86.73
PRODREC-0000122,MCH-001-01-03,LINE-001-01,PROD-006,2026-01-01,C,101,101,100.0
PRODREC-0000123,MCH-001-01-03,LINE-001-01,PROD-004,2026-01-02,C,122,116,95.22
PRODREC-0000124,MCH-001-01-03,LINE-001-01,PROD-004,2026-01-02,B,144,129,90.07
PRODREC-0000125,MCH-001-01-03,LINE-001-01,PROD-001,2026-01-03,B,81,80,99.53
PRODREC-0000126,MCH-001-01-03,LINE-001-01,PROD-004,2026-01-03,B,95,89,93.85
PRODREC-0000127,MCH-001-01-03,LINE-001-01,PROD-010,2026-01-04,B,82,73,89.86
PRODREC-0000128,MCH-001-01-03,LINE-001-01,PROD-003,2026-01-04,B,125,116,92.94
PRODREC-0000129,MCH-001-01-03,LINE-001-01,PROD-009,2026-01-05,B,80,75,94.61
PRODREC-0000130,MCH-001-01-03,LINE-001-01,PROD-003,2026-01-05,B,121,114,94.42
PRODREC-0000131,MCH-001-01-03,LINE-001-01,PROD-006,2026-01-06,B,80,80,100.0
PRODREC-0000132,MCH-001-01-03,LINE-001-01,PROD-003,2026-01-06,C,113,108,95.82
PRODREC-0000133,MCH-001-01-03,LINE-001-01,PROD-004,2026-01-07,A,106,106,100.0
PRODREC-0000134,MCH-001-01-03,LINE-001-01,PROD-005,2026-01-07,B,104,104,100.0
PRODREC-0000135,MCH-001-01-03,LINE-001-01,PROD-005,2026-01-08,A,134,134,100.0
PRODREC-0000136,MCH-001-01-03,LINE-001-01,PROD-004,2026-01-08,B,80,78,98.53
PRODREC-0000137,MCH-001-01-03,LINE-001-01,PROD-003,2026-01-09,C,131,126,96.53
PRODREC-0000138,MCH-001-01-03,LINE-001-01,PROD-002,2026-01-09,C,110,105,96.35
PRODREC-0000139,MCH-001-01-03,LINE-001-01,PROD-009,2026-01-10,A,92,89,96.95
PRODREC-0000140,MCH-001-01-03,LINE-001-01,PROD-010,2026-01-10,C,109,107,98.65
PRODREC-0000141,MCH-001-01-03,LINE-001-01,PROD-006,2026-01-11,B,104,95,92.27
PRODREC-0000142,MCH-001-01-03,LINE-001-01,PROD-003,2026-01-11,A,84,76,91.16
PRODREC-0000143,MCH-001-01-03,LINE-001-01,PROD-010,2026-01-12,B,102,92,90.48
PRODREC-0000144,MCH-001-01-03,LINE-001-01,PROD-008,2026-01-12,B,109,97,89.79
PRODREC-0000145,MCH-001-01-03,LINE-001-01,PROD-009,2026-01-13,A,128,122,95.94
PRODREC-0000146,MCH-001-01-03,LINE-001-01,PROD-004,2026-01-13,C,107,98,91.81
PRODREC-0000147,MCH-001-01-03,LINE-001-01,PROD-006,2026-01-14,C,111,102,91.9
PRODREC-0000148,MCH-001-01-03,LINE-001-01,PROD-006,2026-01-14,A,140,135,97.04
PRODREC-0000149,MCH-001-01-03,LINE-001-01,PROD-004,2026-01-15,A,132,131,99.25
PRODREC-0000150,MCH-001-01-03,LINE-001-01,PROD-005,2026-01-15,B,141,126,89.96
PRODREC-0000151,MCH-001-01-03,LINE-001-01,PROD-002,2026-01-16,B,93,86,93.14
PRODREC-0000152,MCH-001-01-03,LINE-001-01,PROD-005,2026-01-16,B,138,132,95.94
PRODREC-0000153,MCH-001-01-03,LINE-001-01,PROD-009,2026-01-17,C,114,109,95.94
PRODREC-0000154,MCH-001-01-03,LINE-001-01,PROD-010,2026-01-17,A,108,108,100.0
PRODREC-0000155,MCH-001-01-03,LINE-001-01,PROD-005,2026-01-18,A,90,86,95.7
PRODREC-0000156,MCH-001-01-03,LINE-001-01,PROD-001,2026-01-18,C,100,100,100.0
PRODREC-0000157,MCH-001-01-03,LINE-001-01,PROD-009,2026-01-19,B,103,103,100.0
PRODREC-0000158,MCH-001-01-03,LINE-001-01,PROD-007,2026-01-19,C,143,134,94.11
PRODREC-0000159,MCH-001-01-03,LINE-001-01,PROD-010,2026-01-20,A,128,118,92.8
PRODREC-0000160,MCH-001-01-03,LINE-001-01,PROD-006,2026-01-20,B,93,93,100.0
PRODREC-0000161,MCH-001-01-03,LINE-001-01,PROD-004,2026-01-21,A,86,86,100.0
PRODREC-0000162,MCH-001-01-03,LINE-001-01,PROD-003,2026-01-21,C,81,81,100.0
PRODREC-0000163,MCH-001-01-03,LINE-001-01,PROD-006,2026-01-22,C,87,76,87.49
PRODREC-0000164,MCH-001-01-03,LINE-001-01,PROD-010,2026-01-22,B,93,93,100.0
PRODREC-0000165,MCH-001-01-03,LINE-001-01,PROD-004,2026-01-23,C,90,80,89.93
PRODREC-0000166,MCH-001-01-03,LINE-001-01,PROD-006,2026-01-23,A,149,139,93.67
PRODREC-0000167,MCH-001-01-03,LINE-001-01,PROD-006,2026-01-24,A,103,98,95.86
PRODREC-0000168,MCH-001-01-03,LINE-001-01,PROD-010,2026-01-24,A,111,110,99.7
PRODREC-0000169,MCH-001-01-03,LINE-001-01,PROD-006,2026-01-25,C,113,66,58.63
PRODREC-0000170,MCH-001-01-03,LINE-001-01,PROD-002,2026-01-25,C,123,76,62.42
PRODREC-0000171,MCH-001-01-03,LINE-001-01,PROD-009,2026-01-26,C,129,120,93.44
PRODREC-0000172,MCH-001-01-03,LINE-001-01,PROD-002,2026-01-26,C,90,90,100.0
PRODREC-0000173,MCH-001-01-03,LINE-001-01,PROD-003,2026-01-27,B,121,117,96.79
PRODREC-0000174,MCH-001-01-03,LINE-001-01,PROD-006,2026-01-27,A,124,121,97.78
PRODREC-0000175,MCH-001-01-03,LINE-001-01,PROD-005,2026-01-28,B,108,108,100.0
PRODREC-0000176,MCH-001-01-03,LINE-001-01,PROD-008,2026-01-28,C,95,95,100.0
PRODREC-0000177,MCH-001-01-03,LINE-001-01,PROD-004,2026-01-29,B,86,81,95.1
PRODREC-0000178,MCH-001-01-03,LINE-001-01,PROD-008,2026-01-29,C,131,131,100.0
PRODREC-0000179,MCH-001-01-03,LINE-001-01,PROD-007,2026-01-30,A,85,73,86.38
PRODREC-0000180,MCH-001-01-03,LINE-001-01,PROD-001,2026-01-30,A,140,128,91.74
PRODREC-0000181,MCH-001-01-04,LINE-001-01,PROD-006,2026-01-01,C,101,100,99.79
PRODREC-0000182,MCH-001-01-04,LINE-001-01,PROD-003,2026-01-01,B,133,131,98.61
PRODREC-0000183,MCH-001-01-04,LINE-001-01,PROD-010,2026-01-02,C,83,65,79.32
PRODREC-0000184,MCH-001-01-04,LINE-001-01,PROD-003,2026-01-02,A,91,84,93.06
PRODREC-0000185,MCH-001-01-04,LINE-001-01,PROD-008,2026-01-03,B,85,79,93.5
PRODREC-0000186,MCH-001-01-04,LINE-001-01,PROD-009,2026-01-03,C,104,92,88.91
PRODREC-0000187,MCH-001-01-04,LINE-001-01,PROD-008,2026-01-04,C,148,134,90.96
PRODREC-0000188,MCH-001-01-04,LINE-001-01,PROD-001,2026-01-04,C,112,101,90.92
PRODREC-0000189,MCH-001-01-04,LINE-001-01,PROD-008,2026-01-05,B,99,90,91.38
PRODREC-0000190,MCH-001-01-04,LINE-001-01,PROD-005,2026-01-05,A,102,94,93.09
PRODREC-0000191,MCH-001-01-04,LINE-001-01,PROD-010,2026-01-06,A,117,106,90.95
PRODREC-0000192,MCH-001-01-04,LINE-001-01,PROD-002,2026-01-06,A,86,83,97.53
PRODREC-0000193,MCH-001-01-04,LINE-001-01,PROD-004,2026-01-07,B,126,124,99.11
PRODREC-0000194,MCH-001-01-04,LINE-001-01,PROD-006,2026-01-07,B,84,81,97.29
PRODREC-0000195,MCH-001-01-04,LINE-001-01,PROD-006,2026-01-08,A,120,120,100.0
PRODREC-0000196,MCH-001-01-04,LINE-001-01,PROD-008,2026-01-08,C,141,136,96.49
PRODREC-0000197,MCH-001-01-04,LINE-001-01,PROD-005,2026-01-09,C,127,114,90.31
PRODREC-0000198,MCH-001-01-04,LINE-001-01,PROD-007,2026-01-09,C,147,128,87.58
PRODREC-0000199,MCH-001-01-04,LINE-001-01,PROD-007,2026-01-10,A,145,126,87.26
PRODREC-0000200,MCH-001-01-04,LINE-001-01,PROD-007,2026-01-10,A,135,121,90.25
PRODREC-0000201,MCH-001-01-04,LINE-001-01,PROD-004,2026-01-11,A,116,112,97.26
PRODREC-0000202,MCH-001-01-04,LINE-001-01,PROD-008,2026-01-11,B,146,128,87.78
PRODREC-0000203,MCH-001-01-04,LINE-001-01,PROD-004,2026-01-12,C,96,90,94.23
PRODREC-0000204,MCH-001-01-04,LINE-001-01,PROD-005,2026-01-12,A,111,99,89.71
PRODREC-0000205,MCH-001-01-04,LINE-001-01,PROD-007,2026-01-13,A,102,101,99.87
PRODREC-0000206,MCH-001-01-04,LINE-001-01,PROD-001,2026-01-13,A,137,137,100.0
PRODREC-0000207,MCH-001-01-04,LINE-001-01,PROD-001,2026-01-14,A,91,88,97.31
PRODREC-0000208,MCH-001-01-04,LINE-001-01,PROD-003,2026-01-14,C,93,83,89.42
PRODREC-0000209,MCH-001-01-04,LINE-001-01,PROD-008,2026-01-15,A,127,113,89.11
PRODREC-0000210,MCH-001-01-04,LINE-001-01,PROD-003,2026-01-15,C,89,81,91.37
PRODREC-0000211,MCH-001-01-04,LINE-001-01,PROD-009,2026-01-16,B,88,80,91.3
PRODREC-0000212,MCH-001-01-04,LINE-001-01,PROD-004,2026-01-16,A,83,75,91.02
PRODREC-0000213,MCH-001-01-04,LINE-001-01,PROD-006,2026-01-17,A,133,76,57.29
PRODREC-0000214,MCH-001-01-04,LINE-001-01,PROD-009,2026-01-17,C,92,42,46.44
PRODREC-0000215,MCH-001-01-04,LINE-001-01,PROD-007,2026-01-18,C,104,102,98.96
PRODREC-0000216,MCH-001-01-04,LINE-001-01,PROD-008,2026-01-18,B,148,137,92.68
PRODREC-0000217,MCH-001-01-04,LINE-001-01,PROD-008,2026-01-19,C,102,97,95.33
PRODREC-0000218,MCH-001-01-04,LINE-001-01,PROD-006,2026-01-19,C,129,114,89.04
PRODREC-0000219,MCH-001-01-04,LINE-001-01,PROD-004,2026-01-20,C,146,135,93.05
PRODREC-0000220,MCH-001-01-04,LINE-001-01,PROD-010,2026-01-20,B,101,93,92.6
PRODREC-0000221,MCH-001-01-04,LINE-001-01,PROD-003,2026-01-21,B,114,114,100.0
PRODREC-0000222,MCH-001-01-04,LINE-001-01,PROD-008,2026-01-21,B,146,123,84.41
PRODREC-0000223,MCH-001-01-04,LINE-001-01,PROD-006,2026-01-22,C,122,119,97.99
PRODREC-0000224,MCH-001-01-04,LINE-001-01,PROD-005,2026-01-22,C,86,80,93.41
PRODREC-0000225,MCH-001-01-04,LINE-001-01,PROD-009,2026-01-23,C,82,68,84.05
PRODREC-0000226,MCH-001-01-04,LINE-001-01,PROD-001,2026-01-23,A,81,67,83.08
PRODREC-0000227,MCH-001-01-04,LINE-001-01,PROD-007,2026-01-24,B,80,77,96.38
PRODREC-0000228,MCH-001-01-04,LINE-001-01,PROD-005,2026-01-24,C,100,98,98.51
PRODREC-0000229,MCH-001-01-04,LINE-001-01,PROD-001,2026-01-25,B,141,127,90.26
PRODREC-0000230,MCH-001-01-04,LINE-001-01,PROD-006,2026-01-25,A,105,98,93.46
PRODREC-0000231,MCH-001-01-04,LINE-001-01,PROD-008,2026-01-26,C,119,109,91.9
PRODREC-0000232,MCH-001-01-04,LINE-001-01,PROD-010,2026-01-26,A,111,110,99.93
PRODREC-0000233,MCH-001-01-04,LINE-001-01,PROD-002,2026-01-27,A,143,135,94.76
PRODREC-0000234,MCH-001-01-04,LINE-001-01,PROD-008,2026-01-27,B,98,88,90.28
PRODREC-0000235,MCH-001-01-04,LINE-001-01,PROD-010,2026-01-28,A,119,115,97.18
PRODREC-0000236,MCH-001-01-04,LINE-001-01,PROD-008,2026-01-28,C,95,95,100.0
PRODREC-0000237,MCH-001-01-04,LINE-001-01,PROD-003,2026-01-29,C,147,135,91.92
PRODREC-0000238,MCH-001-01-04,LINE-001-01,PROD-008,2026-01-29,B,144,138,96.26
PRODREC-0000239,MCH-001-01-04,LINE-001-01,PROD-003,2026-01-30,C,101,93,92.49
PRODREC-0000240,MCH-001-01-04,LINE-001-01,PROD-006,2026-01-30,C,117,101,86.57
PRODREC-0000241,MCH-001-02-01,LINE-001-02,PROD-006,2026-01-01,A,138,136,99.24
PRODREC-0000242,MCH-001-02-01,LINE-001-02,PROD-008,2026-01-01,A,149,136,91.85
PRODREC-0000243,MCH-001-02-01,LINE-001-02,PROD-003,2026-01-02,B,83,83,100.0
PRODREC-0000244,MCH-001-02-01,LINE-001-02,PROD-009,2026-01-02,C,131,130,99.69
PRODREC-0000245,MCH-001-02-01,LINE-001-02,PROD-008,2026-01-03,B,111,104,93.84
PRODREC-0000246,MCH-001-02-01,LINE-001-02,PROD-007,2026-01-03,B,103,100,97.14
PRODREC-0000247,MCH-001-02-01,LINE-001-02,PROD-003,2026-01-04,C,97,97,100.0
PRODREC-0000248,MCH-001-02-01,LINE-001-02,PROD-003,2026-01-04,A,145,145,100.0
PRODREC-0000249,MCH-001-02-01,LINE-001-02,PROD-010,2026-01-05,C,120,120,100.0
PRODREC-0000250,MCH-001-02-01,LINE-001-02,PROD-001,2026-01-05,C,84,80,95.77
PRODREC-0000251,MCH-001-02-01,LINE-001-02,PROD-001,2026-01-06,A,90,86,96.58
PRODREC-0000252,MCH-001-02-01,LINE-001-02,PROD-007,2026-01-06,B,137,128,93.49
PRODREC-0000253,MCH-001-02-01,LINE-001-02,PROD-003,2026-01-07,B,143,129,90.52
PRODREC-0000254,MCH-001-02-01,LINE-001-02,PROD-006,2026-01-07,A,143,143,100.0
PRODREC-0000255,MCH-001-02-01,LINE-001-02,PROD-003,2026-01-08,B,91,80,88.25
PRODREC-0000256,MCH-001-02-01,LINE-001-02,PROD-004,2026-01-08,A,108,100,92.67
PRODREC-0000257,MCH-001-02-01,LINE-001-02,PROD-006,2026-01-09,B,88,82,93.45
PRODREC-0000258,MCH-001-02-01,LINE-001-02,PROD-007,2026-01-09,A,80,80,100.0
PRODREC-0000259,MCH-001-02-01,LINE-001-02,PROD-004,2026-01-10,A,107,106,99.15
PRODREC-0000260,MCH-001-02-01,LINE-001-02,PROD-003,2026-01-10,C,90,90,100.0
PRODREC-0000261,MCH-001-02-01,LINE-001-02,PROD-001,2026-01-11,B,122,118,97.19
PRODREC-0000262,MCH-001-02-01,LINE-001-02,PROD-008,2026-01-11,C,124,110,88.98
PRODREC-0000263,MCH-001-02-01,LINE-001-02,PROD-002,2026-01-12,A,105,97,93.18
PRODREC-0000264,MCH-001-02-01,LINE-001-02,PROD-002,2026-01-12,A,137,125,91.83
PRODREC-0000265,MCH-001-02-01,LINE-001-02,PROD-001,2026-01-13,B,108,105,97.42
PRODREC-0000266,MCH-001-02-01,LINE-001-02,PROD-002,2026-01-13,A,110,106,96.39
PRODREC-0000267,MCH-001-02-01,LINE-001-02,PROD-003,2026-01-14,A,117,117,100.0
PRODREC-0000268,MCH-001-02-01,LINE-001-02,PROD-002,2026-01-14,C,86,83,97.06
PRODREC-0000269,MCH-001-02-01,LINE-001-02,PROD-007,2026-01-15,A,146,134,91.99
PRODREC-0000270,MCH-001-02-01,LINE-001-02,PROD-001,2026-01-15,B,83,76,92.45
PRODREC-0000271,MCH-001-02-01,LINE-001-02,PROD-004,2026-01-16,A,86,81,94.28
PRODREC-0000272,MCH-001-02-01,LINE-001-02,PROD-006,2026-01-16,A,94,81,86.21
PRODREC-0000273,MCH-001-02-01,LINE-001-02,PROD-001,2026-01-17,B,114,110,96.69
PRODREC-0000274,MCH-001-02-01,LINE-001-02,PROD-002,2026-01-17,B,96,95,99.02
PRODREC-0000275,MCH-001-02-01,LINE-001-02,PROD-008,2026-01-18,C,124,119,96.39
PRODREC-0000276,MCH-001-02-01,LINE-001-02,PROD-002,2026-01-18,B,84,84,100.0
PRODREC-0000277,MCH-001-02-01,LINE-001-02,PROD-005,2026-01-19,C,136,126,92.94
PRODREC-0000278,MCH-001-02-01,LINE-001-02,PROD-008,2026-01-19,A,132,122,92.74
PRODREC-0000279,MCH-001-02-01,LINE-001-02,PROD-001,2026-01-20,C,123,123,100.0
PRODREC-0000280,MCH-001-02-01,LINE-001-02,PROD-002,2026-01-20,A,113,109,96.68
PRODREC-0000281,MCH-001-02-01,LINE-001-02,PROD-007,2026-01-21,A,115,113,98.89
PRODREC-0000282,MCH-001-02-01,LINE-001-02,PROD-003,2026-01-21,B,140,126,90.2
PRODREC-0000283,MCH-001-02-01,LINE-001-02,PROD-002,2026-01-22,A,135,131,97.08
PRODREC-0000284,MCH-001-02-01,LINE-001-02,PROD-006,2026-01-22,A,135,132,98.22
PRODREC-0000285,MCH-001-02-01,LINE-001-02,PROD-005,2026-01-23,C,141,132,93.79
PRODREC-0000286,MCH-001-02-01,LINE-001-02,PROD-004,2026-01-23,C,149,142,95.51
PRODREC-0000287,MCH-001-02-01,LINE-001-02,PROD-008,2026-01-24,A,127,127,100.0
PRODREC-0000288,MCH-001-02-01,LINE-001-02,PROD-007,2026-01-24,C,94,94,100.0
PRODREC-0000289,MCH-001-02-01,LINE-001-02,PROD-004,2026-01-25,A,142,141,99.66
PRODREC-0000290,MCH-001-02-01,LINE-001-02,PROD-005,2026-01-25,C,97,89,92.65
PRODREC-0000291,MCH-001-02-01,LINE-001-02,PROD-001,2026-01-26,A,138,125,91.25
PRODREC-0000292,MCH-001-02-01,LINE-001-02,PROD-006,2026-01-26,B,146,146,100.0
PRODREC-0000293,MCH-001-02-01,LINE-001-02,PROD-010,2026-01-27,C,82,81,99.91
PRODREC-0000294,MCH-001-02-01,LINE-001-02,PROD-010,2026-01-27,B,143,134,94.27
PRODREC-0000295,MCH-001-02-01,LINE-001-02,PROD-010,2026-01-28,B,81,81,100.0
PRODREC-0000296,MCH-001-02-01,LINE-001-02,PROD-003,2026-01-28,B,98,95,97.31
PRODREC-0000297,MCH-001-02-01,LINE-001-02,PROD-006,2026-01-29,A,136,133,98.07
PRODREC-0000298,MCH-001-02-01,LINE-001-02,PROD-002,2026-01-29,B,127,118,93.67
PRODREC-0000299,MCH-001-02-01,LINE-001-02,PROD-006,2026-01-30,C,88,88,100.0
PRODREC-0000300,MCH-001-02-01,LINE-001-02,PROD-006,2026-01-30,A,110,103,93.91
PRODREC-0000301,MCH-001-02-02,LINE-001-02,PROD-003,2026-01-01,A,116,99,85.81
PRODREC-0000302,MCH-001-02-02,LINE-001-02,PROD-004,2026-01-01,B,118,111,94.42
PRODREC-0000303,MCH-001-02-02,LINE-001-02,PROD-001,2026-01-02,A,100,49,49.51
PRODREC-0000304,MCH-001-02-02,LINE-001-02,PROD-006,2026-01-02,B,122,61,50.71
PRODREC-0000305,MCH-001-02-02,LINE-001-02,PROD-005,2026-01-03,B,99,88,89.81
PRODREC-0000306,MCH-001-02-02,LINE-001-02,PROD-002,2026-01-03,B,138,105,76.74
PRODREC-0000307,MCH-001-02-02,LINE-001-02,PROD-007,2026-01-04,B,145,123,85.07
PRODREC-0000308,MCH-001-02-02,LINE-001-02,PROD-004,2026-01-04,B,117,113,96.87
PRODREC-0000309,MCH-001-02-02,LINE-001-02,PROD-009,2026-01-05,A,111,95,85.69
PRODREC-0000310,MCH-001-02-02,LINE-001-02,PROD-008,2026-01-05,A,123,100,81.68
PRODREC-0000311,MCH-001-02-02,LINE-001-02,PROD-002,2026-01-06,C,83,70,84.54
PRODREC-0000312,MCH-001-02-02,LINE-001-02,PROD-009,2026-01-06,C,96,87,91.65
PRODREC-0000313,MCH-001-02-02,LINE-001-02,PROD-007,2026-01-07,C,140,113,81.29
PRODREC-0000314,MCH-001-02-02,LINE-001-02,PROD-004,2026-01-07,B,81,73,90.96
PRODREC-0000315,MCH-001-02-02,LINE-001-02,PROD-007,2026-01-08,C,132,118,89.96
PRODREC-0000316,MCH-001-02-02,LINE-001-02,PROD-006,2026-01-08,B,133,116,87.81
PRODREC-0000317,MCH-001-02-02,LINE-001-02,PROD-010,2026-01-09,A,110,91,82.98
PRODREC-0000318,MCH-001-02-02,LINE-001-02,PROD-008,2026-01-09,B,112,101,91.04
PRODREC-0000319,MCH-001-02-02,LINE-001-02,PROD-003,2026-01-10,A,148,119,80.52
PRODREC-0000320,MCH-001-02-02,LINE-001-02,PROD-002,2026-01-10,B,80,71,89.85
PRODREC-0000321,MCH-001-02-02,LINE-001-02,PROD-006,2026-01-11,B,145,132,91.24
PRODREC-0000322,MCH-001-02-02,LINE-001-02,PROD-005,2026-01-11,C,101,90,89.61
PRODREC-0000323,MCH-001-02-02,LINE-001-02,PROD-003,2026-01-12,C,142,128,90.54
PRODREC-0000324,MCH-001-02-02,LINE-001-02,PROD-010,2026-01-12,C,111,88,79.48
PRODREC-0000325,MCH-001-02-02,LINE-001-02,PROD-004,2026-01-13,B,84,72,85.9
PRODREC-0000326,MCH-001-02-02,LINE-001-02,PROD-002,2026-01-13,A,102,86,85.26
PRODREC-0000327,MCH-001-02-02,LINE-001-02,PROD-004,2026-01-14,C,137,117,85.66
PRODREC-0000328,MCH-001-02-02,LINE-001-02,PROD-005,2026-01-14,B,109,104,95.61
PRODREC-0000329,MCH-001-02-02,LINE-001-02,PROD-003,2026-01-15,C,125,115,92.44
PRODREC-0000330,MCH-001-02-02,LINE-001-02,PROD-003,2026-01-15,C,120,110,91.99
PRODREC-0000331,MCH-001-02-02,LINE-001-02,PROD-009,2026-01-16,B,112,100,89.48
PRODREC-0000332,MCH-001-02-02,LINE-001-02,PROD-002,2026-01-16,C,116,97,84.3
PRODREC-0000333,MCH-001-02-02,LINE-001-02,PROD-006,2026-01-17,A,92,79,86.23
PRODREC-0000334,MCH-001-02-02,LINE-001-02,PROD-009,2026-01-17,C,85,75,88.79
PRODREC-0000335,MCH-001-02-02,LINE-001-02,PROD-002,2026-01-18,A,99,88,89.28
PRODREC-0000336,MCH-001-02-02,LINE-001-02,PROD-009,2026-01-18,B,126,103,81.86
PRODREC-0000337,MCH-001-02-02,LINE-001-02,PROD-003,2026-01-19,A,102,88,86.31
PRODREC-0000338,MCH-001-02-02,LINE-001-02,PROD-005,2026-01-19,C,110,95,86.83
PRODREC-0000339,MCH-001-02-02,LINE-001-02,PROD-007,2026-01-20,C,121,103,85.88
PRODREC-0000340,MCH-001-02-02,LINE-001-02,PROD-010,2026-01-20,C,107,96,90.06
PRODREC-0000341,MCH-001-02-02,LINE-001-02,PROD-006,2026-01-21,C,118,100,84.76
PRODREC-0000342,MCH-001-02-02,LINE-001-02,PROD-005,2026-01-21,B,134,116,86.79
PRODREC-0000343,MCH-001-02-02,LINE-001-02,PROD-007,2026-01-22,A,91,89,98.2
PRODREC-0000344,MCH-001-02-02,LINE-001-02,PROD-010,2026-01-22,A,120,104,86.84
PRODREC-0000345,MCH-001-02-02,LINE-001-02,PROD-005,2026-01-23,A,103,87,85.31
PRODREC-0000346,MCH-001-02-02,LINE-001-02,PROD-003,2026-01-23,C,133,112,84.87
PRODREC-0000347,MCH-001-02-02,LINE-001-02,PROD-001,2026-01-24,B,135,124,91.94
PRODREC-0000348,MCH-001-02-02,LINE-001-02,PROD-008,2026-01-24,A,121,103,85.45
PRODREC-0000349,MCH-001-02-02,LINE-001-02,PROD-001,2026-01-25,C,117,100,86.09
PRODREC-0000350,MCH-001-02-02,LINE-001-02,PROD-001,2026-01-25,C,118,105,89.3
PRODREC-0000351,MCH-001-02-02,LINE-001-02,PROD-007,2026-01-26,B,110,98,89.29
PRODREC-0000352,MCH-001-02-02,LINE-001-02,PROD-009,2026-01-26,B,145,122,84.77
PRODREC-0000353,MCH-001-02-02,LINE-001-02,PROD-008,2026-01-27,A,104,83,80.21
PRODREC-0000354,MCH-001-02-02,LINE-001-02,PROD-008,2026-01-27,A,132,112,85.2
PRODREC-0000355,MCH-001-02-02,LINE-001-02,PROD-002,2026-01-28,A,116,99,85.92
PRODREC-0000356,MCH-001-02-02,LINE-001-02,PROD-009,2026-01-28,C,95,81,85.46
PRODREC-0000357,MCH-001-02-02,LINE-001-02,PROD-007,2026-01-29,A,115,96,83.89
PRODREC-0000358,MCH-001-02-02,LINE-001-02,PROD-007,2026-01-29,B,125,98,78.97
PRODREC-0000359,MCH-001-02-02,LINE-001-02,PROD-006,2026-01-30,B,132,111,84.63
PRODREC-0000360,MCH-001-02-02,LINE-001-02,PROD-008,2026-01-30,A,88,75,85.62
PRODREC-0000361,MCH-001-02-03,LINE-001-02,PROD-009,2026-01-01,A,122,110,90.47
PRODREC-0000362,MCH-001-02-03,LINE-001-02,PROD-001,2026-01-01,B,88,88,100.0
PRODREC-0000363,MCH-001-02-03,LINE-001-02,PROD-006,2026-01-02,B,140,127,91.32
PRODREC-0000364,MCH-001-02-03,LINE-001-02,PROD-005,2026-01-02,C,94,93,99.14
PRODREC-0000365,MCH-001-02-03,LINE-001-02,PROD-009,2026-01-03,C,126,107,85.21
PRODREC-0000366,MCH-001-02-03,LINE-001-02,PROD-009,2026-01-03,C,140,127,91.31
PRODREC-0000367,MCH-001-02-03,LINE-001-02,PROD-008,2026-01-04,A,125,113,90.79
PRODREC-0000368,MCH-001-02-03,LINE-001-02,PROD-009,2026-01-04,A,86,84,98.7
PRODREC-0000369,MCH-001-02-03,LINE-001-02,PROD-007,2026-01-05,C,97,83,85.79
PRODREC-0000370,MCH-001-02-03,LINE-001-02,PROD-002,2026-01-05,A,104,94,90.56
PRODREC-0000371,MCH-001-02-03,LINE-001-02,PROD-008,2026-01-06,B,123,110,90.17
PRODREC-0000372,MCH-001-02-03,LINE-001-02,PROD-003,2026-01-06,A,144,120,83.8
PRODREC-0000373,MCH-001-02-03,LINE-001-02,PROD-005,2026-01-07,C,143,122,85.52
PRODREC-0000374,MCH-001-02-03,LINE-001-02,PROD-003,2026-01-07,B,96,89,92.93
PRODREC-0000375,MCH-001-02-03,LINE-001-02,PROD-001,2026-01-08,A,132,127,96.27
PRODREC-0000376,MCH-001-02-03,LINE-001-02,PROD-009,2026-01-08,C,98,91,93.63
PRODREC-0000377,MCH-001-02-03,LINE-001-02,PROD-004,2026-01-09,C,105,100,95.3
PRODREC-0000378,MCH-001-02-03,LINE-001-02,PROD-006,2026-01-09,A,138,119,86.56
PRODREC-0000379,MCH-001-02-03,LINE-001-02,PROD-010,2026-01-10,A,82,78,96.19
PRODREC-0000380,MCH-001-02-03,LINE-001-02,PROD-003,2026-01-10,A,83,80,97.39
PRODREC-0000381,MCH-001-02-03,LINE-001-02,PROD-008,2026-01-11,B,144,144,100.0
PRODREC-0000382,MCH-001-02-03,LINE-001-02,PROD-009,2026-01-11,B,102,102,100.0
PRODREC-0000383,MCH-001-02-03,LINE-001-02,PROD-003,2026-01-12,A,100,88,88.54
PRODREC-0000384,MCH-001-02-03,LINE-001-02,PROD-005,2026-01-12,C,127,118,93.17
PRODREC-0000385,MCH-001-02-03,LINE-001-02,PROD-010,2026-01-13,B,89,80,90.44
PRODREC-0000386,MCH-001-02-03,LINE-001-02,PROD-010,2026-01-13,B,84,81,96.45
PRODREC-0000387,MCH-001-02-03,LINE-001-02,PROD-002,2026-01-14,A,80,78,97.54
PRODREC-0000388,MCH-001-02-03,LINE-001-02,PROD-006,2026-01-14,C,127,106,83.72
PRODREC-0000389,MCH-001-02-03,LINE-001-02,PROD-008,2026-01-15,A,108,97,90.25
PRODREC-0000390,MCH-001-02-03,LINE-001-02,PROD-005,2026-01-15,B,143,134,94.1
PRODREC-0000391,MCH-001-02-03,LINE-001-02,PROD-007,2026-01-16,A,85,80,94.68
PRODREC-0000392,MCH-001-02-03,LINE-001-02,PROD-003,2026-01-16,C,109,95,87.89
PRODREC-0000393,MCH-001-02-03,LINE-001-02,PROD-005,2026-01-17,A,91,77,84.68
PRODREC-0000394,MCH-001-02-03,LINE-001-02,PROD-008,2026-01-17,A,109,101,92.82
PRODREC-0000395,MCH-001-02-03,LINE-001-02,PROD-007,2026-01-18,A,93,59,64.23
PRODREC-0000396,MCH-001-02-03,LINE-001-02,PROD-009,2026-01-18,B,97,46,47.64
PRODREC-0000397,MCH-001-02-03,LINE-001-02,PROD-005,2026-01-19,A,93,87,94.18
PRODREC-0000398,MCH-001-02-03,LINE-001-02,PROD-010,2026-01-19,A,89,79,88.97
PRODREC-0000399,MCH-001-02-03,LINE-001-02,PROD-001,2026-01-20,A,124,114,92.24
PRODREC-0000400,MCH-001-02-03,LINE-001-02,PROD-009,2026-01-20,C,105,101,96.34
PRODREC-0000401,MCH-001-02-03,LINE-001-02,PROD-009,2026-01-21,A,132,127,96.42
PRODREC-0000402,MCH-001-02-03,LINE-001-02,PROD-009,2026-01-21,A,138,129,93.96
PRODREC-0000403,MCH-001-02-03,LINE-001-02,PROD-007,2026-01-22,B,143,132,92.95
PRODREC-0000404,MCH-001-02-03,LINE-001-02,PROD-004,2026-01-22,B,142,137,96.74
PRODREC-0000405,MCH-001-02-03,LINE-001-02,PROD-002,2026-01-23,B,92,90,98.59
PRODREC-0000406,MCH-001-02-03,LINE-001-02,PROD-002,2026-01-23,C,113,113,100.0
PRODREC-0000407,MCH-001-02-03,LINE-001-02,PROD-009,2026-01-24,C,140,126,90.52
PRODREC-0000408,MCH-001-02-03,LINE-001-02,PROD-003,2026-01-24,A,109,105,96.91
PRODREC-0000409,MCH-001-02-03,LINE-001-02,PROD-005,2026-01-25,C,92,89,97.39
PRODREC-0000410,MCH-001-02-03,LINE-001-02,PROD-003,2026-01-25,A,94,88,94.33
PRODREC-0000411,MCH-001-02-03,LINE-001-02,PROD-003,2026-01-26,A,141,130,92.48
PRODREC-0000412,MCH-001-02-03,LINE-001-02,PROD-007,2026-01-26,A,120,109,91.46
PRODREC-0000413,MCH-001-02-03,LINE-001-02,PROD-006,2026-01-27,A,97,87,90.49
PRODREC-0000414,MCH-001-02-03,LINE-001-02,PROD-006,2026-01-27,A,81,75,93.78
PRODREC-0000415,MCH-001-02-03,LINE-001-02,PROD-002,2026-01-28,A,91,56,62.36
PRODREC-0000416,MCH-001-02-03,LINE-001-02,PROD-003,2026-01-28,A,96,61,64.32
PRODREC-0000417,MCH-001-02-03,LINE-001-02,PROD-003,2026-01-29,A,125,105,84.46
PRODREC-0000418,MCH-001-02-03,LINE-001-02,PROD-007,2026-01-29,C,147,132,90.36
PRODREC-0000419,MCH-001-02-03,LINE-001-02,PROD-002,2026-01-30,C,129,125,97.39
PRODREC-0000420,MCH-001-02-03,LINE-001-02,PROD-006,2026-01-30,B,142,129,91.48
PRODREC-0000421,MCH-001-02-04,LINE-001-02,PROD-009,2026-01-01,A,120,107,89.63
PRODREC-0000422,MCH-001-02-04,LINE-001-02,PROD-005,2026-01-01,A,115,99,86.5
PRODREC-0000423,MCH-001-02-04,LINE-001-02,PROD-002,2026-01-02,B,116,105,90.72
PRODREC-0000424,MCH-001-02-04,LINE-001-02,PROD-004,2026-01-02,A,142,121,85.22
PRODREC-0000425,MCH-001-02-04,LINE-001-02,PROD-006,2026-01-03,C,139,134,97.03
PRODREC-0000426,MCH-001-02-04,LINE-001-02,PROD-005,2026-01-03,C,141,139,98.8
PRODREC-0000427,MCH-001-02-04,LINE-001-02,PROD-006,2026-01-04,B,103,91,88.42
PRODREC-0000428,MCH-001-02-04,LINE-001-02,PROD-003,2026-01-04,C,98,86,88.34
PRODREC-0000429,MCH-001-02-04,LINE-001-02,PROD-002,2026-01-05,C,128,75,59.05
PRODREC-0000430,MCH-001-02-04,LINE-001-02,PROD-004,2026-01-05,B,93,62,67.29
PRODREC-0000431,MCH-001-02-04,LINE-001-02,PROD-008,2026-01-06,A,123,103,84.1
PRODREC-0000432,MCH-001-02-04,LINE-001-02,PROD-009,2026-01-06,A,95,90,95.21
PRODREC-0000433,MCH-001-02-04,LINE-001-02,PROD-004,2026-01-07,B,93,79,86.01
PRODREC-0000434,MCH-001-02-04,LINE-001-02,PROD-005,2026-01-07,A,143,135,94.8
PRODREC-0000435,MCH-001-02-04,LINE-001-02,PROD-003,2026-01-08,B,145,125,86.61
PRODREC-0000436,MCH-001-02-04,LINE-001-02,PROD-007,2026-01-08,B,96,85,89.2
PRODREC-0000437,MCH-001-02-04,LINE-001-02,PROD-008,2026-01-09,B,126,80,63.75
PRODREC-0000438,MCH-001-02-04,LINE-001-02,PROD-005,2026-01-09,C,84,53,64.24
PRODREC-0000439,MCH-001-02-04,LINE-001-02,PROD-003,2026-01-10,C,103,87,84.92
PRODREC-0000440,MCH-001-02-04,LINE-001-02,PROD-001,2026-01-10,A,128,127,99.64
PRODREC-0000441,MCH-001-02-04,LINE-001-02,PROD-004,2026-01-11,B,111,96,86.98
PRODREC-0000442,MCH-001-02-04,LINE-001-02,PROD-003,2026-01-11,C,115,89,77.79
PRODREC-0000443,MCH-001-02-04,LINE-001-02,PROD-008,2026-01-12,B,119,108,91.55
PRODREC-0000444,MCH-001-02-04,LINE-001-02,PROD-010,2026-01-12,C,116,104,90.51
PRODREC-0000445,MCH-001-02-04,LINE-001-02,PROD-009,2026-01-13,A,109,99,90.88
PRODREC-0000446,MCH-001-02-04,LINE-001-02,PROD-010,2026-01-13,B,102,92,90.32
PRODREC-0000447,MCH-001-02-04,LINE-001-02,PROD-007,2026-01-14,B,86,73,85.02
PRODREC-0000448,MCH-001-02-04,LINE-001-02,PROD-002,2026-01-14,A,141,120,85.25
PRODREC-0000449,MCH-001-02-04,LINE-001-02,PROD-004,2026-01-15,C,123,115,93.94
PRODREC-0000450,MCH-001-02-04,LINE-001-02,PROD-009,2026-01-15,A,95,87,92.23
PRODREC-0000451,MCH-001-02-04,LINE-001-02,PROD-007,2026-01-16,B,135,131,97.15
PRODREC-0000452,MCH-001-02-04,LINE-001-02,PROD-008,2026-01-16,B,149,139,93.66
PRODREC-0000453,MCH-001-02-04,LINE-001-02,PROD-002,2026-01-17,B,96,89,92.72
PRODREC-0000454,MCH-001-02-04,LINE-001-02,PROD-001,2026-01-17,B,102,99,97.1
PRODREC-0000455,MCH-001-02-04,LINE-001-02,PROD-003,2026-01-18,B,85,44,51.85
PRODREC-0000456,MCH-001-02-04,LINE-001-02,PROD-010,2026-01-18,C,101,46,46.27
PRODREC-0000457,MCH-001-02-04,LINE-001-02,PROD-007,2026-01-19,B,90,81,90.77
PRODREC-0000458,MCH-001-02-04,LINE-001-02,PROD-003,2026-01-19,B,89,86,96.66
PRODREC-0000459,MCH-001-02-04,LINE-001-02,PROD-004,2026-01-20,B,113,102,90.35
PRODREC-0000460,MCH-001-02-04,LINE-001-02,PROD-001,2026-01-20,C,82,63,77.46
PRODREC-0000461,MCH-001-02-04,LINE-001-02,PROD-008,2026-01-21,A,88,77,88.56
PRODREC-0000462,MCH-001-02-04,LINE-001-02,PROD-009,2026-01-21,A,145,133,92.4
PRODREC-0000463,MCH-001-02-04,LINE-001-02,PROD-009,2026-01-22,B,132,80,60.71
PRODREC-0000464,MCH-001-02-04,LINE-001-02,PROD-001,2026-01-22,A,86,40,46.8
PRODREC-0000465,MCH-001-02-04,LINE-001-02,PROD-001,2026-01-23,B,124,118,95.69
PRODREC-0000466,MCH-001-02-04,LINE-001-02,PROD-007,2026-01-23,B,127,116,91.36
PRODREC-0000467,MCH-001-02-04,LINE-001-02,PROD-005,2026-01-24,A,144,142,98.68
PRODREC-0000468,MCH-001-02-04,LINE-001-02,PROD-005,2026-01-24,B,148,144,97.88
PRODREC-0000469,MCH-001-02-04,LINE-001-02,PROD-005,2026-01-25,A,102,91,90.0
PRODREC-0000470,MCH-001-02-04,LINE-001-02,PROD-002,2026-01-25,B,132,108,82.12
PRODREC-0000471,MCH-001-02-04,LINE-001-02,PROD-009,2026-01-26,B,113,104,92.25
PRODREC-0000472,MCH-001-02-04,LINE-001-02,PROD-004,2026-01-26,A,135,122,91.01
PRODREC-0000473,MCH-001-02-04,LINE-001-02,PROD-005,2026-01-27,B,99,90,91.14
PRODREC-0000474,MCH-001-02-04,LINE-001-02,PROD-006,2026-01-27,B,123,115,93.74
PRODREC-0000475,MCH-001-02-04,LINE-001-02,PROD-007,2026-01-28,C,86,81,94.33
PRODREC-0000476,MCH-001-02-04,LINE-001-02,PROD-009,2026-01-28,B,135,120,89.62
PRODREC-0000477,MCH-001-02-04,LINE-001-02,PROD-003,2026-01-29,C,135,120,89.5
PRODREC-0000478,MCH-001-02-04,LINE-001-02,PROD-010,2026-01-29,A,91,86,94.88
PRODREC-0000479,MCH-001-02-04,LINE-001-02,PROD-007,2026-01-30,A,105,98,93.94
PRODREC-0000480,MCH-001-02-04,LINE-001-02,PROD-005,2026-01-30,A,116,99,85.39
PRODREC-0000481,MCH-001-03-01,LINE-001-03,PROD-006,2026-01-01,B,110,106,96.55
PRODREC-0000482,MCH-001-03-01,LINE-001-03,PROD-005,2026-01-01,C,102,87,86.04
PRODREC-0000483,MCH-001-03-01,LINE-001-03,PROD-003,2026-01-02,C,136,124,91.59
PRODREC-0000484,MCH-001-03-01,LINE-001-03,PROD-001,2026-01-02,C,125,109,87.43
PRODREC-0000485,MCH-001-03-01,LINE-001-03,PROD-003,2026-01-03,B,115,114,99.32
PRODREC-0000486,MCH-001-03-01,LINE-001-03,PROD-010,2026-01-03,C,106,92,87.64
PRODREC-0000487,MCH-001-03-01,LINE-001-03,PROD-008,2026-01-04,B,116,101,87.22
PRODREC-0000488,MCH-001-03-01,LINE-001-03,PROD-008,2026-01-04,C,134,108,81.14
PRODREC-0000489,MCH-001-03-01,LINE-001-03,PROD-003,2026-01-05,C,134,134,100.0
PRODREC-0000490,MCH-001-03-01,LINE-001-03,PROD-009,2026-01-05,C,131,118,90.33
PRODREC-0000491,MCH-001-03-01,LINE-001-03,PROD-001,2026-01-06,C,115,109,95.33
PRODREC-0000492,MCH-001-03-01,LINE-001-03,PROD-010,2026-01-06,A,113,111,98.4
PRODREC-0000493,MCH-001-03-01,LINE-001-03,PROD-003,2026-01-07,C,148,137,92.76
PRODREC-0000494,MCH-001-03-01,LINE-001-03,PROD-006,2026-01-07,A,105,90,86.53
PRODREC-0000495,MCH-001-03-01,LINE-001-03,PROD-002,2026-01-08,C,111,106,95.75
PRODREC-0000496,MCH-001-03-01,LINE-001-03,PROD-003,2026-01-08,A,146,133,91.3
PRODREC-0000497,MCH-001-03-01,LINE-001-03,PROD-009,2026-01-09,A,105,94,89.99
PRODREC-0000498,MCH-001-03-01,LINE-001-03,PROD-010,2026-01-09,B,119,110,93.03
PRODREC-0000499,MCH-001-03-01,LINE-001-03,PROD-002,2026-01-10,B,148,136,92.07
PRODREC-0000500,MCH-001-03-01,LINE-001-03,PROD-005,2026-01-10,B,127,111,88.01
PRODREC-0000501,MCH-001-03-01,LINE-001-03,PROD-003,2026-01-11,A,88,72,82.85
PRODREC-0000502,MCH-001-03-01,LINE-001-03,PROD-004,2026-01-11,B,111,100,90.98
PRODREC-0000503,MCH-001-03-01,LINE-001-03,PROD-008,2026-01-12,B,82,72,88.09
PRODREC-0000504,MCH-001-03-01,LINE-001-03,PROD-007,2026-01-12,B,102,87,85.93
PRODREC-0000505,MCH-001-03-01,LINE-001-03,PROD-007,2026-01-13,B,145,120,82.9
PRODREC-0000506,MCH-001-03-01,LINE-001-03,PROD-006,2026-01-13,C,137,116,84.86
PRODREC-0000507,MCH-001-03-01,LINE-001-03,PROD-007,2026-01-14,B,137,117,85.52
PRODREC-0000508,MCH-001-03-01,LINE-001-03,PROD-010,2026-01-14,B,119,104,87.7
PRODREC-0000509,MCH-001-03-01,LINE-001-03,PROD-002,2026-01-15,A,83,43,53.01
PRODREC-0000510,MCH-001-03-01,LINE-001-03,PROD-007,2026-01-15,C,105,56,53.94
PRODREC-0000511,MCH-001-03-01,LINE-001-03,PROD-002,2026-01-16,B,138,121,88.39
PRODREC-0000512,MCH-001-03-01,LINE-001-03,PROD-007,2026-01-16,C,123,107,87.16
PRODREC-0000513,MCH-001-03-01,LINE-001-03,PROD-001,2026-01-17,A,112,104,93.18
PRODREC-0000514,MCH-001-03-01,LINE-001-03,PROD-001,2026-01-17,A,130,114,87.91
PRODREC-0000515,MCH-001-03-01,LINE-001-03,PROD-004,2026-01-18,A,101,90,89.8
PRODREC-0000516,MCH-001-03-01,LINE-001-03,PROD-004,2026-01-18,B,131,115,88.26
PRODREC-0000517,MCH-001-03-01,LINE-001-03,PROD-005,2026-01-19,C,100,84,84.12
PRODREC-0000518,MCH-001-03-01,LINE-001-03,PROD-006,2026-01-19,C,84,72,86.11
PRODREC-0000519,MCH-001-03-01,LINE-001-03,PROD-005,2026-01-20,B,107,90,84.59
PRODREC-0000520,MCH-001-03-01,LINE-001-03,PROD-010,2026-01-20,C,93,85,92.22
PRODREC-0000521,MCH-001-03-01,LINE-001-03,PROD-005,2026-01-21,B,93,76,82.4
PRODREC-0000522,MCH-001-03-01,LINE-001-03,PROD-002,2026-01-21,B,101,87,86.46
PRODREC-0000523,MCH-001-03-01,LINE-001-03,PROD-003,2026-01-22,B,117,98,83.88
PRODREC-0000524,MCH-001-03-01,LINE-001-03,PROD-009,2026-01-22,A,139,121,87.7
PRODREC-0000525,MCH-001-03-01,LINE-001-03,PROD-003,2026-01-23,A,144,123,85.89
PRODREC-0000526,MCH-001-03-01,LINE-001-03,PROD-008,2026-01-23,A,106,91,86.19
PRODREC-0000527,MCH-001-03-01,LINE-001-03,PROD-001,2026-01-24,C,120,115,95.9
PRODREC-0000528,MCH-001-03-01,LINE-001-03,PROD-006,2026-01-24,A,101,84,83.78
PRODREC-0000529,MCH-001-03-01,LINE-001-03,PROD-004,2026-01-25,A,137,122,89.25
PRODREC-0000530,MCH-001-03-01,LINE-001-03,PROD-003,2026-01-25,C,112,100,89.7
PRODREC-0000531,MCH-001-03-01,LINE-001-03,PROD-010,2026-01-26,B,141,119,85.0
PRODREC-0000532,MCH-001-03-01,LINE-001-03,PROD-007,2026-01-26,C,89,84,94.42
PRODREC-0000533,MCH-001-03-01,LINE-001-03,PROD-010,2026-01-27,A,137,117,86.05
PRODREC-0000534,MCH-001-03-01,LINE-001-03,PROD-007,2026-01-27,C,146,135,93.01
PRODREC-0000535,MCH-001-03-01,LINE-001-03,PROD-006,2026-01-28,B,102,79,78.03
PRODREC-0000536,MCH-001-03-01,LINE-001-03,PROD-002,2026-01-28,A,127,108,85.24
PRODREC-0000537,MCH-001-03-01,LINE-001-03,PROD-005,2026-01-29,C,84,74,88.19
PRODREC-0000538,MCH-001-03-01,LINE-001-03,PROD-004,2026-01-29,C,147,131,89.57
PRODREC-0000539,MCH-001-03-01,LINE-001-03,PROD-001,2026-01-30,B,117,103,88.14
PRODREC-0000540,MCH-001-03-01,LINE-001-03,PROD-010,2026-01-30,C,94,77,82.66
PRODREC-0000541,MCH-001-03-02,LINE-001-03,PROD-008,2026-01-01,B,115,111,96.81
PRODREC-0000542,MCH-001-03-02,LINE-001-03,PROD-005,2026-01-01,B,120,115,96.52
PRODREC-0000543,MCH-001-03-02,LINE-001-03,PROD-007,2026-01-02,B,96,92,96.13
PRODREC-0000544,MCH-001-03-02,LINE-001-03,PROD-004,2026-01-02,C,118,114,96.99
PRODREC-0000545,MCH-001-03-02,LINE-001-03,PROD-008,2026-01-03,C,145,137,94.56
PRODREC-0000546,MCH-001-03-02,LINE-001-03,PROD-003,2026-01-03,B,113,106,94.52
PRODREC-0000547,MCH-001-03-02,LINE-001-03,PROD-010,2026-01-04,C,139,133,95.91
PRODREC-0000548,MCH-001-03-02,LINE-001-03,PROD-003,2026-01-04,C,105,99,94.6
PRODREC-0000549,MCH-001-03-02,LINE-001-03,PROD-007,2026-01-05,B,97,93,96.18
PRODREC-0000550,MCH-001-03-02,LINE-001-03,PROD-004,2026-01-05,B,80,74,93.12
PRODREC-0000551,MCH-001-03-02,LINE-001-03,PROD-004,2026-01-06,B,102,96,94.54
PRODREC-0000552,MCH-001-03-02,LINE-001-03,PROD-003,2026-01-06,A,130,119,91.89
PRODREC-0000553,MCH-001-03-02,LINE-001-03,PROD-008,2026-01-07,C,112,104,93.61
PRODREC-0000554,MCH-001-03-02,LINE-001-03,PROD-002,2026-01-07,B,138,125,90.88
PRODREC-0000555,MCH-001-03-02,LINE-001-03,PROD-005,2026-01-08,C,143,118,82.53
PRODREC-0000556,MCH-001-03-02,LINE-001-03,PROD-002,2026-01-08,B,143,132,92.58
PRODREC-0000557,MCH-001-03-02,LINE-001-03,PROD-006,2026-01-09,A,83,81,97.88
PRODREC-0000558,MCH-001-03-02,LINE-001-03,PROD-005,2026-01-09,B,120,112,93.99
PRODREC-0000559,MCH-001-03-02,LINE-001-03,PROD-003,2026-01-10,A,115,97,84.47
PRODREC-0000560,MCH-001-03-02,LINE-001-03,PROD-003,2026-01-10,C,131,122,93.22
PRODREC-0000561,MCH-001-03-02,LINE-001-03,PROD-004,2026-01-11,A,82,77,94.31
PRODREC-0000562,MCH-001-03-02,LINE-001-03,PROD-002,2026-01-11,B,114,106,93.69
PRODREC-0000563,MCH-001-03-02,LINE-001-03,PROD-010,2026-01-12,C,119,114,96.59
PRODREC-0000564,MCH-001-03-02,LINE-001-03,PROD-003,2026-01-12,A,108,104,96.99
PRODREC-0000565,MCH-001-03-02,LINE-001-03,PROD-004,2026-01-13,A,147,130,88.7
PRODREC-0000566,MCH-001-03-02,LINE-001-03,PROD-006,2026-01-13,B,128,122,96.0
PRODREC-0000567,MCH-001-03-02,LINE-001-03,PROD-008,2026-01-14,A,145,129,89.43
PRODREC-0000568,MCH-001-03-02,LINE-001-03,PROD-006,2026-01-14,A,107,94,88.49
PRODREC-0000569,MCH-001-03-02,LINE-001-03,PROD-007,2026-01-15,A,94,82,87.71
PRODREC-0000570,MCH-001-03-02,LINE-001-03,PROD-001,2026-01-15,B,125,118,94.61
PRODREC-0000571,MCH-001-03-02,LINE-001-03,PROD-003,2026-01-16,B,93,55,60.05
PRODREC-0000572,MCH-001-03-02,LINE-001-03,PROD-006,2026-01-16,C,100,51,51.5
PRODREC-0000573,MCH-001-03-02,LINE-001-03,PROD-010,2026-01-17,B,84,82,98.36
PRODREC-0000574,MCH-001-03-02,LINE-001-03,PROD-001,2026-01-17,A,83,77,93.92
PRODREC-0000575,MCH-001-03-02,LINE-001-03,PROD-004,2026-01-18,A,101,95,95.01
PRODREC-0000576,MCH-001-03-02,LINE-001-03,PROD-005,2026-01-18,B,127,118,93.3
PRODREC-0000577,MCH-001-03-02,LINE-001-03,PROD-010,2026-01-19,C,109,100,92.11
PRODREC-0000578,MCH-001-03-02,LINE-001-03,PROD-010,2026-01-19,B,139,122,88.03
PRODREC-0000579,MCH-001-03-02,LINE-001-03,PROD-010,2026-01-20,B,88,81,92.17
PRODREC-0000580,MCH-001-03-02,LINE-001-03,PROD-010,2026-01-20,B,101,98,97.71
PRODREC-0000581,MCH-001-03-02,LINE-001-03,PROD-004,2026-01-21,C,81,80,99.65
PRODREC-0000582,MCH-001-03-02,LINE-001-03,PROD-005,2026-01-21,B,90,89,99.05
PRODREC-0000583,MCH-001-03-02,LINE-001-03,PROD-004,2026-01-22,C,102,92,90.29
PRODREC-0000584,MCH-001-03-02,LINE-001-03,PROD-009,2026-01-22,C,98,98,100.0
PRODREC-0000585,MCH-001-03-02,LINE-001-03,PROD-005,2026-01-23,A,145,145,100.0
PRODREC-0000586,MCH-001-03-02,LINE-001-03,PROD-008,2026-01-23,B,132,113,86.0
PRODREC-0000587,MCH-001-03-02,LINE-001-03,PROD-007,2026-01-24,C,125,113,91.2
PRODREC-0000588,MCH-001-03-02,LINE-001-03,PROD-003,2026-01-24,C,93,87,93.58
PRODREC-0000589,MCH-001-03-02,LINE-001-03,PROD-001,2026-01-25,B,116,103,89.54
PRODREC-0000590,MCH-001-03-02,LINE-001-03,PROD-002,2026-01-25,B,127,109,85.92
PRODREC-0000591,MCH-001-03-02,LINE-001-03,PROD-009,2026-01-26,B,126,120,95.8
PRODREC-0000592,MCH-001-03-02,LINE-001-03,PROD-003,2026-01-26,B,87,84,96.73
PRODREC-0000593,MCH-001-03-02,LINE-001-03,PROD-002,2026-01-27,A,100,89,89.02
PRODREC-0000594,MCH-001-03-02,LINE-001-03,PROD-009,2026-01-27,C,141,126,90.05
PRODREC-0000595,MCH-001-03-02,LINE-001-03,PROD-009,2026-01-28,A,133,124,93.82
PRODREC-0000596,MCH-001-03-02,LINE-001-03,PROD-005,2026-01-28,C,107,102,95.79
PRODREC-0000597,MCH-001-03-02,LINE-001-03,PROD-006,2026-01-29,A,126,109,86.86
PRODREC-0000598,MCH-001-03-02,LINE-001-03,PROD-007,2026-01-29,B,120,114,95.28
PRODREC-0000599,MCH-001-03-02,LINE-001-03,PROD-003,2026-01-30,B,135,120,89.6
PRODREC-0000600,MCH-001-03-02,LINE-001-03,PROD-003,2026-01-30,C,117,113,96.98
PRODREC-0000601,MCH-001-03-03,LINE-001-03,PROD-001,2026-01-01,A,119,113,95.37
PRODREC-0000602,MCH-001-03-03,LINE-001-03,PROD-002,2026-01-01,B,149,149,100.0
PRODREC-0000603,MCH-001-03-03,LINE-001-03,PROD-004,2026-01-02,B,116,108,93.27
PRODREC-0000604,MCH-001-03-03,LINE-001-03,PROD-010,2026-01-02,C,118,106,90.29
PRODREC-0000605,MCH-001-03-03,LINE-001-03,PROD-007,2026-01-03,C,146,146,100.0
PRODREC-0000606,MCH-001-03-03,LINE-001-03,PROD-005,2026-01-03,C,146,146,100.0
PRODREC-0000607,MCH-001-03-03,LINE-001-03,PROD-001,2026-01-04,B,126,126,100.0
PRODREC-0000608,MCH-001-03-03,LINE-001-03,PROD-009,2026-01-04,A,117,112,96.04
PRODREC-0000609,MCH-001-03-03,LINE-001-03,PROD-003,2026-01-05,A,137,137,100.0
PRODREC-0000610,MCH-001-03-03,LINE-001-03,PROD-007,2026-01-05,C,143,143,100.0
PRODREC-0000611,MCH-001-03-03,LINE-001-03,PROD-009,2026-01-06,C,122,122,100.0
PRODREC-0000612,MCH-001-03-03,LINE-001-03,PROD-005,2026-01-06,A,88,81,92.76
PRODREC-0000613,MCH-001-03-03,LINE-001-03,PROD-003,2026-01-07,C,95,95,100.0
PRODREC-0000614,MCH-001-03-03,LINE-001-03,PROD-007,2026-01-07,B,128,128,100.0
PRODREC-0000615,MCH-001-03-03,LINE-001-03,PROD-007,2026-01-08,B,128,128,100.0
PRODREC-0000616,MCH-001-03-03,LINE-001-03,PROD-002,2026-01-08,B,109,108,99.58
PRODREC-0000617,MCH-001-03-03,LINE-001-03,PROD-001,2026-01-09,B,146,146,100.0
PRODREC-0000618,MCH-001-03-03,LINE-001-03,PROD-001,2026-01-09,C,117,115,99.13
PRODREC-0000619,MCH-001-03-03,LINE-001-03,PROD-005,2026-01-10,A,141,141,100.0
PRODREC-0000620,MCH-001-03-03,LINE-001-03,PROD-005,2026-01-10,A,91,89,97.87
PRODREC-0000621,MCH-001-03-03,LINE-001-03,PROD-002,2026-01-11,A,89,89,100.0
PRODREC-0000622,MCH-001-03-03,LINE-001-03,PROD-002,2026-01-11,A,96,86,90.37
PRODREC-0000623,MCH-001-03-03,LINE-001-03,PROD-008,2026-01-12,C,149,139,93.89
PRODREC-0000624,MCH-001-03-03,LINE-001-03,PROD-004,2026-01-12,B,121,112,92.7
PRODREC-0000625,MCH-001-03-03,LINE-001-03,PROD-010,2026-01-13,B,119,119,100.0
PRODREC-0000626,MCH-001-03-03,LINE-001-03,PROD-010,2026-01-13,A,92,92,100.0
PRODREC-0000627,MCH-001-03-03,LINE-001-03,PROD-002,2026-01-14,A,81,81,100.0
PRODREC-0000628,MCH-001-03-03,LINE-001-03,PROD-004,2026-01-14,B,86,86,100.0
PRODREC-0000629,MCH-001-03-03,LINE-001-03,PROD-005,2026-01-15,A,95,95,100.0
PRODREC-0000630,MCH-001-03-03,LINE-001-03,PROD-006,2026-01-15,B,88,84,96.59
PRODREC-0000631,MCH-001-03-03,LINE-001-03,PROD-004,2026-01-16,C,126,125,99.85
PRODREC-0000632,MCH-001-03-03,LINE-001-03,PROD-001,2026-01-16,B,104,104,100.0
PRODREC-0000633,MCH-001-03-03,LINE-001-03,PROD-005,2026-01-17,A,96,95,99.44
PRODREC-0000634,MCH-001-03-03,LINE-001-03,PROD-005,2026-01-17,C,103,95,92.89
PRODREC-0000635,MCH-001-03-03,LINE-001-03,PROD-003,2026-01-18,B,100,97,97.19
PRODREC-0000636,MCH-001-03-03,LINE-001-03,PROD-009,2026-01-18,C,119,117,98.39
PRODREC-0000637,MCH-001-03-03,LINE-001-03,PROD-009,2026-01-19,B,118,118,100.0
PRODREC-0000638,MCH-001-03-03,LINE-001-03,PROD-001,2026-01-19,B,128,128,100.0
PRODREC-0000639,MCH-001-03-03,LINE-001-03,PROD-001,2026-01-20,A,142,142,100.0
PRODREC-0000640,MCH-001-03-03,LINE-001-03,PROD-003,2026-01-20,C,118,118,100.0
PRODREC-0000641,MCH-001-03-03,LINE-001-03,PROD-009,2026-01-21,C,118,67,56.95
PRODREC-0000642,MCH-001-03-03,LINE-001-03,PROD-002,2026-01-21,B,135,67,49.88
PRODREC-0000643,MCH-001-03-03,LINE-001-03,PROD-003,2026-01-22,B,131,126,96.9
PRODREC-0000644,MCH-001-03-03,LINE-001-03,PROD-001,2026-01-22,C,117,117,100.0
PRODREC-0000645,MCH-001-03-03,LINE-001-03,PROD-003,2026-01-23,C,108,108,100.0
PRODREC-0000646,MCH-001-03-03,LINE-001-03,PROD-002,2026-01-23,C,119,106,89.42
PRODREC-0000647,MCH-001-03-03,LINE-001-03,PROD-009,2026-01-24,C,83,81,97.76
PRODREC-0000648,MCH-001-03-03,LINE-001-03,PROD-010,2026-01-24,A,130,130,100.0
PRODREC-0000649,MCH-001-03-03,LINE-001-03,PROD-005,2026-01-25,C,106,104,98.36
PRODREC-0000650,MCH-001-03-03,LINE-001-03,PROD-003,2026-01-25,C,91,90,98.99
PRODREC-0000651,MCH-001-03-03,LINE-001-03,PROD-010,2026-01-26,B,131,123,94.42
PRODREC-0000652,MCH-001-03-03,LINE-001-03,PROD-006,2026-01-26,A,147,147,100.0
PRODREC-0000653,MCH-001-03-03,LINE-001-03,PROD-004,2026-01-27,C,148,148,100.0
PRODREC-0000654,MCH-001-03-03,LINE-001-03,PROD-001,2026-01-27,A,134,130,97.38
PRODREC-0000655,MCH-001-03-03,LINE-001-03,PROD-004,2026-01-28,C,102,95,93.63
PRODREC-0000656,MCH-001-03-03,LINE-001-03,PROD-004,2026-01-28,A,117,116,99.89
PRODREC-0000657,MCH-001-03-03,LINE-001-03,PROD-004,2026-01-29,C,96,91,94.86
PRODREC-0000658,MCH-001-03-03,LINE-001-03,PROD-001,2026-01-29,A,92,79,86.14
PRODREC-0000659,MCH-001-03-03,LINE-001-03,PROD-005,2026-01-30,B,119,116,98.08
PRODREC-0000660,MCH-001-03-03,LINE-001-03,PROD-008,2026-01-30,A,95,92,97.17
PRODREC-0000661,MCH-001-03-04,LINE-001-03,PROD-003,2026-01-01,B,109,105,97.2
PRODREC-0000662,MCH-001-03-04,LINE-001-03,PROD-001,2026-01-01,A,120,116,96.9
PRODREC-0000663,MCH-001-03-04,LINE-001-03,PROD-003,2026-01-02,B,119,113,95.33
PRODREC-0000664,MCH-001-03-04,LINE-001-03,PROD-001,2026-01-02,B,98,87,89.44
PRODREC-0000665,MCH-001-03-04,LINE-001-03,PROD-009,2026-01-03,A,148,139,94.54
PRODREC-0000666,MCH-001-03-04,LINE-001-03,PROD-005,2026-01-03,A,139,129,93.02
PRODREC-0000667,MCH-001-03-04,LINE-001-03,PROD-003,2026-01-04,B,134,128,96.13
PRODREC-0000668,MCH-001-03-04,LINE-001-03,PROD-005,2026-01-04,B,131,122,93.3
PRODREC-0000669,MCH-001-03-04,LINE-001-03,PROD-010,2026-01-05,A,107,95,89.1
PRODREC-0000670,MCH-001-03-04,LINE-001-03,PROD-004,2026-01-05,C,99,96,97.01
PRODREC-0000671,MCH-001-03-04,LINE-001-03,PROD-006,2026-01-06,A,121,109,90.22
PRODREC-0000672,MCH-001-03-04,LINE-001-03,PROD-010,2026-01-06,C,86,81,94.53
PRODREC-0000673,MCH-001-03-04,LINE-001-03,PROD-001,2026-01-07,A,90,79,88.5
PRODREC-0000674,MCH-001-03-04,LINE-001-03,PROD-007,2026-01-07,B,87,84,97.49
PRODREC-0000675,MCH-001-03-04,LINE-001-03,PROD-010,2026-01-08,A,86,51,59.34
PRODREC-0000676,MCH-001-03-04,LINE-001-03,PROD-006,2026-01-08,A,82,53,65.4
PRODREC-0000677,MCH-001-03-04,LINE-001-03,PROD-001,2026-01-09,A,87,80,92.8
PRODREC-0000678,MCH-001-03-04,LINE-001-03,PROD-001,2026-01-09,B,129,123,95.67
PRODREC-0000679,MCH-001-03-04,LINE-001-03,PROD-007,2026-01-10,A,85,71,84.51
PRODREC-0000680,MCH-001-03-04,LINE-001-03,PROD-001,2026-01-10,A,147,147,100.0
PRODREC-0000681,MCH-001-03-04,LINE-001-03,PROD-006,2026-01-11,B,148,128,87.15
PRODREC-0000682,MCH-001-03-04,LINE-001-03,PROD-010,2026-01-11,C,96,91,95.51
PRODREC-0000683,MCH-001-03-04,LINE-001-03,PROD-007,2026-01-12,C,136,133,98.4
PRODREC-0000684,MCH-001-03-04,LINE-001-03,PROD-003,2026-01-12,C,137,127,93.22
PRODREC-0000685,MCH-001-03-04,LINE-001-03,PROD-009,2026-01-13,C,131,131,100.0
PRODREC-0000686,MCH-001-03-04,LINE-001-03,PROD-010,2026-01-13,C,106,95,90.54
PRODREC-0000687,MCH-001-03-04,LINE-001-03,PROD-005,2026-01-14,C,131,128,98.12
PRODREC-0000688,MCH-001-03-04,LINE-001-03,PROD-006,2026-01-14,B,104,104,100.0
PRODREC-0000689,MCH-001-03-04,LINE-001-03,PROD-008,2026-01-15,B,82,44,54.28
PRODREC-0000690,MCH-001-03-04,LINE-001-03,PROD-004,2026-01-15,A,122,79,65.12
PRODREC-0000691,MCH-001-03-04,LINE-001-03,PROD-003,2026-01-16,A,123,113,92.33
PRODREC-0000692,MCH-001-03-04,LINE-001-03,PROD-010,2026-01-16,C,142,125,88.05
PRODREC-0000693,MCH-001-03-04,LINE-001-03,PROD-001,2026-01-17,A,108,99,92.52
PRODREC-0000694,MCH-001-03-04,LINE-001-03,PROD-009,2026-01-17,B,128,125,97.79
PRODREC-0000695,MCH-001-03-04,LINE-001-03,PROD-002,2026-01-18,A,98,87,89.45
PRODREC-0000696,MCH-001-03-04,LINE-001-03,PROD-006,2026-01-18,A,128,111,87.33
PRODREC-0000697,MCH-001-03-04,LINE-001-03,PROD-005,2026-01-19,C,98,96,98.51
PRODREC-0000698,MCH-001-03-04,LINE-001-03,PROD-007,2026-01-19,A,129,128,99.77
PRODREC-0000699,MCH-001-03-04,LINE-001-03,PROD-009,2026-01-20,B,104,98,94.86
PRODREC-0000700,MCH-001-03-04,LINE-001-03,PROD-002,2026-01-20,A,90,85,94.83
PRODREC-0000701,MCH-001-03-04,LINE-001-03,PROD-002,2026-01-21,A,120,69,57.6
PRODREC-0000702,MCH-001-03-04,LINE-001-03,PROD-001,2026-01-21,C,126,73,58.6
PRODREC-0000703,MCH-001-03-04,LINE-001-03,PROD-008,2026-01-22,B,142,142,100.0
PRODREC-0000704,MCH-001-03-04,LINE-001-03,PROD-006,2026-01-22,B,118,115,97.95
PRODREC-0000705,MCH-001-03-04,LINE-001-03,PROD-002,2026-01-23,B,82,81,99.05
PRODREC-0000706,MCH-001-03-04,LINE-001-03,PROD-003,2026-01-23,B,81,78,97.15
PRODREC-0000707,MCH-001-03-04,LINE-001-03,PROD-007,2026-01-24,B,86,86,100.0
PRODREC-0000708,MCH-001-03-04,LINE-001-03,PROD-004,2026-01-24,B,126,107,85.44
PRODREC-0000709,MCH-001-03-04,LINE-001-03,PROD-008,2026-01-25,B,91,74,82.17
PRODREC-0000710,MCH-001-03-04,LINE-001-03,PROD-005,2026-01-25,C,82,82,100.0
PRODREC-0000711,MCH-001-03-04,LINE-001-03,PROD-001,2026-01-26,A,89,83,93.86
PRODREC-0000712,MCH-001-03-04,LINE-001-03,PROD-002,2026-01-26,C,138,134,97.76
PRODREC-0000713,MCH-001-03-04,LINE-001-03,PROD-009,2026-01-27,B,138,125,90.62
PRODREC-0000714,MCH-001-03-04,LINE-001-03,PROD-001,2026-01-27,B,142,142,100.0
PRODREC-0000715,MCH-001-03-04,LINE-001-03,PROD-004,2026-01-28,B,116,104,89.73
PRODREC-0000716,MCH-001-03-04,LINE-001-03,PROD-002,2026-01-28,C,84,78,93.27
PRODREC-0000717,MCH-001-03-04,LINE-001-03,PROD-008,2026-01-29,B,102,100,98.98
PRODREC-0000718,MCH-001-03-04,LINE-001-03,PROD-009,2026-01-29,B,99,83,84.53
PRODREC-0000719,MCH-001-03-04,LINE-001-03,PROD-005,2026-01-30,A,113,99,88.23
PRODREC-0000720,MCH-001-03-04,LINE-001-03,PROD-006,2026-01-30,A,98,94,96.66
PRODREC-0000721,MCH-002-01-01,LINE-002-01,PROD-002,2026-01-01,B,90,86,96.16
PRODREC-0000722,MCH-002-01-01,LINE-002-01,PROD-004,2026-01-01,B,115,94,82.08
PRODREC-0000723,MCH-002-01-01,LINE-002-01,PROD-006,2026-01-02,C,95,88,92.95
PRODREC-0000724,MCH-002-01-01,LINE-002-01,PROD-002,2026-01-02,A,123,99,80.95
PRODREC-0000725,MCH-002-01-01,LINE-002-01,PROD-001,2026-01-03,A,128,114,89.77
PRODREC-0000726,MCH-002-01-01,LINE-002-01,PROD-001,2026-01-03,C,83,77,93.74
PRODREC-0000727,MCH-002-01-01,LINE-002-01,PROD-009,2026-01-04,B,107,98,91.77
PRODREC-0000728,MCH-002-01-01,LINE-002-01,PROD-010,2026-01-04,C,82,70,86.23
PRODREC-0000729,MCH-002-01-01,LINE-002-01,PROD-003,2026-01-05,A,104,88,84.9
PRODREC-0000730,MCH-002-01-01,LINE-002-01,PROD-002,2026-01-05,C,90,87,97.47
PRODREC-0000731,MCH-002-01-01,LINE-002-01,PROD-009,2026-01-06,B,149,136,91.87
PRODREC-0000732,MCH-002-01-01,LINE-002-01,PROD-007,2026-01-06,B,144,123,85.99
PRODREC-0000733,MCH-002-01-01,LINE-002-01,PROD-003,2026-01-07,C,93,84,90.8
PRODREC-0000734,MCH-002-01-01,LINE-002-01,PROD-001,2026-01-07,B,139,130,93.65
PRODREC-0000735,MCH-002-01-01,LINE-002-01,PROD-001,2026-01-08,C,118,118,100.0
PRODREC-0000736,MCH-002-01-01,LINE-002-01,PROD-004,2026-01-08,C,126,106,84.72
PRODREC-0000737,MCH-002-01-01,LINE-002-01,PROD-005,2026-01-09,A,133,70,52.71
PRODREC-0000738,MCH-002-01-01,LINE-002-01,PROD-007,2026-01-09,B,139,67,48.58
PRODREC-0000739,MCH-002-01-01,LINE-002-01,PROD-006,2026-01-10,B,149,118,79.25
PRODREC-0000740,MCH-002-01-01,LINE-002-01,PROD-010,2026-01-10,C,81,70,87.42
PRODREC-0000741,MCH-002-01-01,LINE-002-01,PROD-002,2026-01-11,B,101,95,94.95
PRODREC-0000742,MCH-002-01-01,LINE-002-01,PROD-007,2026-01-11,C,82,63,77.7
PRODREC-0000743,MCH-002-01-01,LINE-002-01,PROD-001,2026-01-12,B,105,95,91.08
PRODREC-0000744,MCH-002-01-01,LINE-002-01,PROD-007,2026-01-12,C,138,124,90.16
PRODREC-0000745,MCH-002-01-01,LINE-002-01,PROD-001,2026-01-13,C,96,88,91.67
PRODREC-0000746,MCH-002-01-01,LINE-002-01,PROD-006,2026-01-13,C,133,132,99.77
PRODREC-0000747,MCH-002-01-01,LINE-002-01,PROD-004,2026-01-14,C,142,79,55.84
PRODREC-0000748,MCH-002-01-01,LINE-002-01,PROD-010,2026-01-14,B,142,67,47.74
PRODREC-0000749,MCH-002-01-01,LINE-002-01,PROD-002,2026-01-15,A,95,78,82.71
PRODREC-0000750,MCH-002-01-01,LINE-002-01,PROD-001,2026-01-15,C,91,78,86.5
PRODREC-0000751,MCH-002-01-01,LINE-002-01,PROD-004,2026-01-16,C,109,98,90.47
PRODREC-0000752,MCH-002-01-01,LINE-002-01,PROD-001,2026-01-16,C,95,87,91.82
PRODREC-0000753,MCH-002-01-01,LINE-002-01,PROD-004,2026-01-17,C,135,128,94.91
PRODREC-0000754,MCH-002-01-01,LINE-002-01,PROD-002,2026-01-17,B,114,97,85.76
PRODREC-0000755,MCH-002-01-01,LINE-002-01,PROD-010,2026-01-18,A,100,81,81.57
PRODREC-0000756,MCH-002-01-01,LINE-002-01,PROD-007,2026-01-18,B,82,76,93.72
PRODREC-0000757,MCH-002-01-01,LINE-002-01,PROD-002,2026-01-19,B,113,100,89.11
PRODREC-0000758,MCH-002-01-01,LINE-002-01,PROD-008,2026-01-19,C,118,104,88.14
PRODREC-0000759,MCH-002-01-01,LINE-002-01,PROD-006,2026-01-20,C,117,108,92.87
PRODREC-0000760,MCH-002-01-01,LINE-002-01,PROD-009,2026-01-20,B,129,107,83.33
PRODREC-0000761,MCH-002-01-01,LINE-002-01,PROD-009,2026-01-21,C,92,85,93.26
PRODREC-0000762,MCH-002-01-01,LINE-002-01,PROD-003,2026-01-21,B,88,77,88.47
PRODREC-0000763,MCH-002-01-01,LINE-002-01,PROD-007,2026-01-22,C,106,89,83.98
PRODREC-0000764,MCH-002-01-01,LINE-002-01,PROD-008,2026-01-22,A,120,104,87.27
PRODREC-0000765,MCH-002-01-01,LINE-002-01,PROD-002,2026-01-23,B,100,83,83.86
PRODREC-0000766,MCH-002-01-01,LINE-002-01,PROD-005,2026-01-23,C,120,115,96.52
PRODREC-0000767,MCH-002-01-01,LINE-002-01,PROD-010,2026-01-24,B,147,130,88.69
PRODREC-0000768,MCH-002-01-01,LINE-002-01,PROD-006,2026-01-24,A,135,126,93.42
PRODREC-0000769,MCH-002-01-01,LINE-002-01,PROD-010,2026-01-25,B,87,82,95.05
PRODREC-0000770,MCH-002-01-01,LINE-002-01,PROD-005,2026-01-25,A,132,119,90.48
PRODREC-0000771,MCH-002-01-01,LINE-002-01,PROD-004,2026-01-26,B,83,75,91.27
PRODREC-0000772,MCH-002-01-01,LINE-002-01,PROD-006,2026-01-26,B,96,89,92.78
PRODREC-0000773,MCH-002-01-01,LINE-002-01,PROD-003,2026-01-27,C,119,98,82.44
PRODREC-0000774,MCH-002-01-01,LINE-002-01,PROD-005,2026-01-27,B,93,82,89.01
PRODREC-0000775,MCH-002-01-01,LINE-002-01,PROD-003,2026-01-28,B,84,73,87.89
PRODREC-0000776,MCH-002-01-01,LINE-002-01,PROD-001,2026-01-28,C,135,130,96.75
PRODREC-0000777,MCH-002-01-01,LINE-002-01,PROD-007,2026-01-29,A,135,127,94.58
PRODREC-0000778,MCH-002-01-01,LINE-002-01,PROD-006,2026-01-29,B,141,140,99.7
PRODREC-0000779,MCH-002-01-01,LINE-002-01,PROD-004,2026-01-30,C,149,142,95.42
PRODREC-0000780,MCH-002-01-01,LINE-002-01,PROD-002,2026-01-30,C,143,123,86.39
PRODREC-0000781,MCH-002-01-02,LINE-002-01,PROD-004,2026-01-01,B,98,84,86.11
PRODREC-0000782,MCH-002-01-02,LINE-002-01,PROD-007,2026-01-01,C,134,109,81.88
PRODREC-0000783,MCH-002-01-02,LINE-002-01,PROD-008,2026-01-02,C,148,121,82.0
PRODREC-0000784,MCH-002-01-02,LINE-002-01,PROD-006,2026-01-02,B,147,128,87.35
PRODREC-0000785,MCH-002-01-02,LINE-002-01,PROD-005,2026-01-03,A,147,135,91.88
PRODREC-0000786,MCH-002-01-02,LINE-002-01,PROD-008,2026-01-03,A,85,81,95.97
PRODREC-0000787,MCH-002-01-02,LINE-002-01,PROD-003,2026-01-04,C,109,93,86.05
PRODREC-0000788,MCH-002-01-02,LINE-002-01,PROD-010,2026-01-04,A,108,88,81.5
PRODREC-0000789,MCH-002-01-02,LINE-002-01,PROD-005,2026-01-05,A,83,75,90.72
PRODREC-0000790,MCH-002-01-02,LINE-002-01,PROD-001,2026-01-05,C,128,108,84.48
PRODREC-0000791,MCH-002-01-02,LINE-002-01,PROD-001,2026-01-06,C,118,109,92.72
PRODREC-0000792,MCH-002-01-02,LINE-002-01,PROD-001,2026-01-06,C,91,82,90.37
PRODREC-0000793,MCH-002-01-02,LINE-002-01,PROD-008,2026-01-07,B,83,77,93.72
PRODREC-0000794,MCH-002-01-02,LINE-002-01,PROD-007,2026-01-07,A,125,109,87.47
PRODREC-0000795,MCH-002-01-02,LINE-002-01,PROD-009,2026-01-08,C,120,103,86.14
PRODREC-0000796,MCH-002-01-02,LINE-002-01,PROD-005,2026-01-08,C,138,126,91.6
PRODREC-0000797,MCH-002-01-02,LINE-002-01,PROD-009,2026-01-09,B,92,73,79.7
PRODREC-0000798,MCH-002-01-02,LINE-002-01,PROD-002,2026-01-09,B,80,69,86.46
PRODREC-0000799,MCH-002-01-02,LINE-002-01,PROD-005,2026-01-10,A,132,109,83.31
PRODREC-0000800,MCH-002-01-02,LINE-002-01,PROD-010,2026-01-10,A,118,111,94.27
PRODREC-0000801,MCH-002-01-02,LINE-002-01,PROD-008,2026-01-11,A,96,91,94.98
PRODREC-0000802,MCH-002-01-02,LINE-002-01,PROD-005,2026-01-11,A,83,74,90.14
PRODREC-0000803,MCH-002-01-02,LINE-002-01,PROD-007,2026-01-12,B,140,127,91.05
PRODREC-0000804,MCH-002-01-02,LINE-002-01,PROD-010,2026-01-12,C,135,113,84.09
PRODREC-0000805,MCH-002-01-02,LINE-002-01,PROD-010,2026-01-13,C,119,104,87.6
PRODREC-0000806,MCH-002-01-02,LINE-002-01,PROD-002,2026-01-13,A,145,138,95.64
PRODREC-0000807,MCH-002-01-02,LINE-002-01,PROD-010,2026-01-14,A,95,87,92.2
PRODREC-0000808,MCH-002-01-02,LINE-002-01,PROD-002,2026-01-14,A,83,70,84.65
PRODREC-0000809,MCH-002-01-02,LINE-002-01,PROD-002,2026-01-15,B,136,117,86.16
PRODREC-0000810,MCH-002-01-02,LINE-002-01,PROD-009,2026-01-15,A,95,86,91.17
PRODREC-0000811,MCH-002-01-02,LINE-002-01,PROD-009,2026-01-16,B,109,87,80.18
PRODREC-0000812,MCH-002-01-02,LINE-002-01,PROD-007,2026-01-16,C,143,114,79.88
PRODREC-0000813,MCH-002-01-02,LINE-002-01,PROD-010,2026-01-17,B,130,118,91.43
PRODREC-0000814,MCH-002-01-02,LINE-002-01,PROD-007,2026-01-17,A,144,118,82.19
PRODREC-0000815,MCH-002-01-02,LINE-002-01,PROD-005,2026-01-18,B,118,97,82.91
PRODREC-0000816,MCH-002-01-02,LINE-002-01,PROD-010,2026-01-18,B,134,112,83.75
PRODREC-0000817,MCH-002-01-02,LINE-002-01,PROD-008,2026-01-19,B,139,109,79.1
PRODREC-0000818,MCH-002-01-02,LINE-002-01,PROD-007,2026-01-19,A,106,87,82.15
PRODREC-0000819,MCH-002-01-02,LINE-002-01,PROD-003,2026-01-20,B,101,80,79.89
PRODREC-0000820,MCH-002-01-02,LINE-002-01,PROD-001,2026-01-20,C,142,126,89.4
PRODREC-0000821,MCH-002-01-02,LINE-002-01,PROD-008,2026-01-21,C,83,75,90.91
PRODREC-0000822,MCH-002-01-02,LINE-002-01,PROD-008,2026-01-21,A,83,62,75.35
PRODREC-0000823,MCH-002-01-02,LINE-002-01,PROD-003,2026-01-22,A,139,116,83.67
PRODREC-0000824,MCH-002-01-02,LINE-002-01,PROD-005,2026-01-22,A,110,94,85.55
PRODREC-0000825,MCH-002-01-02,LINE-002-01,PROD-007,2026-01-23,C,134,132,98.65
PRODREC-0000826,MCH-002-01-02,LINE-002-01,PROD-002,2026-01-23,A,136,119,87.85
PRODREC-0000827,MCH-002-01-02,LINE-002-01,PROD-009,2026-01-24,B,134,110,82.25
PRODREC-0000828,MCH-002-01-02,LINE-002-01,PROD-002,2026-01-24,B,143,122,85.71
PRODREC-0000829,MCH-002-01-02,LINE-002-01,PROD-003,2026-01-25,B,147,117,80.2
PRODREC-0000830,MCH-002-01-02,LINE-002-01,PROD-001,2026-01-25,B,86,65,75.76
PRODREC-0000831,MCH-002-01-02,LINE-002-01,PROD-008,2026-01-26,B,125,102,82.12
PRODREC-0000832,MCH-002-01-02,LINE-002-01,PROD-009,2026-01-26,B,102,94,92.16
PRODREC-0000833,MCH-002-01-02,LINE-002-01,PROD-002,2026-01-27,C,101,83,82.36
PRODREC-0000834,MCH-002-01-02,LINE-002-01,PROD-008,2026-01-27,B,142,128,90.25
PRODREC-0000835,MCH-002-01-02,LINE-002-01,PROD-001,2026-01-28,B,86,71,82.8
PRODREC-0000836,MCH-002-01-02,LINE-002-01,PROD-006,2026-01-28,A,96,82,85.56
PRODREC-0000837,MCH-002-01-02,LINE-002-01,PROD-001,2026-01-29,C,140,127,91.33
PRODREC-0000838,MCH-002-01-02,LINE-002-01,PROD-007,2026-01-29,B,148,122,82.81
PRODREC-0000839,MCH-002-01-02,LINE-002-01,PROD-001,2026-01-30,C,81,73,90.41
PRODREC-0000840,MCH-002-01-02,LINE-002-01,PROD-001,2026-01-30,A,117,109,93.32
PRODREC-0000841,MCH-002-01-03,LINE-002-01,PROD-007,2026-01-01,B,129,123,95.6
PRODREC-0000842,MCH-002-01-03,LINE-002-01,PROD-008,2026-01-01,B,93,84,90.96
PRODREC-0000843,MCH-002-01-03,LINE-002-01,PROD-010,2026-01-02,C,122,113,93.38
PRODREC-0000844,MCH-002-01-03,LINE-002-01,PROD-009,2026-01-02,C,144,138,96.06
PRODREC-0000845,MCH-002-01-03,LINE-002-01,PROD-001,2026-01-03,C,148,146,98.84
PRODREC-0000846,MCH-002-01-03,LINE-002-01,PROD-009,2026-01-03,C,136,136,100.0
PRODREC-0000847,MCH-002-01-03,LINE-002-01,PROD-006,2026-01-04,A,136,132,97.25
PRODREC-0000848,MCH-002-01-03,LINE-002-01,PROD-002,2026-01-04,A,80,80,100.0
PRODREC-0000849,MCH-002-01-03,LINE-002-01,PROD-002,2026-01-05,C,118,114,97.23
PRODREC-0000850,MCH-002-01-03,LINE-002-01,PROD-009,2026-01-05,B,148,134,90.99
PRODREC-0000851,MCH-002-01-03,LINE-002-01,PROD-008,2026-01-06,A,106,106,100.0
PRODREC-0000852,MCH-002-01-03,LINE-002-01,PROD-006,2026-01-06,C,116,108,93.94
PRODREC-0000853,MCH-002-01-03,LINE-002-01,PROD-009,2026-01-07,A,85,77,91.45
PRODREC-0000854,MCH-002-01-03,LINE-002-01,PROD-002,2026-01-07,C,85,83,98.46
PRODREC-0000855,MCH-002-01-03,LINE-002-01,PROD-003,2026-01-08,B,144,128,89.06
PRODREC-0000856,MCH-002-01-03,LINE-002-01,PROD-009,2026-01-08,B,85,78,91.92
PRODREC-0000857,MCH-002-01-03,LINE-002-01,PROD-007,2026-01-09,B,95,82,86.99
PRODREC-0000858,MCH-002-01-03,LINE-002-01,PROD-010,2026-01-09,B,115,102,89.54
PRODREC-0000859,MCH-002-01-03,LINE-002-01,PROD-007,2026-01-10,B,133,118,89.43
PRODREC-0000860,MCH-002-01-03,LINE-002-01,PROD-008,2026-01-10,B,143,135,94.44
PRODREC-0000861,MCH-002-01-03,LINE-002-01,PROD-006,2026-01-11,C,98,87,89.7
PRODREC-0000862,MCH-002-01-03,LINE-002-01,PROD-001,2026-01-11,A,127,118,93.63
PRODREC-0000863,MCH-002-01-03,LINE-002-01,PROD-008,2026-01-12,A,82,75,92.59
PRODREC-0000864,MCH-002-01-03,LINE-002-01,PROD-001,2026-01-12,A,81,80,99.32
PRODREC-0000865,MCH-002-01-03,LINE-002-01,PROD-005,2026-01-13,B,130,123,95.16
PRODREC-0000866,MCH-002-01-03,LINE-002-01,PROD-001,2026-01-13,B,137,131,95.7
PRODREC-0000867,MCH-002-01-03,LINE-002-01,PROD-004,2026-01-14,A,96,96,100.0
PRODREC-0000868,MCH-002-01-03,LINE-002-01,PROD-002,2026-01-14,B,112,112,100.0
PRODREC-0000869,MCH-002-01-03,LINE-002-01,PROD-003,2026-01-15,A,120,113,94.75
PRODREC-0000870,MCH-002-01-03,LINE-002-01,PROD-005,2026-01-15,B,97,90,93.37
PRODREC-0000871,MCH-002-01-03,LINE-002-01,PROD-002,2026-01-16,B,103,103,100.0
PRODREC-0000872,MCH-002-01-03,LINE-002-01,PROD-001,2026-01-16,B,130,127,97.73
PRODREC-0000873,MCH-002-01-03,LINE-002-01,PROD-003,2026-01-17,C,117,113,96.79
PRODREC-0000874,MCH-002-01-03,LINE-002-01,PROD-007,2026-01-17,C,109,107,98.28
PRODREC-0000875,MCH-002-01-03,LINE-002-01,PROD-002,2026-01-18,B,107,99,93.02
PRODREC-0000876,MCH-002-01-03,LINE-002-01,PROD-007,2026-01-18,C,126,121,96.53
PRODREC-0000877,MCH-002-01-03,LINE-002-01,PROD-007,2026-01-19,C,130,123,95.02
PRODREC-0000878,MCH-002-01-03,LINE-002-01,PROD-010,2026-01-19,C,102,102,100.0
PRODREC-0000879,MCH-002-01-03,LINE-002-01,PROD-007,2026-01-20,B,100,97,97.59
PRODREC-0000880,MCH-002-01-03,LINE-002-01,PROD-002,2026-01-20,A,101,96,95.86
PRODREC-0000881,MCH-002-01-03,LINE-002-01,PROD-001,2026-01-21,A,94,91,97.39
PRODREC-0000882,MCH-002-01-03,LINE-002-01,PROD-001,2026-01-21,B,92,92,100.0
PRODREC-0000883,MCH-002-01-03,LINE-002-01,PROD-010,2026-01-22,A,105,95,91.23
PRODREC-0000884,MCH-002-01-03,LINE-002-01,PROD-008,2026-01-22,B,132,125,94.92
PRODREC-0000885,MCH-002-01-03,LINE-002-01,PROD-004,2026-01-23,C,145,138,95.53
PRODREC-0000886,MCH-002-01-03,LINE-002-01,PROD-010,2026-01-23,C,147,140,95.82
PRODREC-0000887,MCH-002-01-03,LINE-002-01,PROD-001,2026-01-24,C,134,126,94.48
PRODREC-0000888,MCH-002-01-03,LINE-002-01,PROD-005,2026-01-24,A,110,94,85.83
PRODREC-0000889,MCH-002-01-03,LINE-002-01,PROD-005,2026-01-25,A,98,98,100.0
PRODREC-0000890,MCH-002-01-03,LINE-002-01,PROD-008,2026-01-25,B,94,80,85.45
PRODREC-0000891,MCH-002-01-03,LINE-002-01,PROD-003,2026-01-26,B,134,134,100.0
PRODREC-0000892,MCH-002-01-03,LINE-002-01,PROD-001,2026-01-26,C,111,104,94.26
PRODREC-0000893,MCH-002-01-03,LINE-002-01,PROD-003,2026-01-27,C,115,104,90.47
PRODREC-0000894,MCH-002-01-03,LINE-002-01,PROD-003,2026-01-27,A,126,116,92.65
PRODREC-0000895,MCH-002-01-03,LINE-002-01,PROD-008,2026-01-28,A,108,100,93.26
PRODREC-0000896,MCH-002-01-03,LINE-002-01,PROD-004,2026-01-28,C,117,111,95.23
PRODREC-0000897,MCH-002-01-03,LINE-002-01,PROD-007,2026-01-29,B,130,126,97.0
PRODREC-0000898,MCH-002-01-03,LINE-002-01,PROD-008,2026-01-29,B,109,90,83.33
PRODREC-0000899,MCH-002-01-03,LINE-002-01,PROD-003,2026-01-30,C,101,97,97.01
PRODREC-0000900,MCH-002-01-03,LINE-002-01,PROD-002,2026-01-30,A,144,132,91.76
PRODREC-0000901,MCH-002-01-04,LINE-002-01,PROD-003,2026-01-01,A,134,123,91.8
PRODREC-0000902,MCH-002-01-04,LINE-002-01,PROD-002,2026-01-01,B,131,118,90.09
PRODREC-0000903,MCH-002-01-04,LINE-002-01,PROD-008,2026-01-02,B,104,98,94.51
PRODREC-0000904,MCH-002-01-04,LINE-002-01,PROD-001,2026-01-02,A,113,98,87.32
PRODREC-0000905,MCH-002-01-04,LINE-002-01,PROD-007,2026-01-03,A,148,136,92.39
PRODREC-0000906,MCH-002-01-04,LINE-002-01,PROD-002,2026-01-03,B,88,78,89.26
PRODREC-0000907,MCH-002-01-04,LINE-002-01,PROD-008,2026-01-04,A,113,108,95.95
PRODREC-0000908,MCH-002-01-04,LINE-002-01,PROD-005,2026-01-04,C,115,103,90.43
PRODREC-0000909,MCH-002-01-04,LINE-002-01,PROD-003,2026-01-05,C,131,123,94.55
PRODREC-0000910,MCH-002-01-04,LINE-002-01,PROD-009,2026-01-05,B,91,79,87.4
PRODREC-0000911,MCH-002-01-04,LINE-002-01,PROD-006,2026-01-06,A,119,116,97.63
PRODREC-0000912,MCH-002-01-04,LINE-002-01,PROD-007,2026-01-06,B,102,94,92.87
PRODREC-0000913,MCH-002-01-04,LINE-002-01,PROD-006,2026-01-07,B,93,87,93.64
PRODREC-0000914,MCH-002-01-04,LINE-002-01,PROD-009,2026-01-07,C,93,87,94.04
PRODREC-0000915,MCH-002-01-04,LINE-002-01,PROD-009,2026-01-08,A,133,122,92.4
PRODREC-0000916,MCH-002-01-04,LINE-002-01,PROD-004,2026-01-08,B,93,84,91.09
PRODREC-0000917,MCH-002-01-04,LINE-002-01,PROD-001,2026-01-09,A,115,104,90.94
PRODREC-0000918,MCH-002-01-04,LINE-002-01,PROD-006,2026-01-09,B,109,98,90.35
PRODREC-0000919,MCH-002-01-04,LINE-002-01,PROD-001,2026-01-10,A,131,125,95.81
PRODREC-0000920,MCH-002-01-04,LINE-002-01,PROD-005,2026-01-10,C,105,97,92.4
PRODREC-0000921,MCH-002-01-04,LINE-002-01,PROD-008,2026-01-11,A,81,70,86.56
PRODREC-0000922,MCH-002-01-04,LINE-002-01,PROD-005,2026-01-11,C,135,131,97.75
PRODREC-0000923,MCH-002-01-04,LINE-002-01,PROD-002,2026-01-12,B,122,109,90.11
PRODREC-0000924,MCH-002-01-04,LINE-002-01,PROD-004,2026-01-12,C,120,120,100.0
PRODREC-0000925,MCH-002-01-04,LINE-002-01,PROD-008,2026-01-13,A,137,126,92.61
PRODREC-0000926,MCH-002-01-04,LINE-002-01,PROD-004,2026-01-13,C,108,95,88.86
PRODREC-0000927,MCH-002-01-04,LINE-002-01,PROD-008,2026-01-14,C,103,94,91.88
PRODREC-0000928,MCH-002-01-04,LINE-002-01,PROD-008,2026-01-14,C,82,76,93.9
PRODREC-0000929,MCH-002-01-04,LINE-002-01,PROD-003,2026-01-15,C,142,134,94.58
PRODREC-0000930,MCH-002-01-04,LINE-002-01,PROD-009,2026-01-15,C,96,86,90.36
PRODREC-0000931,MCH-002-01-04,LINE-002-01,PROD-007,2026-01-16,A,138,117,85.14
PRODREC-0000932,MCH-002-01-04,LINE-002-01,PROD-004,2026-01-16,A,148,127,85.95
PRODREC-0000933,MCH-002-01-04,LINE-002-01,PROD-002,2026-01-17,B,146,137,93.99
PRODREC-0000934,MCH-002-01-04,LINE-002-01,PROD-001,2026-01-17,A,134,120,90.1
PRODREC-0000935,MCH-002-01-04,LINE-002-01,PROD-001,2026-01-18,B,118,102,86.68
PRODREC-0000936,MCH-002-01-04,LINE-002-01,PROD-010,2026-01-18,B,114,106,93.37
PRODREC-0000937,MCH-002-01-04,LINE-002-01,PROD-002,2026-01-19,C,88,79,90.9
PRODREC-0000938,MCH-002-01-04,LINE-002-01,PROD-009,2026-01-19,B,124,118,95.77
PRODREC-0000939,MCH-002-01-04,LINE-002-01,PROD-006,2026-01-20,A,126,110,87.88
PRODREC-0000940,MCH-002-01-04,LINE-002-01,PROD-002,2026-01-20,B,90,85,94.63
PRODREC-0000941,MCH-002-01-04,LINE-002-01,PROD-003,2026-01-21,B,89,83,93.51
PRODREC-0000942,MCH-002-01-04,LINE-002-01,PROD-001,2026-01-21,C,88,82,93.78
PRODREC-0000943,MCH-002-01-04,LINE-002-01,PROD-008,2026-01-22,B,98,54,55.32
PRODREC-0000944,MCH-002-01-04,LINE-002-01,PROD-005,2026-01-22,B,146,98,67.3
PRODREC-0000945,MCH-002-01-04,LINE-002-01,PROD-008,2026-01-23,A,127,116,91.43
PRODREC-0000946,MCH-002-01-04,LINE-002-01,PROD-008,2026-01-23,A,143,142,99.71
PRODREC-0000947,MCH-002-01-04,LINE-002-01,PROD-007,2026-01-24,B,142,127,89.92
PRODREC-0000948,MCH-002-01-04,LINE-002-01,PROD-002,2026-01-24,A,140,123,88.27
PRODREC-0000949,MCH-002-01-04,LINE-002-01,PROD-002,2026-01-25,C,143,127,89.21
PRODREC-0000950,MCH-002-01-04,LINE-002-01,PROD-006,2026-01-25,C,140,130,92.95
PRODREC-0000951,MCH-002-01-04,LINE-002-01,PROD-005,2026-01-26,B,80,78,98.14
PRODREC-0000952,MCH-002-01-04,LINE-002-01,PROD-002,2026-01-26,A,80,79,98.84
PRODREC-0000953,MCH-002-01-04,LINE-002-01,PROD-009,2026-01-27,A,88,80,91.71
PRODREC-0000954,MCH-002-01-04,LINE-002-01,PROD-001,2026-01-27,A,138,126,91.68
PRODREC-0000955,MCH-002-01-04,LINE-002-01,PROD-009,2026-01-28,A,108,98,90.83
PRODREC-0000956,MCH-002-01-04,LINE-002-01,PROD-007,2026-01-28,B,120,113,94.86
PRODREC-0000957,MCH-002-01-04,LINE-002-01,PROD-006,2026-01-29,A,134,134,100.0
PRODREC-0000958,MCH-002-01-04,LINE-002-01,PROD-001,2026-01-29,C,125,115,92.41
PRODREC-0000959,MCH-002-01-04,LINE-002-01,PROD-002,2026-01-30,B,149,141,94.69
PRODREC-0000960,MCH-002-01-04,LINE-002-01,PROD-005,2026-01-30,B,88,85,97.19
PRODREC-0000961,MCH-002-02-01,LINE-002-02,PROD-002,2026-01-01,A,105,93,89.33
PRODREC-0000962,MCH-002-02-01,LINE-002-02,PROD-003,2026-01-01,B,137,125,91.83
PRODREC-0000963,MCH-002-02-01,LINE-002-02,PROD-004,2026-01-02,C,104,97,94.07
PRODREC-0000964,MCH-002-02-01,LINE-002-02,PROD-003,2026-01-02,A,144,131,91.63
PRODREC-0000965,MCH-002-02-01,LINE-002-02,PROD-005,2026-01-03,B,99,94,95.71
PRODREC-0000966,MCH-002-02-01,LINE-002-02,PROD-004,2026-01-03,B,134,122,91.16
PRODREC-0000967,MCH-002-02-01,LINE-002-02,PROD-001,2026-01-04,A,112,108,96.51
PRODREC-0000968,MCH-002-02-01,LINE-002-02,PROD-010,2026-01-04,A,96,86,89.68
PRODREC-0000969,MCH-002-02-01,LINE-002-02,PROD-001,2026-01-05,B,114,70,61.71
PRODREC-0000970,MCH-002-02-01,LINE-002-02,PROD-010,2026-01-05,A,131,72,55.55
PRODREC-0000971,MCH-002-02-01,LINE-002-02,PROD-002,2026-01-06,A,135,118,88.11
PRODREC-0000972,MCH-002-02-01,LINE-002-02,PROD-006,2026-01-06,C,124,124,100.0
PRODREC-0000973,MCH-002-02-01,LINE-002-02,PROD-010,2026-01-07,C,147,147,100.0
PRODREC-0000974,MCH-002-02-01,LINE-002-02,PROD-010,2026-01-07,C,83,83,100.0
PRODREC-0000975,MCH-002-02-01,LINE-002-02,PROD-008,2026-01-08,A,141,133,94.56
PRODREC-0000976,MCH-002-02-01,LINE-002-02,PROD-006,2026-01-08,A,135,120,89.52
PRODREC-0000977,MCH-002-02-01,LINE-002-02,PROD-002,2026-01-09,B,127,106,84.01
PRODREC-0000978,MCH-002-02-01,LINE-002-02,PROD-003,2026-01-09,A,117,105,90.01
PRODREC-0000979,MCH-002-02-01,LINE-002-02,PROD-009,2026-01-10,C,81,70,87.6
PRODREC-0000980,MCH-002-02-01,LINE-002-02,PROD-006,2026-01-10,B,112,105,93.94
PRODREC-0000981,MCH-002-02-01,LINE-002-02,PROD-002,2026-01-11,C,123,117,95.32
PRODREC-0000982,MCH-002-02-01,LINE-002-02,PROD-001,2026-01-11,B,136,122,89.94
PRODREC-0000983,MCH-002-02-01,LINE-002-02,PROD-004,2026-01-12,B,83,68,82.5
PRODREC-0000984,MCH-002-02-01,LINE-002-02,PROD-003,2026-01-12,B,116,107,92.26
PRODREC-0000985,MCH-002-02-01,LINE-002-02,PROD-004,2026-01-13,A,120,110,92.39
PRODREC-0000986,MCH-002-02-01,LINE-002-02,PROD-003,2026-01-13,B,123,116,94.72
PRODREC-0000987,MCH-002-02-01,LINE-002-02,PROD-008,2026-01-14,B,135,125,92.99
PRODREC-0000988,MCH-002-02-01,LINE-002-02,PROD-008,2026-01-14,C,115,108,93.93
PRODREC-0000989,MCH-002-02-01,LINE-002-02,PROD-003,2026-01-15,A,140,111,79.99
PRODREC-0000990,MCH-002-02-01,LINE-002-02,PROD-001,2026-01-15,B,130,104,80.64
PRODREC-0000991,MCH-002-02-01,LINE-002-02,PROD-008,2026-01-16,A,128,118,92.89
PRODREC-0000992,MCH-002-02-01,LINE-002-02,PROD-003,2026-01-16,B,105,99,94.48
PRODREC-0000993,MCH-002-02-01,LINE-002-02,PROD-009,2026-01-17,A,95,86,91.41
PRODREC-0000994,MCH-002-02-01,LINE-002-02,PROD-005,2026-01-17,C,107,107,100.0
PRODREC-0000995,MCH-002-02-01,LINE-002-02,PROD-004,2026-01-18,B,111,111,100.0
PRODREC-0000996,MCH-002-02-01,LINE-002-02,PROD-008,2026-01-18,C,126,115,91.77
PRODREC-0000997,MCH-002-02-01,LINE-002-02,PROD-009,2026-01-19,A,111,75,67.63
PRODREC-0000998,MCH-002-02-01,LINE-002-02,PROD-008,2026-01-19,C,147,96,65.83
PRODREC-0000999,MCH-002-02-01,LINE-002-02,PROD-008,2026-01-20,C,148,137,92.94
PRODREC-0001000,MCH-002-02-01,LINE-002-02,PROD-006,2026-01-20,A,90,79,88.56
PRODREC-0001001,MCH-002-02-01,LINE-002-02,PROD-009,2026-01-21,C,144,132,91.7
PRODREC-0001002,MCH-002-02-01,LINE-002-02,PROD-002,2026-01-21,B,142,138,97.2
PRODREC-0001003,MCH-002-02-01,LINE-002-02,PROD-008,2026-01-22,C,126,111,88.71
PRODREC-0001004,MCH-002-02-01,LINE-002-02,PROD-002,2026-01-22,A,139,121,87.53
PRODREC-0001005,MCH-002-02-01,LINE-002-02,PROD-002,2026-01-23,B,100,97,97.46
PRODREC-0001006,MCH-002-02-01,LINE-002-02,PROD-005,2026-01-23,B,132,121,92.24
PRODREC-0001007,MCH-002-02-01,LINE-002-02,PROD-008,2026-01-24,B,149,137,92.26
PRODREC-0001008,MCH-002-02-01,LINE-002-02,PROD-007,2026-01-24,A,106,99,94.25
PRODREC-0001009,MCH-002-02-01,LINE-002-02,PROD-003,2026-01-25,A,89,79,89.56
PRODREC-0001010,MCH-002-02-01,LINE-002-02,PROD-004,2026-01-25,B,118,109,92.55
PRODREC-0001011,MCH-002-02-01,LINE-002-02,PROD-010,2026-01-26,C,99,88,89.76
PRODREC-0001012,MCH-002-02-01,LINE-002-02,PROD-001,2026-01-26,B,136,122,90.21
PRODREC-0001013,MCH-002-02-01,LINE-002-02,PROD-005,2026-01-27,A,147,122,83.07
PRODREC-0001014,MCH-002-02-01,LINE-002-02,PROD-009,2026-01-27,C,118,104,88.52
PRODREC-0001015,MCH-002-02-01,LINE-002-02,PROD-005,2026-01-28,C,147,125,85.71
PRODREC-0001016,MCH-002-02-01,LINE-002-02,PROD-002,2026-01-28,C,141,134,95.66
PRODREC-0001017,MCH-002-02-01,LINE-002-02,PROD-008,2026-01-29,C,137,131,95.86
PRODREC-0001018,MCH-002-02-01,LINE-002-02,PROD-004,2026-01-29,A,135,129,96.14
PRODREC-0001019,MCH-002-02-01,LINE-002-02,PROD-002,2026-01-30,B,148,146,99.02
PRODREC-0001020,MCH-002-02-01,LINE-002-02,PROD-005,2026-01-30,B,94,83,88.48
PRODREC-0001021,MCH-002-02-02,LINE-002-02,PROD-007,2026-01-01,A,105,85,81.72
PRODREC-0001022,MCH-002-02-02,LINE-002-02,PROD-003,2026-01-01,B,106,92,86.81
PRODREC-0001023,MCH-002-02-02,LINE-002-02,PROD-005,2026-01-02,A,111,82,74.55
PRODREC-0001024,MCH-002-02-02,LINE-002-02,PROD-004,2026-01-02,B,130,123,95.36
PRODREC-0001025,MCH-002-02-02,LINE-002-02,PROD-006,2026-01-03,A,130,116,89.89
PRODREC-0001026,MCH-002-02-02,LINE-002-02,PROD-002,2026-01-03,C,107,94,88.73
PRODREC-0001027,MCH-002-02-02,LINE-002-02,PROD-004,2026-01-04,C,92,82,89.77
PRODREC-0001028,MCH-002-02-02,LINE-002-02,PROD-007,2026-01-04,C,143,124,86.9
PRODREC-0001029,MCH-002-02-02,LINE-002-02,PROD-004,2026-01-05,C,121,101,83.83
PRODREC-0001030,MCH-002-02-02,LINE-002-02,PROD-010,2026-01-05,C,95,84,89.19
PRODREC-0001031,MCH-002-02-02,LINE-002-02,PROD-002,2026-01-06,A,114,101,89.1
PRODREC-0001032,MCH-002-02-02,LINE-002-02,PROD-008,2026-01-06,A,119,101,85.69
PRODREC-0001033,MCH-002-02-02,LINE-002-02,PROD-010,2026-01-07,C,80,71,89.3
PRODREC-0001034,MCH-002-02-02,LINE-002-02,PROD-001,2026-01-07,B,143,126,88.56
PRODREC-0001035,MCH-002-02-02,LINE-002-02,PROD-006,2026-01-08,C,113,95,84.81
PRODREC-0001036,MCH-002-02-02,LINE-002-02,PROD-007,2026-01-08,C,112,96,86.44
PRODREC-0001037,MCH-002-02-02,LINE-002-02,PROD-010,2026-01-09,B,91,78,86.26
PRODREC-0001038,MCH-002-02-02,LINE-002-02,PROD-007,2026-01-09,B,134,122,91.55
PRODREC-0001039,MCH-002-02-02,LINE-002-02,PROD-007,2026-01-10,A,94,78,83.98
PRODREC-0001040,MCH-002-02-02,LINE-002-02,PROD-002,2026-01-10,B,122,111,91.42
PRODREC-0001041,MCH-002-02-02,LINE-002-02,PROD-009,2026-01-11,C,128,115,89.95
PRODREC-0001042,MCH-002-02-02,LINE-002-02,PROD-005,2026-01-11,A,131,112,86.19
PRODREC-0001043,MCH-002-02-02,LINE-002-02,PROD-007,2026-01-12,B,101,84,84.14
PRODREC-0001044,MCH-002-02-02,LINE-002-02,PROD-007,2026-01-12,B,144,136,95.03
PRODREC-0001045,MCH-002-02-02,LINE-002-02,PROD-008,2026-01-13,B,103,82,80.06
PRODREC-0001046,MCH-002-02-02,LINE-002-02,PROD-006,2026-01-13,A,108,96,89.29
PRODREC-0001047,MCH-002-02-02,LINE-002-02,PROD-007,2026-01-14,B,112,104,93.4
PRODREC-0001048,MCH-002-02-02,LINE-002-02,PROD-003,2026-01-14,A,90,75,83.37
PRODREC-0001049,MCH-002-02-02,LINE-002-02,PROD-003,2026-01-15,B,87,79,90.89
PRODREC-0001050,MCH-002-02-02,LINE-002-02,PROD-004,2026-01-15,B,117,99,84.86
PRODREC-0001051,MCH-002-02-02,LINE-002-02,PROD-010,2026-01-16,C,127,108,85.78
PRODREC-0001052,MCH-002-02-02,LINE-002-02,PROD-006,2026-01-16,B,121,105,86.97
PRODREC-0001053,MCH-002-02-02,LINE-002-02,PROD-002,2026-01-17,C,134,98,73.42
PRODREC-0001054,MCH-002-02-02,LINE-002-02,PROD-004,2026-01-17,C,132,103,78.1
PRODREC-0001055,MCH-002-02-02,LINE-002-02,PROD-002,2026-01-18,C,103,91,89.31
PRODREC-0001056,MCH-002-02-02,LINE-002-02,PROD-001,2026-01-18,B,99,85,86.6
PRODREC-0001057,MCH-002-02-02,LINE-002-02,PROD-001,2026-01-19,A,115,102,88.8
PRODREC-0001058,MCH-002-02-02,LINE-002-02,PROD-005,2026-01-19,A,140,121,86.71
PRODREC-0001059,MCH-002-02-02,LINE-002-02,PROD-005,2026-01-20,A,121,99,82.11
PRODREC-0001060,MCH-002-02-02,LINE-002-02,PROD-005,2026-01-20,A,111,97,87.99
PRODREC-0001061,MCH-002-02-02,LINE-002-02,PROD-010,2026-01-21,B,110,90,82.7
PRODREC-0001062,MCH-002-02-02,LINE-002-02,PROD-003,2026-01-21,A,123,110,90.08
PRODREC-0001063,MCH-002-02-02,LINE-002-02,PROD-002,2026-01-22,A,96,80,84.3
PRODREC-0001064,MCH-002-02-02,LINE-002-02,PROD-006,2026-01-22,C,145,134,92.57
PRODREC-0001065,MCH-002-02-02,LINE-002-02,PROD-006,2026-01-23,C,107,90,84.98
PRODREC-0001066,MCH-002-02-02,LINE-002-02,PROD-001,2026-01-23,A,87,78,90.14
PRODREC-0001067,MCH-002-02-02,LINE-002-02,PROD-007,2026-01-24,C,142,123,87.0
PRODREC-0001068,MCH-002-02-02,LINE-002-02,PROD-001,2026-01-24,A,96,86,90.5
PRODREC-0001069,MCH-002-02-02,LINE-002-02,PROD-004,2026-01-25,A,136,75,55.75
PRODREC-0001070,MCH-002-02-02,LINE-002-02,PROD-008,2026-01-25,C,118,66,56.42
PRODREC-0001071,MCH-002-02-02,LINE-002-02,PROD-005,2026-01-26,C,132,108,82.08
PRODREC-0001072,MCH-002-02-02,LINE-002-02,PROD-006,2026-01-26,C,95,80,84.25
PRODREC-0001073,MCH-002-02-02,LINE-002-02,PROD-009,2026-01-27,A,92,81,89.04
PRODREC-0001074,MCH-002-02-02,LINE-002-02,PROD-010,2026-01-27,B,125,113,91.17
PRODREC-0001075,MCH-002-02-02,LINE-002-02,PROD-009,2026-01-28,C,113,93,82.4
PRODREC-0001076,MCH-002-02-02,LINE-002-02,PROD-003,2026-01-28,C,140,121,86.99
PRODREC-0001077,MCH-002-02-02,LINE-002-02,PROD-004,2026-01-29,C,137,120,87.64
PRODREC-0001078,MCH-002-02-02,LINE-002-02,PROD-002,2026-01-29,A,103,83,81.03
PRODREC-0001079,MCH-002-02-02,LINE-002-02,PROD-004,2026-01-30,B,138,121,88.32
PRODREC-0001080,MCH-002-02-02,LINE-002-02,PROD-008,2026-01-30,A,88,78,89.46
PRODREC-0001081,MCH-002-02-03,LINE-002-02,PROD-010,2026-01-01,B,149,132,89.14
PRODREC-0001082,MCH-002-02-03,LINE-002-02,PROD-001,2026-01-01,B,141,120,85.52
PRODREC-0001083,MCH-002-02-03,LINE-002-02,PROD-007,2026-01-02,B,119,106,89.33
PRODREC-0001084,MCH-002-02-03,LINE-002-02,PROD-001,2026-01-02,B,95,80,85.04
PRODREC-0001085,MCH-002-02-03,LINE-002-02,PROD-003,2026-01-03,C,108,92,86.1
PRODREC-0001086,MCH-002-02-03,LINE-002-02,PROD-004,2026-01-03,C,113,103,91.85
PRODREC-0001087,MCH-002-02-03,LINE-002-02,PROD-009,2026-01-04,B,145,135,93.52
PRODREC-0001088,MCH-002-02-03,LINE-002-02,PROD-002,2026-01-04,B,114,93,82.23
PRODREC-0001089,MCH-002-02-03,LINE-002-02,PROD-005,2026-01-05,C,117,101,86.9
PRODREC-0001090,MCH-002-02-03,LINE-002-02,PROD-004,2026-01-05,C,132,116,88.36
PRODREC-0001091,MCH-002-02-03,LINE-002-02,PROD-003,2026-01-06,C,132,113,86.21
PRODREC-0001092,MCH-002-02-03,LINE-002-02,PROD-009,2026-01-06,A,140,129,92.2
PRODREC-0001093,MCH-002-02-03,LINE-002-02,PROD-003,2026-01-07,C,92,78,85.76
PRODREC-0001094,MCH-002-02-03,LINE-002-02,PROD-009,2026-01-07,C,115,97,84.44
PRODREC-0001095,MCH-002-02-03,LINE-002-02,PROD-003,2026-01-08,B,95,79,84.02
PRODREC-0001096,MCH-002-02-03,LINE-002-02,PROD-004,2026-01-08,C,84,73,87.13
PRODREC-0001097,MCH-002-02-03,LINE-002-02,PROD-006,2026-01-09,A,146,88,60.48
PRODREC-0001098,MCH-002-02-03,LINE-002-02,PROD-006,2026-01-09,B,94,63,67.49
PRODREC-0001099,MCH-002-02-03,LINE-002-02,PROD-006,2026-01-10,C,144,126,87.53
PRODREC-0001100,MCH-002-02-03,LINE-002-02,PROD-001,2026-01-10,C,127,111,87.71
PRODREC-0001101,MCH-002-02-03,LINE-002-02,PROD-009,2026-01-11,B,125,110,88.54
PRODREC-0001102,MCH-002-02-03,LINE-002-02,PROD-001,2026-01-11,B,139,125,90.63
PRODREC-0001103,MCH-002-02-03,LINE-002-02,PROD-003,2026-01-12,A,91,80,88.25
PRODREC-0001104,MCH-002-02-03,LINE-002-02,PROD-010,2026-01-12,B,126,117,93.57
PRODREC-0001105,MCH-002-02-03,LINE-002-02,PROD-006,2026-01-13,C,108,104,96.81
PRODREC-0001106,MCH-002-02-03,LINE-002-02,PROD-005,2026-01-13,B,116,94,81.33
PRODREC-0001107,MCH-002-02-03,LINE-002-02,PROD-010,2026-01-14,C,121,105,86.91
PRODREC-0001108,MCH-002-02-03,LINE-002-02,PROD-004,2026-01-14,C,117,104,89.57
PRODREC-0001109,MCH-002-02-03,LINE-002-02,PROD-009,2026-01-15,C,101,85,84.75
PRODREC-0001110,MCH-002-02-03,LINE-002-02,PROD-001,2026-01-15,C,149,127,85.83
PRODREC-0001111,MCH-002-02-03,LINE-002-02,PROD-008,2026-01-16,B,104,93,89.89
PRODREC-0001112,MCH-002-02-03,LINE-002-02,PROD-002,2026-01-16,A,146,133,91.13
PRODREC-0001113,MCH-002-02-03,LINE-002-02,PROD-001,2026-01-17,C,149,129,86.97
PRODREC-0001114,MCH-002-02-03,LINE-002-02,PROD-007,2026-01-17,A,140,115,82.39
PRODREC-0001115,MCH-002-02-03,LINE-002-02,PROD-006,2026-01-18,A,92,72,78.55
PRODREC-0001116,MCH-002-02-03,LINE-002-02,PROD-002,2026-01-18,A,87,80,92.96
PRODREC-0001117,MCH-002-02-03,LINE-002-02,PROD-007,2026-01-19,B,139,112,80.84
PRODREC-0001118,MCH-002-02-03,LINE-002-02,PROD-003,2026-01-19,B,119,103,86.68
PRODREC-0001119,MCH-002-02-03,LINE-002-02,PROD-005,2026-01-20,C,131,120,91.81
PRODREC-0001120,MCH-002-02-03,LINE-002-02,PROD-001,2026-01-20,A,97,81,84.32
PRODREC-0001121,MCH-002-02-03,LINE-002-02,PROD-004,2026-01-21,B,88,76,86.46
PRODREC-0001122,MCH-002-02-03,LINE-002-02,PROD-003,2026-01-21,B,124,106,85.65
PRODREC-0001123,MCH-002-02-03,LINE-002-02,PROD-008,2026-01-22,C,96,91,95.23
PRODREC-0001124,MCH-002-02-03,LINE-002-02,PROD-009,2026-01-22,A,91,76,84.52
PRODREC-0001125,MCH-002-02-03,LINE-002-02,PROD-008,2026-01-23,A,129,100,78.13
PRODREC-0001126,MCH-002-02-03,LINE-002-02,PROD-002,2026-01-23,B,137,103,75.87
PRODREC-0001127,MCH-002-02-03,LINE-002-02,PROD-007,2026-01-24,B,142,124,87.43
PRODREC-0001128,MCH-002-02-03,LINE-002-02,PROD-009,2026-01-24,B,122,102,84.22
PRODREC-0001129,MCH-002-02-03,LINE-002-02,PROD-002,2026-01-25,C,124,109,88.15
PRODREC-0001130,MCH-002-02-03,LINE-002-02,PROD-010,2026-01-25,B,127,118,93.12
PRODREC-0001131,MCH-002-02-03,LINE-002-02,PROD-005,2026-01-26,C,85,74,88.22
PRODREC-0001132,MCH-002-02-03,LINE-002-02,PROD-003,2026-01-26,B,143,136,95.42
PRODREC-0001133,MCH-002-02-03,LINE-002-02,PROD-006,2026-01-27,B,112,90,81.06
PRODREC-0001134,MCH-002-02-03,LINE-002-02,PROD-010,2026-01-27,C,141,113,80.45
PRODREC-0001135,MCH-002-02-03,LINE-002-02,PROD-002,2026-01-28,A,145,118,81.85
PRODREC-0001136,MCH-002-02-03,LINE-002-02,PROD-006,2026-01-28,A,109,105,96.94
PRODREC-0001137,MCH-002-02-03,LINE-002-02,PROD-010,2026-01-29,C,146,126,86.68
PRODREC-0001138,MCH-002-02-03,LINE-002-02,PROD-010,2026-01-29,C,134,119,89.2
PRODREC-0001139,MCH-002-02-03,LINE-002-02,PROD-005,2026-01-30,A,113,96,85.0
PRODREC-0001140,MCH-002-02-03,LINE-002-02,PROD-001,2026-01-30,B,91,80,88.08
PRODREC-0001141,MCH-002-02-04,LINE-002-02,PROD-005,2026-01-01,A,97,83,86.04
PRODREC-0001142,MCH-002-02-04,LINE-002-02,PROD-002,2026-01-01,C,143,127,89.38
PRODREC-0001143,MCH-002-02-04,LINE-002-02,PROD-008,2026-01-02,B,125,115,92.59
PRODREC-0001144,MCH-002-02-04,LINE-002-02,PROD-007,2026-01-02,B,104,93,90.0
PRODREC-0001145,MCH-002-02-04,LINE-002-02,PROD-006,2026-01-03,A,145,133,92.35
PRODREC-0001146,MCH-002-02-04,LINE-002-02,PROD-010,2026-01-03,B,94,77,82.7
PRODREC-0001147,MCH-002-02-04,LINE-002-02,PROD-004,2026-01-04,C,149,119,80.22
PRODREC-0001148,MCH-002-02-04,LINE-002-02,PROD-008,2026-01-04,C,101,85,84.34
PRODREC-0001149,MCH-002-02-04,LINE-002-02,PROD-010,2026-01-05,A,112,89,80.32
PRODREC-0001150,MCH-002-02-04,LINE-002-02,PROD-010,2026-01-05,C,122,110,90.68
PRODREC-0001151,MCH-002-02-04,LINE-002-02,PROD-002,2026-01-06,C,102,83,82.21
PRODREC-0001152,MCH-002-02-04,LINE-002-02,PROD-005,2026-01-06,A,86,79,92.43
PRODREC-0001153,MCH-002-02-04,LINE-002-02,PROD-006,2026-01-07,A,113,104,92.33
PRODREC-0001154,MCH-002-02-04,LINE-002-02,PROD-004,2026-01-07,B,113,97,86.42
PRODREC-0001155,MCH-002-02-04,LINE-002-02,PROD-002,2026-01-08,C,101,86,85.24
PRODREC-0001156,MCH-002-02-04,LINE-002-02,PROD-005,2026-01-08,A,111,92,83.36
PRODREC-0001157,MCH-002-02-04,LINE-002-02,PROD-001,2026-01-09,A,138,119,86.52
PRODREC-0001158,MCH-002-02-04,LINE-002-02,PROD-009,2026-01-09,C,103,80,77.88
PRODREC-0001159,MCH-002-02-04,LINE-002-02,PROD-001,2026-01-10,C,131,105,80.73
PRODREC-0001160,MCH-002-02-04,LINE-002-02,PROD-001,2026-01-10,A,146,127,87.26
PRODREC-0001161,MCH-002-02-04,LINE-002-02,PROD-004,2026-01-11,B,102,88,86.65
PRODREC-0001162,MCH-002-02-04,LINE-002-02,PROD-001,2026-01-11,C,129,111,86.26
PRODREC-0001163,MCH-002-02-04,LINE-002-02,PROD-006,2026-01-12,B,109,103,95.16
PRODREC-0001164,MCH-002-02-04,LINE-002-02,PROD-001,2026-01-12,C,103,82,79.75
PRODREC-0001165,MCH-002-02-04,LINE-002-02,PROD-007,2026-01-13,A,142,113,79.95
PRODREC-0001166,MCH-002-02-04,LINE-002-02,PROD-001,2026-01-13,C,119,101,85.12
PRODREC-0001167,MCH-002-02-04,LINE-002-02,PROD-004,2026-01-14,B,115,94,82.33
PRODREC-0001168,MCH-002-02-04,LINE-002-02,PROD-006,2026-01-14,B,116,103,88.95
PRODREC-0001169,MCH-002-02-04,LINE-002-02,PROD-008,2026-01-15,B,147,118,80.32
PRODREC-0001170,MCH-002-02-04,LINE-002-02,PROD-010,2026-01-15,C,125,117,94.17
PRODREC-0001171,MCH-002-02-04,LINE-002-02,PROD-003,2026-01-16,A,117,107,91.63
PRODREC-0001172,MCH-002-02-04,LINE-002-02,PROD-004,2026-01-16,A,87,82,94.66
PRODREC-0001173,MCH-002-02-04,LINE-002-02,PROD-005,2026-01-17,A,81,73,90.59
PRODREC-0001174,MCH-002-02-04,LINE-002-02,PROD-003,2026-01-17,C,124,106,85.68
PRODREC-0001175,MCH-002-02-04,LINE-002-02,PROD-007,2026-01-18,A,96,82,85.81
PRODREC-0001176,MCH-002-02-04,LINE-002-02,PROD-009,2026-01-18,B,118,93,79.65
PRODREC-0001177,MCH-002-02-04,LINE-002-02,PROD-009,2026-01-19,B,140,116,83.48
PRODREC-0001178,MCH-002-02-04,LINE-002-02,PROD-009,2026-01-19,C,129,111,86.3
PRODREC-0001179,MCH-002-02-04,LINE-002-02,PROD-004,2026-01-20,C,113,90,80.18
PRODREC-0001180,MCH-002-02-04,LINE-002-02,PROD-010,2026-01-20,C,113,93,82.6
PRODREC-0001181,MCH-002-02-04,LINE-002-02,PROD-008,2026-01-21,B,135,111,82.74
PRODREC-0001182,MCH-002-02-04,LINE-002-02,PROD-004,2026-01-21,A,105,87,83.78
PRODREC-0001183,MCH-002-02-04,LINE-002-02,PROD-009,2026-01-22,C,144,126,87.76
PRODREC-0001184,MCH-002-02-04,LINE-002-02,PROD-009,2026-01-22,B,94,84,89.98
PRODREC-0001185,MCH-002-02-04,LINE-002-02,PROD-001,2026-01-23,C,144,127,88.74
PRODREC-0001186,MCH-002-02-04,LINE-002-02,PROD-002,2026-01-23,C,100,84,84.84
PRODREC-0001187,MCH-002-02-04,LINE-002-02,PROD-005,2026-01-24,B,148,118,80.17
PRODREC-0001188,MCH-002-02-04,LINE-002-02,PROD-006,2026-01-24,A,127,106,84.04
PRODREC-0001189,MCH-002-02-04,LINE-002-02,PROD-006,2026-01-25,B,138,119,86.8
PRODREC-0001190,MCH-002-02-04,LINE-002-02,PROD-008,2026-01-25,C,129,107,83.54
PRODREC-0001191,MCH-002-02-04,LINE-002-02,PROD-007,2026-01-26,B,104,89,85.85
PRODREC-0001192,MCH-002-02-04,LINE-002-02,PROD-004,2026-01-26,A,123,103,83.88
PRODREC-0001193,MCH-002-02-04,LINE-002-02,PROD-007,2026-01-27,B,96,80,83.61
PRODREC-0001194,MCH-002-02-04,LINE-002-02,PROD-002,2026-01-27,B,124,99,80.11
PRODREC-0001195,MCH-002-02-04,LINE-002-02,PROD-008,2026-01-28,B,129,103,80.52
PRODREC-0001196,MCH-002-02-04,LINE-002-02,PROD-001,2026-01-28,A,143,130,91.28
PRODREC-0001197,MCH-002-02-04,LINE-002-02,PROD-004,2026-01-29,A,121,101,84.1
PRODREC-0001198,MCH-002-02-04,LINE-002-02,PROD-001,2026-01-29,B,145,124,85.98
PRODREC-0001199,MCH-002-02-04,LINE-002-02,PROD-001,2026-01-30,A,99,87,88.64
PRODREC-0001200,MCH-002-02-04,LINE-002-02,PROD-006,2026-01-30,C,110,90,81.95
PRODREC-0001201,MCH-002-03-01,LINE-002-03,PROD-010,2026-01-01,B,119,117,98.92
PRODREC-0001202,MCH-002-03-01,LINE-002-03,PROD-008,2026-01-01,A,127,114,90.02
PRODREC-0001203,MCH-002-03-01,LINE-002-03,PROD-005,2026-01-02,B,144,136,95.12
PRODREC-0001204,MCH-002-03-01,LINE-002-03,PROD-008,2026-01-02,A,82,82,100.0
PRODREC-0001205,MCH-002-03-01,LINE-002-03,PROD-009,2026-01-03,C,138,129,93.96
PRODREC-0001206,MCH-002-03-01,LINE-002-03,PROD-009,2026-01-03,B,143,143,100.0
PRODREC-0001207,MCH-002-03-01,LINE-002-03,PROD-007,2026-01-04,C,121,121,100.0
PRODREC-0001208,MCH-002-03-01,LINE-002-03,PROD-010,2026-01-04,B,115,109,95.39
PRODREC-0001209,MCH-002-03-01,LINE-002-03,PROD-004,2026-01-05,A,123,110,89.78
PRODREC-0001210,MCH-002-03-01,LINE-002-03,PROD-003,2026-01-05,A,141,120,85.32
PRODREC-0001211,MCH-002-03-01,LINE-002-03,PROD-004,2026-01-06,A,149,135,90.69
PRODREC-0001212,MCH-002-03-01,LINE-002-03,PROD-009,2026-01-06,A,90,88,98.08
PRODREC-0001213,MCH-002-03-01,LINE-002-03,PROD-004,2026-01-07,C,143,127,89.3
PRODREC-0001214,MCH-002-03-01,LINE-002-03,PROD-001,2026-01-07,B,98,92,94.32
PRODREC-0001215,MCH-002-03-01,LINE-002-03,PROD-001,2026-01-08,C,110,97,88.6
PRODREC-0001216,MCH-002-03-01,LINE-002-03,PROD-006,2026-01-08,B,95,81,86.0
PRODREC-0001217,MCH-002-03-01,LINE-002-03,PROD-010,2026-01-09,B,105,99,94.69
PRODREC-0001218,MCH-002-03-01,LINE-002-03,PROD-006,2026-01-09,C,80,73,92.31
PRODREC-0001219,MCH-002-03-01,LINE-002-03,PROD-008,2026-01-10,A,136,127,93.68
PRODREC-0001220,MCH-002-03-01,LINE-002-03,PROD-002,2026-01-10,B,146,136,93.19
PRODREC-0001221,MCH-002-03-01,LINE-002-03,PROD-003,2026-01-11,B,100,92,92.53
PRODREC-0001222,MCH-002-03-01,LINE-002-03,PROD-005,2026-01-11,C,83,75,91.08
PRODREC-0001223,MCH-002-03-01,LINE-002-03,PROD-002,2026-01-12,C,141,130,92.27
PRODREC-0001224,MCH-002-03-01,LINE-002-03,PROD-010,2026-01-12,C,81,76,93.89
PRODREC-0001225,MCH-002-03-01,LINE-002-03,PROD-007,2026-01-13,C,118,104,88.4
PRODREC-0001226,MCH-002-03-01,LINE-002-03,PROD-008,2026-01-13,C,129,118,91.54
PRODREC-0001227,MCH-002-03-01,LINE-002-03,PROD-003,2026-01-14,C,125,108,86.92
PRODREC-0001228,MCH-002-03-01,LINE-002-03,PROD-010,2026-01-14,A,147,137,93.68
PRODREC-0001229,MCH-002-03-01,LINE-002-03,PROD-010,2026-01-15,B,129,121,93.84
PRODREC-0001230,MCH-002-03-01,LINE-002-03,PROD-001,2026-01-15,C,92,84,91.39
PRODREC-0001231,MCH-002-03-01,LINE-002-03,PROD-001,2026-01-16,A,115,114,99.48
PRODREC-0001232,MCH-002-03-01,LINE-002-03,PROD-010,2026-01-16,C,111,90,81.11
PRODREC-0001233,MCH-002-03-01,LINE-002-03,PROD-002,2026-01-17,C,118,115,98.29
PRODREC-0001234,MCH-002-03-01,LINE-002-03,PROD-010,2026-01-17,A,111,104,93.74
PRODREC-0001235,MCH-002-03-01,LINE-002-03,PROD-008,2026-01-18,C,135,126,94.02
PRODREC-0001236,MCH-002-03-01,LINE-002-03,PROD-010,2026-01-18,A,117,109,93.65
PRODREC-0001237,MCH-002-03-01,LINE-002-03,PROD-001,2026-01-19,A,80,69,87.42
PRODREC-0001238,MCH-002-03-01,LINE-002-03,PROD-007,2026-01-19,A,109,103,94.57
PRODREC-0001239,MCH-002-03-01,LINE-002-03,PROD-002,2026-01-20,A,80,76,95.54
PRODREC-0001240,MCH-002-03-01,LINE-002-03,PROD-008,2026-01-20,C,105,97,92.68
PRODREC-0001241,MCH-002-03-01,LINE-002-03,PROD-008,2026-01-21,A,80,78,98.61
PRODREC-0001242,MCH-002-03-01,LINE-002-03,PROD-005,2026-01-21,B,103,97,94.79
PRODREC-0001243,MCH-002-03-01,LINE-002-03,PROD-010,2026-01-22,C,81,69,86.36
PRODREC-0001244,MCH-002-03-01,LINE-002-03,PROD-010,2026-01-22,A,130,118,91.27
PRODREC-0001245,MCH-002-03-01,LINE-002-03,PROD-005,2026-01-23,B,90,84,93.38
PRODREC-0001246,MCH-002-03-01,LINE-002-03,PROD-003,2026-01-23,B,124,118,95.34
PRODREC-0001247,MCH-002-03-01,LINE-002-03,PROD-009,2026-01-24,C,144,138,96.42
PRODREC-0001248,MCH-002-03-01,LINE-002-03,PROD-008,2026-01-24,B,81,78,96.39
PRODREC-0001249,MCH-002-03-01,LINE-002-03,PROD-010,2026-01-25,A,97,91,94.36
PRODREC-0001250,MCH-002-03-01,LINE-002-03,PROD-007,2026-01-25,A,93,79,85.1
PRODREC-0001251,MCH-002-03-01,LINE-002-03,PROD-008,2026-01-26,B,91,89,98.38
PRODREC-0001252,MCH-002-03-01,LINE-002-03,PROD-004,2026-01-26,A,149,127,85.84
PRODREC-0001253,MCH-002-03-01,LINE-002-03,PROD-006,2026-01-27,B,120,110,92.35
PRODREC-0001254,MCH-002-03-01,LINE-002-03,PROD-001,2026-01-27,C,149,139,93.32
PRODREC-0001255,MCH-002-03-01,LINE-002-03,PROD-003,2026-01-28,B,81,76,94.52
PRODREC-0001256,MCH-002-03-01,LINE-002-03,PROD-003,2026-01-28,B,143,140,98.03
PRODREC-0001257,MCH-002-03-01,LINE-002-03,PROD-008,2026-01-29,B,98,89,91.4
PRODREC-0001258,MCH-002-03-01,LINE-002-03,PROD-001,2026-01-29,B,101,96,95.35
PRODREC-0001259,MCH-002-03-01,LINE-002-03,PROD-009,2026-01-30,A,101,91,90.48
PRODREC-0001260,MCH-002-03-01,LINE-002-03,PROD-007,2026-01-30,A,94,84,89.81
PRODREC-0001261,MCH-002-03-02,LINE-002-03,PROD-002,2026-01-01,C,92,91,99.72
PRODREC-0001262,MCH-002-03-02,LINE-002-03,PROD-008,2026-01-01,B,133,125,94.14
PRODREC-0001263,MCH-002-03-02,LINE-002-03,PROD-007,2026-01-02,B,113,104,92.92
PRODREC-0001264,MCH-002-03-02,LINE-002-03,PROD-003,2026-01-02,A,102,89,87.76
PRODREC-0001265,MCH-002-03-02,LINE-002-03,PROD-001,2026-01-03,C,129,124,96.58
PRODREC-0001266,MCH-002-03-02,LINE-002-03,PROD-009,2026-01-03,C,84,77,92.7
PRODREC-0001267,MCH-002-03-02,LINE-002-03,PROD-009,2026-01-04,A,121,113,94.04
PRODREC-0001268,MCH-002-03-02,LINE-002-03,PROD-003,2026-01-04,A,95,95,100.0
PRODREC-0001269,MCH-002-03-02,LINE-002-03,PROD-009,2026-01-05,B,109,102,93.69
PRODREC-0001270,MCH-002-03-02,LINE-002-03,PROD-007,2026-01-05,B,85,82,96.49
PRODREC-0001271,MCH-002-03-02,LINE-002-03,PROD-003,2026-01-06,A,148,139,94.25
PRODREC-0001272,MCH-002-03-02,LINE-002-03,PROD-007,2026-01-06,C,105,105,100.0
PRODREC-0001273,MCH-002-03-02,LINE-002-03,PROD-004,2026-01-07,B,92,92,100.0
PRODREC-0001274,MCH-002-03-02,LINE-002-03,PROD-002,2026-01-07,C,119,115,97.38
PRODREC-0001275,MCH-002-03-02,LINE-002-03,PROD-010,2026-01-08,C,99,97,98.54
PRODREC-0001276,MCH-002-03-02,LINE-002-03,PROD-010,2026-01-08,B,129,120,93.16
PRODREC-0001277,MCH-002-03-02,LINE-002-03,PROD-003,2026-01-09,A,105,103,98.96
PRODREC-0001278,MCH-002-03-02,LINE-002-03,PROD-008,2026-01-09,B,105,101,96.52
PRODREC-0001279,MCH-002-03-02,LINE-002-03,PROD-004,2026-01-10,A,142,117,82.64
PRODREC-0001280,MCH-002-03-02,LINE-002-03,PROD-005,2026-01-10,B,80,74,93.27
PRODREC-0001281,MCH-002-03-02,LINE-002-03,PROD-008,2026-01-11,A,95,82,87.09
PRODREC-0001282,MCH-002-03-02,LINE-002-03,PROD-003,2026-01-11,C,91,88,96.71
PRODREC-0001283,MCH-002-03-02,LINE-002-03,PROD-010,2026-01-12,C,117,111,95.29
PRODREC-0001284,MCH-002-03-02,LINE-002-03,PROD-004,2026-01-12,B,97,90,92.96
PRODREC-0001285,MCH-002-03-02,LINE-002-03,PROD-004,2026-01-13,C,132,132,100.0
PRODREC-0001286,MCH-002-03-02,LINE-002-03,PROD-003,2026-01-13,C,84,82,98.27
PRODREC-0001287,MCH-002-03-02,LINE-002-03,PROD-004,2026-01-14,B,125,120,96.79
PRODREC-0001288,MCH-002-03-02,LINE-002-03,PROD-008,2026-01-14,B,145,137,94.84
PRODREC-0001289,MCH-002-03-02,LINE-002-03,PROD-005,2026-01-15,C,143,140,98.37
PRODREC-0001290,MCH-002-03-02,LINE-002-03,PROD-008,2026-01-15,C,139,135,97.62
PRODREC-0001291,MCH-002-03-02,LINE-002-03,PROD-009,2026-01-16,B,80,80,100.0
PRODREC-0001292,MCH-002-03-02,LINE-002-03,PROD-007,2026-01-16,A,83,79,95.58
PRODREC-0001293,MCH-002-03-02,LINE-002-03,PROD-004,2026-01-17,C,107,100,93.89
PRODREC-0001294,MCH-002-03-02,LINE-002-03,PROD-006,2026-01-17,C,99,87,88.5
PRODREC-0001295,MCH-002-03-02,LINE-002-03,PROD-006,2026-01-18,B,142,141,99.61
PRODREC-0001296,MCH-002-03-02,LINE-002-03,PROD-001,2026-01-18,B,145,145,100.0
PRODREC-0001297,MCH-002-03-02,LINE-002-03,PROD-003,2026-01-19,B,105,100,95.61
PRODREC-0001298,MCH-002-03-02,LINE-002-03,PROD-005,2026-01-19,C,90,82,91.62
PRODREC-0001299,MCH-002-03-02,LINE-002-03,PROD-001,2026-01-20,B,106,98,93.03
PRODREC-0001300,MCH-002-03-02,LINE-002-03,PROD-002,2026-01-20,B,101,100,99.9
PRODREC-0001301,MCH-002-03-02,LINE-002-03,PROD-006,2026-01-21,C,101,95,94.5
PRODREC-0001302,MCH-002-03-02,LINE-002-03,PROD-010,2026-01-21,B,85,77,90.86
PRODREC-0001303,MCH-002-03-02,LINE-002-03,PROD-007,2026-01-22,C,83,81,98.42
PRODREC-0001304,MCH-002-03-02,LINE-002-03,PROD-005,2026-01-22,A,133,122,92.19
PRODREC-0001305,MCH-002-03-02,LINE-002-03,PROD-001,2026-01-23,C,139,129,92.87
PRODREC-0001306,MCH-002-03-02,LINE-002-03,PROD-004,2026-01-23,B,145,141,97.52
PRODREC-0001307,MCH-002-03-02,LINE-002-03,PROD-004,2026-01-24,A,114,109,96.29
PRODREC-0001308,MCH-002-03-02,LINE-002-03,PROD-001,2026-01-24,B,91,85,94.13
PRODREC-0001309,MCH-002-03-02,LINE-002-03,PROD-003,2026-01-25,B,111,104,94.11
PRODREC-0001310,MCH-002-03-02,LINE-002-03,PROD-009,2026-01-25,B,104,100,96.85
PRODREC-0001311,MCH-002-03-02,LINE-002-03,PROD-005,2026-01-26,B,131,117,89.78
PRODREC-0001312,MCH-002-03-02,LINE-002-03,PROD-003,2026-01-26,C,111,111,100.0
PRODREC-0001313,MCH-002-03-02,LINE-002-03,PROD-004,2026-01-27,A,149,145,97.69
PRODREC-0001314,MCH-002-03-02,LINE-002-03,PROD-004,2026-01-27,A,113,97,86.41
PRODREC-0001315,MCH-002-03-02,LINE-002-03,PROD-010,2026-01-28,A,129,128,99.92
PRODREC-0001316,MCH-002-03-02,LINE-002-03,PROD-005,2026-01-28,C,81,72,90.05
PRODREC-0001317,MCH-002-03-02,LINE-002-03,PROD-004,2026-01-29,B,84,74,89.08
PRODREC-0001318,MCH-002-03-02,LINE-002-03,PROD-010,2026-01-29,B,93,90,97.02
PRODREC-0001319,MCH-002-03-02,LINE-002-03,PROD-008,2026-01-30,A,101,101,100.0
PRODREC-0001320,MCH-002-03-02,LINE-002-03,PROD-002,2026-01-30,B,126,126,100.0
PRODREC-0001321,MCH-002-03-03,LINE-002-03,PROD-010,2026-01-01,B,144,139,96.77
PRODREC-0001322,MCH-002-03-03,LINE-002-03,PROD-007,2026-01-01,B,110,97,89.07
PRODREC-0001323,MCH-002-03-03,LINE-002-03,PROD-005,2026-01-02,C,130,130,100.0
PRODREC-0001324,MCH-002-03-03,LINE-002-03,PROD-005,2026-01-02,C,116,112,97.1
PRODREC-0001325,MCH-002-03-03,LINE-002-03,PROD-007,2026-01-03,C,137,137,100.0
PRODREC-0001326,MCH-002-03-03,LINE-002-03,PROD-010,2026-01-03,B,132,124,94.2
PRODREC-0001327,MCH-002-03-03,LINE-002-03,PROD-009,2026-01-04,B,115,105,92.16
PRODREC-0001328,MCH-002-03-03,LINE-002-03,PROD-006,2026-01-04,C,111,111,100.0
PRODREC-0001329,MCH-002-03-03,LINE-002-03,PROD-007,2026-01-05,A,99,95,96.67
PRODREC-0001330,MCH-002-03-03,LINE-002-03,PROD-008,2026-01-05,B,147,147,100.0
PRODREC-0001331,MCH-002-03-03,LINE-002-03,PROD-006,2026-01-06,C,118,118,100.0
PRODREC-0001332,MCH-002-03-03,LINE-002-03,PROD-008,2026-01-06,C,84,84,100.0
PRODREC-0001333,MCH-002-03-03,LINE-002-03,PROD-009,2026-01-07,C,130,130,100.0
PRODREC-0001334,MCH-002-03-03,LINE-002-03,PROD-003,2026-01-07,C,80,80,100.0
PRODREC-0001335,MCH-002-03-03,LINE-002-03,PROD-007,2026-01-08,A,90,84,94.31
PRODREC-0001336,MCH-002-03-03,LINE-002-03,PROD-004,2026-01-08,C,101,96,96.03
PRODREC-0001337,MCH-002-03-03,LINE-002-03,PROD-003,2026-01-09,A,134,130,97.1
PRODREC-0001338,MCH-002-03-03,LINE-002-03,PROD-004,2026-01-09,A,121,119,99.15
PRODREC-0001339,MCH-002-03-03,LINE-002-03,PROD-009,2026-01-10,A,130,130,100.0
PRODREC-0001340,MCH-002-03-03,LINE-002-03,PROD-007,2026-01-10,B,100,84,84.44
PRODREC-0001341,MCH-002-03-03,LINE-002-03,PROD-004,2026-01-11,C,139,139,100.0
PRODREC-0001342,MCH-002-03-03,LINE-002-03,PROD-001,2026-01-11,A,118,118,100.0
PRODREC-0001343,MCH-002-03-03,LINE-002-03,PROD-007,2026-01-12,C,121,118,98.3
PRODREC-0001344,MCH-002-03-03,LINE-002-03,PROD-003,2026-01-12,C,127,110,87.36
PRODREC-0001345,MCH-002-03-03,LINE-002-03,PROD-005,2026-01-13,C,132,132,100.0
PRODREC-0001346,MCH-002-03-03,LINE-002-03,PROD-004,2026-01-13,C,129,127,99.09
PRODREC-0001347,MCH-002-03-03,LINE-002-03,PROD-001,2026-01-14,B,125,71,57.12
PRODREC-0001348,MCH-002-03-03,LINE-002-03,PROD-003,2026-01-14,A,113,57,50.62
PRODREC-0001349,MCH-002-03-03,LINE-002-03,PROD-006,2026-01-15,C,92,92,100.0
PRODREC-0001350,MCH-002-03-03,LINE-002-03,PROD-003,2026-01-15,A,130,130,100.0
PRODREC-0001351,MCH-002-03-03,LINE-002-03,PROD-009,2026-01-16,C,113,72,63.92
PRODREC-0001352,MCH-002-03-03,LINE-002-03,PROD-003,2026-01-16,B,143,67,47.33
PRODREC-0001353,MCH-002-03-03,LINE-002-03,PROD-006,2026-01-17,B,80,74,92.59
PRODREC-0001354,MCH-002-03-03,LINE-002-03,PROD-008,2026-01-17,C,116,116,100.0
PRODREC-0001355,MCH-002-03-03,LINE-002-03,PROD-005,2026-01-18,A,95,91,96.32
PRODREC-0001356,MCH-002-03-03,LINE-002-03,PROD-007,2026-01-18,B,127,127,100.0
PRODREC-0001357,MCH-002-03-03,LINE-002-03,PROD-007,2026-01-19,C,88,84,96.1
PRODREC-0001358,MCH-002-03-03,LINE-002-03,PROD-004,2026-01-19,C,131,130,99.52
PRODREC-0001359,MCH-002-03-03,LINE-002-03,PROD-010,2026-01-20,C,110,110,100.0
PRODREC-0001360,MCH-002-03-03,LINE-002-03,PROD-008,2026-01-20,C,93,93,100.0
PRODREC-0001361,MCH-002-03-03,LINE-002-03,PROD-010,2026-01-21,B,91,86,94.52
PRODREC-0001362,MCH-002-03-03,LINE-002-03,PROD-001,2026-01-21,B,142,137,96.85
PRODREC-0001363,MCH-002-03-03,LINE-002-03,PROD-010,2026-01-22,A,128,122,95.37
PRODREC-0001364,MCH-002-03-03,LINE-002-03,PROD-008,2026-01-22,B,88,81,93.11
PRODREC-0001365,MCH-002-03-03,LINE-002-03,PROD-005,2026-01-23,B,87,83,95.99
PRODREC-0001366,MCH-002-03-03,LINE-002-03,PROD-006,2026-01-23,B,144,131,91.6
PRODREC-0001367,MCH-002-03-03,LINE-002-03,PROD-001,2026-01-24,C,149,149,100.0
PRODREC-0001368,MCH-002-03-03,LINE-002-03,PROD-001,2026-01-24,B,149,147,98.76
PRODREC-0001369,MCH-002-03-03,LINE-002-03,PROD-003,2026-01-25,B,89,89,100.0
PRODREC-0001370,MCH-002-03-03,LINE-002-03,PROD-003,2026-01-25,A,106,106,100.0
PRODREC-0001371,MCH-002-03-03,LINE-002-03,PROD-006,2026-01-26,A,99,99,100.0
PRODREC-0001372,MCH-002-03-03,LINE-002-03,PROD-010,2026-01-26,C,139,139,100.0
PRODREC-0001373,MCH-002-03-03,LINE-002-03,PROD-001,2026-01-27,A,114,106,93.17
PRODREC-0001374,MCH-002-03-03,LINE-002-03,PROD-004,2026-01-27,A,127,121,95.72
PRODREC-0001375,MCH-002-03-03,LINE-002-03,PROD-007,2026-01-28,A,101,95,94.6
PRODREC-0001376,MCH-002-03-03,LINE-002-03,PROD-010,2026-01-28,A,128,125,97.74
PRODREC-0001377,MCH-002-03-03,LINE-002-03,PROD-007,2026-01-29,C,102,101,99.91
PRODREC-0001378,MCH-002-03-03,LINE-002-03,PROD-010,2026-01-29,C,98,92,94.52
PRODREC-0001379,MCH-002-03-03,LINE-002-03,PROD-009,2026-01-30,A,126,126,100.0
PRODREC-0001380,MCH-002-03-03,LINE-002-03,PROD-002,2026-01-30,B,131,131,100.0
PRODREC-0001381,MCH-002-03-04,LINE-002-03,PROD-008,2026-01-01,A,89,70,79.67
PRODREC-0001382,MCH-002-03-04,LINE-002-03,PROD-006,2026-01-01,C,132,114,86.6
PRODREC-0001383,MCH-002-03-04,LINE-002-03,PROD-005,2026-01-02,A,139,119,86.06
PRODREC-0001384,MCH-002-03-04,LINE-002-03,PROD-005,2026-01-02,B,116,107,93.06
PRODREC-0001385,MCH-002-03-04,LINE-002-03,PROD-003,2026-01-03,B,105,94,89.73
PRODREC-0001386,MCH-002-03-04,LINE-002-03,PROD-001,2026-01-03,C,100,82,82.13
PRODREC-0001387,MCH-002-03-04,LINE-002-03,PROD-009,2026-01-04,C,103,100,97.43
PRODREC-0001388,MCH-002-03-04,LINE-002-03,PROD-007,2026-01-04,B,137,118,86.73
PRODREC-0001389,MCH-002-03-04,LINE-002-03,PROD-007,2026-01-05,A,120,109,91.13
PRODREC-0001390,MCH-002-03-04,LINE-002-03,PROD-010,2026-01-05,B,145,119,82.31
PRODREC-0001391,MCH-002-03-04,LINE-002-03,PROD-008,2026-01-06,C,131,127,97.68
PRODREC-0001392,MCH-002-03-04,LINE-002-03,PROD-008,2026-01-06,C,96,80,83.59
PRODREC-0001393,MCH-002-03-04,LINE-002-03,PROD-009,2026-01-07,A,127,117,92.16
PRODREC-0001394,MCH-002-03-04,LINE-002-03,PROD-003,2026-01-07,B,101,90,90.01
PRODREC-0001395,MCH-002-03-04,LINE-002-03,PROD-005,2026-01-08,A,108,99,91.75
PRODREC-0001396,MCH-002-03-04,LINE-002-03,PROD-001,2026-01-08,C,113,104,92.76
PRODREC-0001397,MCH-002-03-04,LINE-002-03,PROD-004,2026-01-09,B,140,127,90.78
PRODREC-0001398,MCH-002-03-04,LINE-002-03,PROD-005,2026-01-09,C,89,76,86.0
PRODREC-0001399,MCH-002-03-04,LINE-002-03,PROD-003,2026-01-10,B,110,100,91.15
PRODREC-0001400,MCH-002-03-04,LINE-002-03,PROD-007,2026-01-10,B,110,104,94.59
PRODREC-0001401,MCH-002-03-04,LINE-002-03,PROD-003,2026-01-11,A,101,85,84.62
PRODREC-0001402,MCH-002-03-04,LINE-002-03,PROD-007,2026-01-11,B,95,85,89.85
PRODREC-0001403,MCH-002-03-04,LINE-002-03,PROD-010,2026-01-12,C,136,118,87.3
PRODREC-0001404,MCH-002-03-04,LINE-002-03,PROD-002,2026-01-12,C,93,75,81.14
PRODREC-0001405,MCH-002-03-04,LINE-002-03,PROD-007,2026-01-13,C,139,121,87.53
PRODREC-0001406,MCH-002-03-04,LINE-002-03,PROD-003,2026-01-13,A,120,113,94.85
PRODREC-0001407,MCH-002-03-04,LINE-002-03,PROD-008,2026-01-14,A,133,111,83.86
PRODREC-0001408,MCH-002-03-04,LINE-002-03,PROD-004,2026-01-14,B,108,100,93.11
PRODREC-0001409,MCH-002-03-04,LINE-002-03,PROD-003,2026-01-15,B,129,125,97.05
PRODREC-0001410,MCH-002-03-04,LINE-002-03,PROD-005,2026-01-15,B,144,141,98.61
PRODREC-0001411,MCH-002-03-04,LINE-002-03,PROD-002,2026-01-16,C,115,107,93.89
PRODREC-0001412,MCH-002-03-04,LINE-002-03,PROD-003,2026-01-16,A,91,82,90.77
PRODREC-0001413,MCH-002-03-04,LINE-002-03,PROD-009,2026-01-17,B,145,132,91.53
PRODREC-0001414,MCH-002-03-04,LINE-002-03,PROD-005,2026-01-17,B,94,87,93.26
PRODREC-0001415,MCH-002-03-04,LINE-002-03,PROD-005,2026-01-18,B,139,123,88.81
PRODREC-0001416,MCH-002-03-04,LINE-002-03,PROD-008,2026-01-18,A,144,139,96.61
PRODREC-0001417,MCH-002-03-04,LINE-002-03,PROD-006,2026-01-19,A,102,97,95.51
PRODREC-0001418,MCH-002-03-04,LINE-002-03,PROD-008,2026-01-19,B,136,115,85.22
PRODREC-0001419,MCH-002-03-04,LINE-002-03,PROD-004,2026-01-20,B,114,105,92.81
PRODREC-0001420,MCH-002-03-04,LINE-002-03,PROD-009,2026-01-20,C,132,121,92.08
PRODREC-0001421,MCH-002-03-04,LINE-002-03,PROD-009,2026-01-21,B,101,52,52.36
PRODREC-0001422,MCH-002-03-04,LINE-002-03,PROD-001,2026-01-21,A,145,95,66.18
PRODREC-0001423,MCH-002-03-04,LINE-002-03,PROD-010,2026-01-22,C,127,125,98.48
PRODREC-0001424,MCH-002-03-04,LINE-002-03,PROD-008,2026-01-22,A,123,113,91.88
PRODREC-0001425,MCH-002-03-04,LINE-002-03,PROD-003,2026-01-23,C,145,130,90.0
PRODREC-0001426,MCH-002-03-04,LINE-002-03,PROD-004,2026-01-23,C,111,98,89.04
PRODREC-0001427,MCH-002-03-04,LINE-002-03,PROD-010,2026-01-24,A,99,83,84.65
PRODREC-0001428,MCH-002-03-04,LINE-002-03,PROD-006,2026-01-24,C,126,123,98.03
PRODREC-0001429,MCH-002-03-04,LINE-002-03,PROD-008,2026-01-25,A,100,90,90.49
PRODREC-0001430,MCH-002-03-04,LINE-002-03,PROD-006,2026-01-25,C,123,113,91.98
PRODREC-0001431,MCH-002-03-04,LINE-002-03,PROD-001,2026-01-26,B,82,71,86.81
PRODREC-0001432,MCH-002-03-04,LINE-002-03,PROD-001,2026-01-26,C,144,117,81.88
PRODREC-0001433,MCH-002-03-04,LINE-002-03,PROD-010,2026-01-27,A,88,76,87.05
PRODREC-0001434,MCH-002-03-04,LINE-002-03,PROD-001,2026-01-27,B,125,106,85.4
PRODREC-0001435,MCH-002-03-04,LINE-002-03,PROD-007,2026-01-28,C,87,57,65.96
PRODREC-0001436,MCH-002-03-04,LINE-002-03,PROD-005,2026-01-28,B,143,91,63.94
PRODREC-0001437,MCH-002-03-04,LINE-002-03,PROD-002,2026-01-29,C,137,120,88.13
PRODREC-0001438,MCH-002-03-04,LINE-002-03,PROD-001,2026-01-29,A,89,71,80.45
PRODREC-0001439,MCH-002-03-04,LINE-002-03,PROD-010,2026-01-30,A,104,104,100.0
PRODREC-0001440,MCH-002-03-04,LINE-002-03,PROD-008,2026-01-30,A,103,84,82.22
PRODREC-0001441,MCH-003-01-01,LINE-003-01,PROD-002,2026-01-01,C,96,80,83.67
PRODREC-0001442,MCH-003-01-01,LINE-003-01,PROD-003,2026-01-01,B,139,130,93.8
PRODREC-0001443,MCH-003-01-01,LINE-003-01,PROD-001,2026-01-02,C,91,75,82.85
PRODREC-0001444,MCH-003-01-01,LINE-003-01,PROD-002,2026-01-02,C,148,137,92.93
PRODREC-0001445,MCH-003-01-01,LINE-003-01,PROD-010,2026-01-03,C,124,111,89.74
PRODREC-0001446,MCH-003-01-01,LINE-003-01,PROD-009,2026-01-03,B,143,116,81.56
PRODREC-0001447,MCH-003-01-01,LINE-003-01,PROD-009,2026-01-04,C,120,68,57.43
PRODREC-0001448,MCH-003-01-01,LINE-003-01,PROD-003,2026-01-04,A,119,70,59.2
PRODREC-0001449,MCH-003-01-01,LINE-003-01,PROD-004,2026-01-05,B,133,120,90.97
PRODREC-0001450,MCH-003-01-01,LINE-003-01,PROD-002,2026-01-05,B,121,107,88.5
PRODREC-0001451,MCH-003-01-01,LINE-003-01,PROD-001,2026-01-06,A,120,111,92.68
PRODREC-0001452,MCH-003-01-01,LINE-003-01,PROD-008,2026-01-06,B,122,115,94.91
PRODREC-0001453,MCH-003-01-01,LINE-003-01,PROD-007,2026-01-07,B,146,133,91.16
PRODREC-0001454,MCH-003-01-01,LINE-003-01,PROD-008,2026-01-07,B,135,130,96.54
PRODREC-0001455,MCH-003-01-01,LINE-003-01,PROD-001,2026-01-08,C,94,85,90.57
PRODREC-0001456,MCH-003-01-01,LINE-003-01,PROD-001,2026-01-08,B,123,114,92.74
PRODREC-0001457,MCH-003-01-01,LINE-003-01,PROD-002,2026-01-09,A,80,67,84.41
PRODREC-0001458,MCH-003-01-01,LINE-003-01,PROD-008,2026-01-09,A,90,76,84.87
PRODREC-0001459,MCH-003-01-01,LINE-003-01,PROD-004,2026-01-10,B,145,138,95.62
PRODREC-0001460,MCH-003-01-01,LINE-003-01,PROD-005,2026-01-10,C,145,119,82.7
PRODREC-0001461,MCH-003-01-01,LINE-003-01,PROD-002,2026-01-11,B,87,80,92.61
PRODREC-0001462,MCH-003-01-01,LINE-003-01,PROD-008,2026-01-11,C,107,94,88.02
PRODREC-0001463,MCH-003-01-01,LINE-003-01,PROD-010,2026-01-12,C,83,73,87.97
PRODREC-0001464,MCH-003-01-01,LINE-003-01,PROD-001,2026-01-12,A,145,122,84.35
PRODREC-0001465,MCH-003-01-01,LINE-003-01,PROD-009,2026-01-13,B,112,107,96.28
PRODREC-0001466,MCH-003-01-01,LINE-003-01,PROD-008,2026-01-13,A,140,122,87.22
PRODREC-0001467,MCH-003-01-01,LINE-003-01,PROD-010,2026-01-14,C,127,111,87.68
PRODREC-0001468,MCH-003-01-01,LINE-003-01,PROD-001,2026-01-14,A,95,80,85.1
PRODREC-0001469,MCH-003-01-01,LINE-003-01,PROD-010,2026-01-15,A,140,126,90.71
PRODREC-0001470,MCH-003-01-01,LINE-003-01,PROD-004,2026-01-15,A,111,98,89.0
PRODREC-0001471,MCH-003-01-01,LINE-003-01,PROD-006,2026-01-16,B,129,112,87.49
PRODREC-0001472,MCH-003-01-01,LINE-003-01,PROD-001,2026-01-16,C,130,122,94.29
PRODREC-0001473,MCH-003-01-01,LINE-003-01,PROD-005,2026-01-17,B,92,87,95.27
PRODREC-0001474,MCH-003-01-01,LINE-003-01,PROD-004,2026-01-17,C,81,72,89.1
PRODREC-0001475,MCH-003-01-01,LINE-003-01,PROD-002,2026-01-18,B,90,76,85.42
PRODREC-0001476,MCH-003-01-01,LINE-003-01,PROD-010,2026-01-18,C,132,112,85.09
PRODREC-0001477,MCH-003-01-01,LINE-003-01,PROD-008,2026-01-19,C,135,130,96.37
PRODREC-0001478,MCH-003-01-01,LINE-003-01,PROD-005,2026-01-19,B,110,92,84.37
PRODREC-0001479,MCH-003-01-01,LINE-003-01,PROD-004,2026-01-20,C,145,120,82.86
PRODREC-0001480,MCH-003-01-01,LINE-003-01,PROD-001,2026-01-20,B,108,99,91.77
PRODREC-0001481,MCH-003-01-01,LINE-003-01,PROD-008,2026-01-21,B,120,102,85.41
PRODREC-0001482,MCH-003-01-01,LINE-003-01,PROD-005,2026-01-21,C,119,103,86.56
PRODREC-0001483,MCH-003-01-01,LINE-003-01,PROD-003,2026-01-22,B,122,101,83.49
PRODREC-0001484,MCH-003-01-01,LINE-003-01,PROD-007,2026-01-22,B,127,116,91.46
PRODREC-0001485,MCH-003-01-01,LINE-003-01,PROD-001,2026-01-23,B,81,75,93.74
PRODREC-0001486,MCH-003-01-01,LINE-003-01,PROD-004,2026-01-23,C,124,110,88.8
PRODREC-0001487,MCH-003-01-01,LINE-003-01,PROD-010,2026-01-24,C,125,101,81.35
PRODREC-0001488,MCH-003-01-01,LINE-003-01,PROD-004,2026-01-24,B,140,122,87.36
PRODREC-0001489,MCH-003-01-01,LINE-003-01,PROD-002,2026-01-25,C,138,125,91.03
PRODREC-0001490,MCH-003-01-01,LINE-003-01,PROD-002,2026-01-25,C,101,88,87.22
PRODREC-0001491,MCH-003-01-01,LINE-003-01,PROD-009,2026-01-26,C,100,97,97.23
PRODREC-0001492,MCH-003-01-01,LINE-003-01,PROD-009,2026-01-26,A,126,113,90.17
PRODREC-0001493,MCH-003-01-01,LINE-003-01,PROD-005,2026-01-27,B,97,88,91.68
PRODREC-0001494,MCH-003-01-01,LINE-003-01,PROD-002,2026-01-27,C,113,100,89.37
PRODREC-0001495,MCH-003-01-01,LINE-003-01,PROD-006,2026-01-28,C,123,108,87.94
PRODREC-0001496,MCH-003-01-01,LINE-003-01,PROD-003,2026-01-28,A,113,90,80.53
PRODREC-0001497,MCH-003-01-01,LINE-003-01,PROD-002,2026-01-29,A,92,80,87.62
PRODREC-0001498,MCH-003-01-01,LINE-003-01,PROD-006,2026-01-29,C,125,104,83.72
PRODREC-0001499,MCH-003-01-01,LINE-003-01,PROD-005,2026-01-30,A,142,117,83.05
PRODREC-0001500,MCH-003-01-01,LINE-003-01,PROD-005,2026-01-30,A,129,102,79.45
PRODREC-0001501,MCH-003-01-02,LINE-003-01,PROD-007,2026-01-01,C,80,69,87.16
PRODREC-0001502,MCH-003-01-02,LINE-003-01,PROD-010,2026-01-01,B,122,104,85.29
PRODREC-0001503,MCH-003-01-02,LINE-003-01,PROD-004,2026-01-02,C,114,94,82.64
PRODREC-0001504,MCH-003-01-02,LINE-003-01,PROD-007,2026-01-02,A,113,100,88.55
PRODREC-0001505,MCH-003-01-02,LINE-003-01,PROD-006,2026-01-03,B,87,58,67.67
PRODREC-0001506,MCH-003-01-02,LINE-003-01,PROD-007,2026-01-03,C,110,64,58.86
PRODREC-0001507,MCH-003-01-02,LINE-003-01,PROD-001,2026-01-04,C,129,108,83.9
PRODREC-0001508,MCH-003-01-02,LINE-003-01,PROD-010,2026-01-04,B,98,88,90.73
PRODREC-0001509,MCH-003-01-02,LINE-003-01,PROD-001,2026-01-05,C,149,123,83.1
PRODREC-0001510,MCH-003-01-02,LINE-003-01,PROD-008,2026-01-05,B,140,124,88.84
PRODREC-0001511,MCH-003-01-02,LINE-003-01,PROD-004,2026-01-06,A,92,85,92.89
PRODREC-0001512,MCH-003-01-02,LINE-003-01,PROD-002,2026-01-06,B,118,104,88.64
PRODREC-0001513,MCH-003-01-02,LINE-003-01,PROD-008,2026-01-07,B,119,105,89.0
PRODREC-0001514,MCH-003-01-02,LINE-003-01,PROD-004,2026-01-07,B,93,78,84.43
PRODREC-0001515,MCH-003-01-02,LINE-003-01,PROD-010,2026-01-08,B,143,116,81.35
PRODREC-0001516,MCH-003-01-02,LINE-003-01,PROD-010,2026-01-08,C,130,115,88.51
PRODREC-0001517,MCH-003-01-02,LINE-003-01,PROD-002,2026-01-09,C,136,121,89.53
PRODREC-0001518,MCH-003-01-02,LINE-003-01,PROD-008,2026-01-09,A,131,123,94.29
PRODREC-0001519,MCH-003-01-02,LINE-003-01,PROD-001,2026-01-10,B,132,114,86.83
PRODREC-0001520,MCH-003-01-02,LINE-003-01,PROD-010,2026-01-10,B,145,138,95.65
PRODREC-0001521,MCH-003-01-02,LINE-003-01,PROD-001,2026-01-11,A,82,73,89.93
PRODREC-0001522,MCH-003-01-02,LINE-003-01,PROD-001,2026-01-11,A,148,137,92.75
PRODREC-0001523,MCH-003-01-02,LINE-003-01,PROD-003,2026-01-12,C,128,112,88.04
PRODREC-0001524,MCH-003-01-02,LINE-003-01,PROD-003,2026-01-12,B,136,119,87.71
PRODREC-0001525,MCH-003-01-02,LINE-003-01,PROD-009,2026-01-13,A,91,80,88.46
PRODREC-0001526,MCH-003-01-02,LINE-003-01,PROD-010,2026-01-13,B,117,98,84.24
PRODREC-0001527,MCH-003-01-02,LINE-003-01,PROD-004,2026-01-14,C,88,44,50.57
PRODREC-0001528,MCH-003-01-02,LINE-003-01,PROD-004,2026-01-14,B,82,46,56.71
PRODREC-0001529,MCH-003-01-02,LINE-003-01,PROD-010,2026-01-15,B,93,90,97.49
PRODREC-0001530,MCH-003-01-02,LINE-003-01,PROD-003,2026-01-15,B,93,93,100.0
PRODREC-0001531,MCH-003-01-02,LINE-003-01,PROD-005,2026-01-16,B,108,96,89.28
PRODREC-0001532,MCH-003-01-02,LINE-003-01,PROD-002,2026-01-16,B,113,100,88.67
PRODREC-0001533,MCH-003-01-02,LINE-003-01,PROD-001,2026-01-17,B,141,124,88.29
PRODREC-0001534,MCH-003-01-02,LINE-003-01,PROD-002,2026-01-17,B,146,133,91.77
PRODREC-0001535,MCH-003-01-02,LINE-003-01,PROD-005,2026-01-18,C,109,101,93.26
PRODREC-0001536,MCH-003-01-02,LINE-003-01,PROD-010,2026-01-18,B,122,111,91.09
PRODREC-0001537,MCH-003-01-02,LINE-003-01,PROD-005,2026-01-19,B,84,77,92.1
PRODREC-0001538,MCH-003-01-02,LINE-003-01,PROD-007,2026-01-19,C,136,115,84.84
PRODREC-0001539,MCH-003-01-02,LINE-003-01,PROD-005,2026-01-20,A,125,114,91.97
PRODREC-0001540,MCH-003-01-02,LINE-003-01,PROD-010,2026-01-20,A,119,104,87.76
PRODREC-0001541,MCH-003-01-02,LINE-003-01,PROD-006,2026-01-21,B,131,109,83.44
PRODREC-0001542,MCH-003-01-02,LINE-003-01,PROD-002,2026-01-21,C,136,110,81.57
PRODREC-0001543,MCH-003-01-02,LINE-003-01,PROD-001,2026-01-22,A,105,105,100.0
PRODREC-0001544,MCH-003-01-02,LINE-003-01,PROD-008,2026-01-22,B,114,98,86.51
PRODREC-0001545,MCH-003-01-02,LINE-003-01,PROD-009,2026-01-23,A,126,115,91.95
PRODREC-0001546,MCH-003-01-02,LINE-003-01,PROD-005,2026-01-23,C,134,120,89.63
PRODREC-0001547,MCH-003-01-02,LINE-003-01,PROD-003,2026-01-24,A,87,87,100.0
PRODREC-0001548,MCH-003-01-02,LINE-003-01,PROD-008,2026-01-24,B,124,111,90.07
PRODREC-0001549,MCH-003-01-02,LINE-003-01,PROD-009,2026-01-25,A,138,122,88.61
PRODREC-0001550,MCH-003-01-02,LINE-003-01,PROD-010,2026-01-25,B,102,92,90.4
PRODREC-0001551,MCH-003-01-02,LINE-003-01,PROD-004,2026-01-26,A,87,81,93.35
PRODREC-0001552,MCH-003-01-02,LINE-003-01,PROD-009,2026-01-26,C,123,116,94.89
PRODREC-0001553,MCH-003-01-02,LINE-003-01,PROD-009,2026-01-27,B,107,103,96.49
PRODREC-0001554,MCH-003-01-02,LINE-003-01,PROD-005,2026-01-27,B,105,82,78.48
PRODREC-0001555,MCH-003-01-02,LINE-003-01,PROD-001,2026-01-28,A,100,92,92.02
PRODREC-0001556,MCH-003-01-02,LINE-003-01,PROD-004,2026-01-28,B,117,99,84.87
PRODREC-0001557,MCH-003-01-02,LINE-003-01,PROD-005,2026-01-29,C,95,85,90.27
PRODREC-0001558,MCH-003-01-02,LINE-003-01,PROD-007,2026-01-29,B,134,121,90.39
PRODREC-0001559,MCH-003-01-02,LINE-003-01,PROD-006,2026-01-30,A,130,110,84.67
PRODREC-0001560,MCH-003-01-02,LINE-003-01,PROD-002,2026-01-30,A,104,96,93.16
PRODREC-0001561,MCH-003-01-03,LINE-003-01,PROD-003,2026-01-01,C,110,94,85.46
PRODREC-0001562,MCH-003-01-03,LINE-003-01,PROD-002,2026-01-01,C,96,90,94.72
PRODREC-0001563,MCH-003-01-03,LINE-003-01,PROD-005,2026-01-02,B,99,99,100.0
PRODREC-0001564,MCH-003-01-03,LINE-003-01,PROD-007,2026-01-02,A,147,131,89.33
PRODREC-0001565,MCH-003-01-03,LINE-003-01,PROD-001,2026-01-03,C,149,145,97.76
PRODREC-0001566,MCH-003-01-03,LINE-003-01,PROD-003,2026-01-03,C,116,106,91.7
PRODREC-0001567,MCH-003-01-03,LINE-003-01,PROD-005,2026-01-04,A,146,142,97.86
PRODREC-0001568,MCH-003-01-03,LINE-003-01,PROD-006,2026-01-04,A,111,104,94.1
PRODREC-0001569,MCH-003-01-03,LINE-003-01,PROD-005,2026-01-05,A,106,91,86.34
PRODREC-0001570,MCH-003-01-03,LINE-003-01,PROD-007,2026-01-05,B,132,132,100.0
PRODREC-0001571,MCH-003-01-03,LINE-003-01,PROD-001,2026-01-06,A,100,96,96.04
PRODREC-0001572,MCH-003-01-03,LINE-003-01,PROD-007,2026-01-06,C,126,124,98.91
PRODREC-0001573,MCH-003-01-03,LINE-003-01,PROD-005,2026-01-07,A,126,124,98.97
PRODREC-0001574,MCH-003-01-03,LINE-003-01,PROD-001,2026-01-07,A,146,146,100.0
PRODREC-0001575,MCH-003-01-03,LINE-003-01,PROD-009,2026-01-08,A,144,142,98.93
PRODREC-0001576,MCH-003-01-03,LINE-003-01,PROD-010,2026-01-08,C,123,118,96.31
PRODREC-0001577,MCH-003-01-03,LINE-003-01,PROD-009,2026-01-09,C,122,118,97.37
PRODREC-0001578,MCH-003-01-03,LINE-003-01,PROD-007,2026-01-09,B,83,74,89.16
PRODREC-0001579,MCH-003-01-03,LINE-003-01,PROD-002,2026-01-10,B,124,119,96.45
PRODREC-0001580,MCH-003-01-03,LINE-003-01,PROD-010,2026-01-10,C,93,87,94.29
PRODREC-0001581,MCH-003-01-03,LINE-003-01,PROD-010,2026-01-11,B,88,84,95.76
PRODREC-0001582,MCH-003-01-03,LINE-003-01,PROD-009,2026-01-11,C,110,106,97.05
PRODREC-0001583,MCH-003-01-03,LINE-003-01,PROD-007,2026-01-12,B,122,118,97.26
PRODREC-0001584,MCH-003-01-03,LINE-003-01,PROD-005,2026-01-12,A,109,101,92.95
PRODREC-0001585,MCH-003-01-03,LINE-003-01,PROD-001,2026-01-13,B,134,134,100.0
PRODREC-0001586,MCH-003-01-03,LINE-003-01,PROD-002,2026-01-13,A,105,105,100.0
PRODREC-0001587,MCH-003-01-03,LINE-003-01,PROD-008,2026-01-14,C,100,94,94.85
PRODREC-0001588,MCH-003-01-03,LINE-003-01,PROD-004,2026-01-14,C,111,95,85.72
PRODREC-0001589,MCH-003-01-03,LINE-003-01,PROD-010,2026-01-15,C,106,106,100.0
PRODREC-0001590,MCH-003-01-03,LINE-003-01,PROD-007,2026-01-15,A,149,138,93.2
PRODREC-0001591,MCH-003-01-03,LINE-003-01,PROD-008,2026-01-16,C,83,82,99.29
PRODREC-0001592,MCH-003-01-03,LINE-003-01,PROD-003,2026-01-16,C,84,81,96.64
PRODREC-0001593,MCH-003-01-03,LINE-003-01,PROD-008,2026-01-17,B,119,115,96.64
PRODREC-0001594,MCH-003-01-03,LINE-003-01,PROD-001,2026-01-17,B,90,90,100.0
PRODREC-0001595,MCH-003-01-03,LINE-003-01,PROD-001,2026-01-18,A,127,125,98.75
PRODREC-0001596,MCH-003-01-03,LINE-003-01,PROD-006,2026-01-18,A,81,81,100.0
PRODREC-0001597,MCH-003-01-03,LINE-003-01,PROD-002,2026-01-19,C,111,103,92.8
PRODREC-0001598,MCH-003-01-03,LINE-003-01,PROD-007,2026-01-19,C,106,98,92.63
PRODREC-0001599,MCH-003-01-03,LINE-003-01,PROD-002,2026-01-20,A,135,131,97.25
PRODREC-0001600,MCH-003-01-03,LINE-003-01,PROD-007,2026-01-20,C,142,137,97.09
PRODREC-0001601,MCH-003-01-03,LINE-003-01,PROD-002,2026-01-21,C,123,118,96.13
PRODREC-0001602,MCH-003-01-03,LINE-003-01,PROD-003,2026-01-21,C,121,118,98.32
PRODREC-0001603,MCH-003-01-03,LINE-003-01,PROD-002,2026-01-22,B,98,98,100.0
PRODREC-0001604,MCH-003-01-03,LINE-003-01,PROD-003,2026-01-22,A,128,128,100.0
PRODREC-0001605,MCH-003-01-03,LINE-003-01,PROD-008,2026-01-23,B,141,135,95.92
PRODREC-0001606,MCH-003-01-03,LINE-003-01,PROD-004,2026-01-23,C,127,118,93.45
PRODREC-0001607,MCH-003-01-03,LINE-003-01,PROD-001,2026-01-24,B,141,130,92.48
PRODREC-0001608,MCH-003-01-03,LINE-003-01,PROD-005,2026-01-24,C,87,80,92.75
PRODREC-0001609,MCH-003-01-03,LINE-003-01,PROD-008,2026-01-25,A,127,127,100.0
PRODREC-0001610,MCH-003-01-03,LINE-003-01,PROD-007,2026-01-25,B,124,121,98.29
PRODREC-0001611,MCH-003-01-03,LINE-003-01,PROD-008,2026-01-26,B,112,101,91.02
PRODREC-0001612,MCH-003-01-03,LINE-003-01,PROD-010,2026-01-26,A,96,92,95.94
PRODREC-0001613,MCH-003-01-03,LINE-003-01,PROD-004,2026-01-27,B,136,116,85.67
PRODREC-0001614,MCH-003-01-03,LINE-003-01,PROD-003,2026-01-27,C,132,121,91.89
PRODREC-0001615,MCH-003-01-03,LINE-003-01,PROD-001,2026-01-28,A,82,79,97.34
PRODREC-0001616,MCH-003-01-03,LINE-003-01,PROD-007,2026-01-28,C,97,92,95.34
PRODREC-0001617,MCH-003-01-03,LINE-003-01,PROD-002,2026-01-29,A,127,66,52.06
PRODREC-0001618,MCH-003-01-03,LINE-003-01,PROD-007,2026-01-29,C,108,52,48.93
PRODREC-0001619,MCH-003-01-03,LINE-003-01,PROD-008,2026-01-30,C,137,123,90.0
PRODREC-0001620,MCH-003-01-03,LINE-003-01,PROD-008,2026-01-30,C,103,103,100.0
PRODREC-0001621,MCH-003-01-04,LINE-003-01,PROD-003,2026-01-01,C,133,123,93.12
PRODREC-0001622,MCH-003-01-04,LINE-003-01,PROD-008,2026-01-01,C,130,116,89.3
PRODREC-0001623,MCH-003-01-04,LINE-003-01,PROD-009,2026-01-02,B,116,111,95.79
PRODREC-0001624,MCH-003-01-04,LINE-003-01,PROD-007,2026-01-02,C,133,123,92.61
PRODREC-0001625,MCH-003-01-04,LINE-003-01,PROD-004,2026-01-03,C,112,106,94.79
PRODREC-0001626,MCH-003-01-04,LINE-003-01,PROD-002,2026-01-03,B,137,124,91.23
PRODREC-0001627,MCH-003-01-04,LINE-003-01,PROD-009,2026-01-04,A,120,108,90.75
PRODREC-0001628,MCH-003-01-04,LINE-003-01,PROD-006,2026-01-04,C,94,86,92.24
PRODREC-0001629,MCH-003-01-04,LINE-003-01,PROD-006,2026-01-05,B,135,135,100.0
PRODREC-0001630,MCH-003-01-04,LINE-003-01,PROD-003,2026-01-05,A,100,96,96.71
PRODREC-0001631,MCH-003-01-04,LINE-003-01,PROD-006,2026-01-06,A,99,89,90.27
PRODREC-0001632,MCH-003-01-04,LINE-003-01,PROD-004,2026-01-06,C,116,116,100.0
PRODREC-0001633,MCH-003-01-04,LINE-003-01,PROD-008,2026-01-07,B,115,109,95.41
PRODREC-0001634,MCH-003-01-04,LINE-003-01,PROD-009,2026-01-07,B,116,109,94.54
PRODREC-0001635,MCH-003-01-04,LINE-003-01,PROD-005,2026-01-08,A,96,91,95.24
PRODREC-0001636,MCH-003-01-04,LINE-003-01,PROD-007,2026-01-08,C,126,111,88.55
PRODREC-0001637,MCH-003-01-04,LINE-003-01,PROD-008,2026-01-09,C,116,110,95.52
PRODREC-0001638,MCH-003-01-04,LINE-003-01,PROD-010,2026-01-09,B,124,124,100.0
PRODREC-0001639,MCH-003-01-04,LINE-003-01,PROD-009,2026-01-10,C,100,100,100.0
PRODREC-0001640,MCH-003-01-04,LINE-003-01,PROD-003,2026-01-10,A,113,106,94.12
PRODREC-0001641,MCH-003-01-04,LINE-003-01,PROD-001,2026-01-11,A,95,88,93.24
PRODREC-0001642,MCH-003-01-04,LINE-003-01,PROD-003,2026-01-11,C,135,135,100.0
PRODREC-0001643,MCH-003-01-04,LINE-003-01,PROD-008,2026-01-12,B,104,86,83.24
PRODREC-0001644,MCH-003-01-04,LINE-003-01,PROD-006,2026-01-12,A,85,75,88.96
PRODREC-0001645,MCH-003-01-04,LINE-003-01,PROD-007,2026-01-13,C,112,109,97.75
PRODREC-0001646,MCH-003-01-04,LINE-003-01,PROD-004,2026-01-13,B,127,119,94.14
PRODREC-0001647,MCH-003-01-04,LINE-003-01,PROD-007,2026-01-14,B,91,78,86.65
PRODREC-0001648,MCH-003-01-04,LINE-003-01,PROD-005,2026-01-14,B,82,81,99.87
PRODREC-0001649,MCH-003-01-04,LINE-003-01,PROD-005,2026-01-15,B,118,118,100.0
PRODREC-0001650,MCH-003-01-04,LINE-003-01,PROD-004,2026-01-15,A,123,116,95.02
PRODREC-0001651,MCH-003-01-04,LINE-003-01,PROD-010,2026-01-16,B,134,130,97.66
PRODREC-0001652,MCH-003-01-04,LINE-003-01,PROD-006,2026-01-16,B,123,123,100.0
PRODREC-0001653,MCH-003-01-04,LINE-003-01,PROD-001,2026-01-17,B,93,81,88.01
PRODREC-0001654,MCH-003-01-04,LINE-003-01,PROD-010,2026-01-17,B,86,79,92.27
PRODREC-0001655,MCH-003-01-04,LINE-003-01,PROD-010,2026-01-18,A,123,118,96.56
PRODREC-0001656,MCH-003-01-04,LINE-003-01,PROD-009,2026-01-18,A,80,78,98.66
PRODREC-0001657,MCH-003-01-04,LINE-003-01,PROD-008,2026-01-19,C,95,92,96.86
PRODREC-0001658,MCH-003-01-04,LINE-003-01,PROD-009,2026-01-19,C,113,109,97.34
PRODREC-0001659,MCH-003-01-04,LINE-003-01,PROD-007,2026-01-20,B,147,138,93.94
PRODREC-0001660,MCH-003-01-04,LINE-003-01,PROD-001,2026-01-20,B,90,90,100.0
PRODREC-0001661,MCH-003-01-04,LINE-003-01,PROD-010,2026-01-21,B,134,116,86.8
PRODREC-0001662,MCH-003-01-04,LINE-003-01,PROD-007,2026-01-21,B,82,76,93.51
PRODREC-0001663,MCH-003-01-04,LINE-003-01,PROD-002,2026-01-22,B,96,88,92.42
PRODREC-0001664,MCH-003-01-04,LINE-003-01,PROD-005,2026-01-22,A,127,117,92.29
PRODREC-0001665,MCH-003-01-04,LINE-003-01,PROD-008,2026-01-23,C,88,88,100.0
PRODREC-0001666,MCH-003-01-04,LINE-003-01,PROD-002,2026-01-23,C,83,81,98.58
PRODREC-0001667,MCH-003-01-04,LINE-003-01,PROD-008,2026-01-24,A,113,111,98.66
PRODREC-0001668,MCH-003-01-04,LINE-003-01,PROD-002,2026-01-24,B,112,105,94.13
PRODREC-0001669,MCH-003-01-04,LINE-003-01,PROD-008,2026-01-25,B,133,85,64.04
PRODREC-0001670,MCH-003-01-04,LINE-003-01,PROD-007,2026-01-25,A,115,70,61.18
PRODREC-0001671,MCH-003-01-04,LINE-003-01,PROD-010,2026-01-26,B,121,116,96.44
PRODREC-0001672,MCH-003-01-04,LINE-003-01,PROD-001,2026-01-26,C,90,82,92.07
PRODREC-0001673,MCH-003-01-04,LINE-003-01,PROD-009,2026-01-27,C,142,130,91.65
PRODREC-0001674,MCH-003-01-04,LINE-003-01,PROD-001,2026-01-27,C,92,82,89.66
PRODREC-0001675,MCH-003-01-04,LINE-003-01,PROD-010,2026-01-28,B,95,95,100.0
PRODREC-0001676,MCH-003-01-04,LINE-003-01,PROD-005,2026-01-28,B,141,141,100.0
PRODREC-0001677,MCH-003-01-04,LINE-003-01,PROD-009,2026-01-29,B,117,110,94.35
PRODREC-0001678,MCH-003-01-04,LINE-003-01,PROD-003,2026-01-29,A,92,82,89.68
PRODREC-0001679,MCH-003-01-04,LINE-003-01,PROD-001,2026-01-30,C,118,111,94.39
PRODREC-0001680,MCH-003-01-04,LINE-003-01,PROD-010,2026-01-30,A,88,87,99.89
PRODREC-0001681,MCH-003-02-01,LINE-003-02,PROD-003,2026-01-01,B,99,81,81.82
PRODREC-0001682,MCH-003-02-01,LINE-003-02,PROD-002,2026-01-01,B,84,77,92.37
PRODREC-0001683,MCH-003-02-01,LINE-003-02,PROD-009,2026-01-02,C,138,123,89.51
PRODREC-0001684,MCH-003-02-01,LINE-003-02,PROD-003,2026-01-02,B,144,143,99.91
PRODREC-0001685,MCH-003-02-01,LINE-003-02,PROD-009,2026-01-03,C,146,139,95.47
PRODREC-0001686,MCH-003-02-01,LINE-003-02,PROD-007,2026-01-03,C,90,83,92.67
PRODREC-0001687,MCH-003-02-01,LINE-003-02,PROD-001,2026-01-04,A,91,82,91.2
PRODREC-0001688,MCH-003-02-01,LINE-003-02,PROD-010,2026-01-04,B,117,103,88.2
PRODREC-0001689,MCH-003-02-01,LINE-003-02,PROD-008,2026-01-05,A,107,97,90.69
PRODREC-0001690,MCH-003-02-01,LINE-003-02,PROD-005,2026-01-05,C,101,96,95.79
PRODREC-0001691,MCH-003-02-01,LINE-003-02,PROD-007,2026-01-06,A,94,86,91.98
PRODREC-0001692,MCH-003-02-01,LINE-003-02,PROD-007,2026-01-06,A,149,135,90.65
PRODREC-0001693,MCH-003-02-01,LINE-003-02,PROD-002,2026-01-07,B,82,69,85.35
PRODREC-0001694,MCH-003-02-01,LINE-003-02,PROD-010,2026-01-07,A,105,92,88.5
PRODREC-0001695,MCH-003-02-01,LINE-003-02,PROD-001,2026-01-08,C,113,104,92.53
PRODREC-0001696,MCH-003-02-01,LINE-003-02,PROD-004,2026-01-08,A,123,105,85.89
PRODREC-0001697,MCH-003-02-01,LINE-003-02,PROD-007,2026-01-09,B,81,81,100.0
PRODREC-0001698,MCH-003-02-01,LINE-003-02,PROD-010,2026-01-09,A,126,112,89.4
PRODREC-0001699,MCH-003-02-01,LINE-003-02,PROD-004,2026-01-10,A,103,58,56.59
PRODREC-0001700,MCH-003-02-01,LINE-003-02,PROD-001,2026-01-10,B,111,55,49.94
PRODREC-0001701,MCH-003-02-01,LINE-003-02,PROD-005,2026-01-11,A,145,145,100.0
PRODREC-0001702,MCH-003-02-01,LINE-003-02,PROD-009,2026-01-11,C,142,139,98.24
PRODREC-0001703,MCH-003-02-01,LINE-003-02,PROD-010,2026-01-12,C,120,120,100.0
PRODREC-0001704,MCH-003-02-01,LINE-003-02,PROD-001,2026-01-12,C,107,105,98.21
PRODREC-0001705,MCH-003-02-01,LINE-003-02,PROD-006,2026-01-13,B,122,111,91.26
PRODREC-0001706,MCH-003-02-01,LINE-003-02,PROD-003,2026-01-13,A,133,115,86.84
PRODREC-0001707,MCH-003-02-01,LINE-003-02,PROD-004,2026-01-14,B,131,123,94.63
PRODREC-0001708,MCH-003-02-01,LINE-003-02,PROD-004,2026-01-14,A,136,126,92.87
PRODREC-0001709,MCH-003-02-01,LINE-003-02,PROD-003,2026-01-15,B,116,110,95.21
PRODREC-0001710,MCH-003-02-01,LINE-003-02,PROD-003,2026-01-15,B,81,73,91.24
PRODREC-0001711,MCH-003-02-01,LINE-003-02,PROD-002,2026-01-16,B,93,88,95.1
PRODREC-0001712,MCH-003-02-01,LINE-003-02,PROD-005,2026-01-16,B,144,118,82.29
PRODREC-0001713,MCH-003-02-01,LINE-003-02,PROD-010,2026-01-17,B,129,121,94.46
PRODREC-0001714,MCH-003-02-01,LINE-003-02,PROD-003,2026-01-17,C,108,103,96.24
PRODREC-0001715,MCH-003-02-01,LINE-003-02,PROD-003,2026-01-18,A,85,72,85.6
PRODREC-0001716,MCH-003-02-01,LINE-003-02,PROD-002,2026-01-18,C,95,89,94.4
PRODREC-0001717,MCH-003-02-01,LINE-003-02,PROD-003,2026-01-19,A,109,99,91.58
PRODREC-0001718,MCH-003-02-01,LINE-003-02,PROD-006,2026-01-19,A,135,126,93.47
PRODREC-0001719,MCH-003-02-01,LINE-003-02,PROD-007,2026-01-20,C,148,128,86.77
PRODREC-0001720,MCH-003-02-01,LINE-003-02,PROD-008,2026-01-20,A,129,118,91.86
PRODREC-0001721,MCH-003-02-01,LINE-003-02,PROD-009,2026-01-21,B,110,108,98.39
PRODREC-0001722,MCH-003-02-01,LINE-003-02,PROD-006,2026-01-21,C,89,83,93.44
PRODREC-0001723,MCH-003-02-01,LINE-003-02,PROD-006,2026-01-22,B,114,112,98.9
PRODREC-0001724,MCH-003-02-01,LINE-003-02,PROD-009,2026-01-22,B,105,100,95.38
PRODREC-0001725,MCH-003-02-01,LINE-003-02,PROD-003,2026-01-23,C,94,93,99.0
PRODREC-0001726,MCH-003-02-01,LINE-003-02,PROD-001,2026-01-23,B,92,83,90.31
PRODREC-0001727,MCH-003-02-01,LINE-003-02,PROD-005,2026-01-24,A,122,119,97.58
PRODREC-0001728,MCH-003-02-01,LINE-003-02,PROD-009,2026-01-24,A,122,113,93.27
PRODREC-0001729,MCH-003-02-01,LINE-003-02,PROD-010,2026-01-25,B,93,88,94.92
PRODREC-0001730,MCH-003-02-01,LINE-003-02,PROD-004,2026-01-25,A,144,132,92.17
PRODREC-0001731,MCH-003-02-01,LINE-003-02,PROD-001,2026-01-26,B,115,111,96.59
PRODREC-0001732,MCH-003-02-01,LINE-003-02,PROD-008,2026-01-26,B,98,91,93.52
PRODREC-0001733,MCH-003-02-01,LINE-003-02,PROD-003,2026-01-27,A,144,133,92.46
PRODREC-0001734,MCH-003-02-01,LINE-003-02,PROD-008,2026-01-27,A,117,111,95.51
PRODREC-0001735,MCH-003-02-01,LINE-003-02,PROD-001,2026-01-28,B,133,116,87.76
PRODREC-0001736,MCH-003-02-01,LINE-003-02,PROD-002,2026-01-28,A,134,124,92.86
PRODREC-0001737,MCH-003-02-01,LINE-003-02,PROD-009,2026-01-29,C,135,135,100.0
PRODREC-0001738,MCH-003-02-01,LINE-003-02,PROD-007,2026-01-29,B,137,120,88.04
PRODREC-0001739,MCH-003-02-01,LINE-003-02,PROD-006,2026-01-30,B,148,142,96.23
PRODREC-0001740,MCH-003-02-01,LINE-003-02,PROD-003,2026-01-30,B,120,116,96.84
PRODREC-0001741,MCH-003-02-02,LINE-003-02,PROD-005,2026-01-01,C,107,94,87.88
PRODREC-0001742,MCH-003-02-02,LINE-003-02,PROD-006,2026-01-01,A,107,92,86.85
PRODREC-0001743,MCH-003-02-02,LINE-003-02,PROD-005,2026-01-02,C,142,107,76.0
PRODREC-0001744,MCH-003-02-02,LINE-003-02,PROD-001,2026-01-02,A,132,121,92.38
PRODREC-0001745,MCH-003-02-02,LINE-003-02,PROD-004,2026-01-03,A,127,122,96.55
PRODREC-0001746,MCH-003-02-02,LINE-003-02,PROD-004,2026-01-03,B,127,103,81.79
PRODREC-0001747,MCH-003-02-02,LINE-003-02,PROD-006,2026-01-04,C,117,113,96.81
PRODREC-0001748,MCH-003-02-02,LINE-003-02,PROD-006,2026-01-04,B,89,81,91.34
PRODREC-0001749,MCH-003-02-02,LINE-003-02,PROD-009,2026-01-05,C,146,115,79.27
PRODREC-0001750,MCH-003-02-02,LINE-003-02,PROD-010,2026-01-05,A,125,117,94.07
PRODREC-0001751,MCH-003-02-02,LINE-003-02,PROD-008,2026-01-06,A,104,93,90.2
PRODREC-0001752,MCH-003-02-02,LINE-003-02,PROD-001,2026-01-06,A,99,82,83.43
PRODREC-0001753,MCH-003-02-02,LINE-003-02,PROD-005,2026-01-07,A,121,103,85.22
PRODREC-0001754,MCH-003-02-02,LINE-003-02,PROD-010,2026-01-07,C,91,84,92.99
PRODREC-0001755,MCH-003-02-02,LINE-003-02,PROD-004,2026-01-08,C,146,120,82.76
PRODREC-0001756,MCH-003-02-02,LINE-003-02,PROD-010,2026-01-08,A,121,108,89.42
PRODREC-0001757,MCH-003-02-02,LINE-003-02,PROD-003,2026-01-09,C,95,78,82.6
PRODREC-0001758,MCH-003-02-02,LINE-003-02,PROD-007,2026-01-09,A,106,98,92.48
PRODREC-0001759,MCH-003-02-02,LINE-003-02,PROD-002,2026-01-10,B,106,93,88.47
PRODREC-0001760,MCH-003-02-02,LINE-003-02,PROD-007,2026-01-10,C,126,110,87.51
PRODREC-0001761,MCH-003-02-02,LINE-003-02,PROD-002,2026-01-11,B,130,109,84.46
PRODREC-0001762,MCH-003-02-02,LINE-003-02,PROD-004,2026-01-11,A,147,133,90.77
PRODREC-0001763,MCH-003-02-02,LINE-003-02,PROD-009,2026-01-12,C,143,129,90.75
PRODREC-0001764,MCH-003-02-02,LINE-003-02,PROD-007,2026-01-12,A,92,86,93.68
PRODREC-0001765,MCH-003-02-02,LINE-003-02,PROD-001,2026-01-13,B,132,103,78.59
PRODREC-0001766,MCH-003-02-02,LINE-003-02,PROD-002,2026-01-13,B,82,82,100.0
PRODREC-0001767,MCH-003-02-02,LINE-003-02,PROD-010,2026-01-14,B,103,95,93.08
PRODREC-0001768,MCH-003-02-02,LINE-003-02,PROD-010,2026-01-14,C,110,108,98.69
PRODREC-0001769,MCH-003-02-02,LINE-003-02,PROD-005,2026-01-15,B,100,89,89.65
PRODREC-0001770,MCH-003-02-02,LINE-003-02,PROD-010,2026-01-15,A,119,109,91.71
PRODREC-0001771,MCH-003-02-02,LINE-003-02,PROD-006,2026-01-16,C,86,82,96.35
PRODREC-0001772,MCH-003-02-02,LINE-003-02,PROD-004,2026-01-16,A,112,95,85.29
PRODREC-0001773,MCH-003-02-02,LINE-003-02,PROD-006,2026-01-17,C,98,89,90.92
PRODREC-0001774,MCH-003-02-02,LINE-003-02,PROD-003,2026-01-17,B,126,108,86.37
PRODREC-0001775,MCH-003-02-02,LINE-003-02,PROD-009,2026-01-18,B,138,124,90.38
PRODREC-0001776,MCH-003-02-02,LINE-003-02,PROD-001,2026-01-18,B,92,84,92.17
PRODREC-0001777,MCH-003-02-02,LINE-003-02,PROD-010,2026-01-19,B,93,74,80.35
PRODREC-0001778,MCH-003-02-02,LINE-003-02,PROD-007,2026-01-19,B,134,114,85.37
PRODREC-0001779,MCH-003-02-02,LINE-003-02,PROD-009,2026-01-20,B,117,104,89.03
PRODREC-0001780,MCH-003-02-02,LINE-003-02,PROD-003,2026-01-20,C,137,109,80.22
PRODREC-0001781,MCH-003-02-02,LINE-003-02,PROD-007,2026-01-21,A,140,126,90.63
PRODREC-0001782,MCH-003-02-02,LINE-003-02,PROD-006,2026-01-21,C,134,112,84.03
PRODREC-0001783,MCH-003-02-02,LINE-003-02,PROD-006,2026-01-22,A,87,73,84.22
PRODREC-0001784,MCH-003-02-02,LINE-003-02,PROD-006,2026-01-22,A,80,68,85.34
PRODREC-0001785,MCH-003-02-02,LINE-003-02,PROD-001,2026-01-23,B,117,97,83.68
PRODREC-0001786,MCH-003-02-02,LINE-003-02,PROD-010,2026-01-23,A,87,74,85.38
PRODREC-0001787,MCH-003-02-02,LINE-003-02,PROD-002,2026-01-24,B,147,129,88.22
PRODREC-0001788,MCH-003-02-02,LINE-003-02,PROD-003,2026-01-24,B,103,88,85.6
PRODREC-0001789,MCH-003-02-02,LINE-003-02,PROD-002,2026-01-25,C,132,115,87.8
PRODREC-0001790,MCH-003-02-02,LINE-003-02,PROD-010,2026-01-25,B,109,103,94.66
PRODREC-0001791,MCH-003-02-02,LINE-003-02,PROD-006,2026-01-26,A,144,120,83.97
PRODREC-0001792,MCH-003-02-02,LINE-003-02,PROD-009,2026-01-26,B,126,107,85.54
PRODREC-0001793,MCH-003-02-02,LINE-003-02,PROD-004,2026-01-27,C,149,132,88.64
PRODREC-0001794,MCH-003-02-02,LINE-003-02,PROD-001,2026-01-27,B,98,88,90.07
PRODREC-0001795,MCH-003-02-02,LINE-003-02,PROD-006,2026-01-28,C,99,79,80.2
PRODREC-0001796,MCH-003-02-02,LINE-003-02,PROD-001,2026-01-28,C,119,101,85.61
PRODREC-0001797,MCH-003-02-02,LINE-003-02,PROD-006,2026-01-29,A,94,65,69.71
PRODREC-0001798,MCH-003-02-02,LINE-003-02,PROD-001,2026-01-29,B,111,50,45.68
PRODREC-0001799,MCH-003-02-02,LINE-003-02,PROD-009,2026-01-30,A,97,87,90.05
PRODREC-0001800,MCH-003-02-02,LINE-003-02,PROD-010,2026-01-30,C,123,109,89.13
PRODREC-0001801,MCH-003-02-03,LINE-003-02,PROD-002,2026-01-01,B,81,74,92.23
PRODREC-0001802,MCH-003-02-03,LINE-003-02,PROD-005,2026-01-01,A,135,123,91.8
PRODREC-0001803,MCH-003-02-03,LINE-003-02,PROD-001,2026-01-02,B,84,75,89.71
PRODREC-0001804,MCH-003-02-03,LINE-003-02,PROD-002,2026-01-02,A,88,76,86.99
PRODREC-0001805,MCH-003-02-03,LINE-003-02,PROD-008,2026-01-03,B,100,100,100.0
PRODREC-0001806,MCH-003-02-03,LINE-003-02,PROD-010,2026-01-03,B,148,124,84.27
PRODREC-0001807,MCH-003-02-03,LINE-003-02,PROD-004,2026-01-04,A,124,116,93.82
PRODREC-0001808,MCH-003-02-03,LINE-003-02,PROD-006,2026-01-04,C,117,116,99.52
PRODREC-0001809,MCH-003-02-03,LINE-003-02,PROD-007,2026-01-05,B,94,85,91.21
PRODREC-0001810,MCH-003-02-03,LINE-003-02,PROD-007,2026-01-05,A,137,127,93.2
PRODREC-0001811,MCH-003-02-03,LINE-003-02,PROD-005,2026-01-06,C,141,138,98.36
PRODREC-0001812,MCH-003-02-03,LINE-003-02,PROD-007,2026-01-06,B,89,76,85.97
PRODREC-0001813,MCH-003-02-03,LINE-003-02,PROD-005,2026-01-07,A,146,136,93.56
PRODREC-0001814,MCH-003-02-03,LINE-003-02,PROD-007,2026-01-07,C,113,108,95.93
PRODREC-0001815,MCH-003-02-03,LINE-003-02,PROD-004,2026-01-08,B,109,62,57.36
PRODREC-0001816,MCH-003-02-03,LINE-003-02,PROD-003,2026-01-08,A,97,50,52.35
PRODREC-0001817,MCH-003-02-03,LINE-003-02,PROD-007,2026-01-09,A,106,95,89.68
PRODREC-0001818,MCH-003-02-03,LINE-003-02,PROD-010,2026-01-09,B,109,108,99.2
PRODREC-0001819,MCH-003-02-03,LINE-003-02,PROD-009,2026-01-10,B,117,102,87.63
PRODREC-0001820,MCH-003-02-03,LINE-003-02,PROD-008,2026-01-10,C,125,106,85.49
PRODREC-0001821,MCH-003-02-03,LINE-003-02,PROD-002,2026-01-11,A,83,72,87.28
PRODREC-0001822,MCH-003-02-03,LINE-003-02,PROD-007,2026-01-11,C,88,84,95.69
PRODREC-0001823,MCH-003-02-03,LINE-003-02,PROD-001,2026-01-12,B,137,127,93.39
PRODREC-0001824,MCH-003-02-03,LINE-003-02,PROD-009,2026-01-12,B,133,119,89.99
PRODREC-0001825,MCH-003-02-03,LINE-003-02,PROD-009,2026-01-13,C,80,74,93.16
PRODREC-0001826,MCH-003-02-03,LINE-003-02,PROD-005,2026-01-13,A,86,81,94.57
PRODREC-0001827,MCH-003-02-03,LINE-003-02,PROD-002,2026-01-14,C,135,111,82.65
PRODREC-0001828,MCH-003-02-03,LINE-003-02,PROD-001,2026-01-14,A,133,117,88.5
PRODREC-0001829,MCH-003-02-03,LINE-003-02,PROD-004,2026-01-15,C,145,135,93.55
PRODREC-0001830,MCH-003-02-03,LINE-003-02,PROD-004,2026-01-15,C,96,86,90.08
PRODREC-0001831,MCH-003-02-03,LINE-003-02,PROD-010,2026-01-16,A,89,89,100.0
PRODREC-0001832,MCH-003-02-03,LINE-003-02,PROD-005,2026-01-16,B,83,75,91.41
PRODREC-0001833,MCH-003-02-03,LINE-003-02,PROD-001,2026-01-17,A,109,99,90.84
PRODREC-0001834,MCH-003-02-03,LINE-003-02,PROD-004,2026-01-17,C,140,129,92.21
PRODREC-0001835,MCH-003-02-03,LINE-003-02,PROD-006,2026-01-18,C,118,109,92.41
PRODREC-0001836,MCH-003-02-03,LINE-003-02,PROD-009,2026-01-18,B,147,135,92.22
PRODREC-0001837,MCH-003-02-03,LINE-003-02,PROD-010,2026-01-19,A,90,82,91.99
PRODREC-0001838,MCH-003-02-03,LINE-003-02,PROD-010,2026-01-19,A,122,118,97.0
PRODREC-0001839,MCH-003-02-03,LINE-003-02,PROD-007,2026-01-20,B,135,112,83.12
PRODREC-0001840,MCH-003-02-03,LINE-003-02,PROD-009,2026-01-20,B,102,94,92.67
PRODREC-0001841,MCH-003-02-03,LINE-003-02,PROD-006,2026-01-21,C,85,77,90.91
PRODREC-0001842,MCH-003-02-03,LINE-003-02,PROD-006,2026-01-21,A,147,130,88.9
PRODREC-0001843,MCH-003-02-03,LINE-003-02,PROD-003,2026-01-22,A,97,52,54.43
PRODREC-0001844,MCH-003-02-03,LINE-003-02,PROD-004,2026-01-22,A,119,75,63.19
PRODREC-0001845,MCH-003-02-03,LINE-003-02,PROD-008,2026-01-23,C,126,119,95.15
PRODREC-0001846,MCH-003-02-03,LINE-003-02,PROD-002,2026-01-23,C,113,111,98.64
PRODREC-0001847,MCH-003-02-03,LINE-003-02,PROD-006,2026-01-24,C,132,130,98.52
PRODREC-0001848,MCH-003-02-03,LINE-003-02,PROD-003,2026-01-24,C,113,106,94.27
PRODREC-0001849,MCH-003-02-03,LINE-003-02,PROD-005,2026-01-25,C,113,108,96.11
PRODREC-0001850,MCH-003-02-03,LINE-003-02,PROD-003,2026-01-25,B,141,129,91.52
PRODREC-0001851,MCH-003-02-03,LINE-003-02,PROD-005,2026-01-26,B,91,87,96.47
PRODREC-0001852,MCH-003-02-03,LINE-003-02,PROD-002,2026-01-26,A,149,132,89.03
PRODREC-0001853,MCH-003-02-03,LINE-003-02,PROD-007,2026-01-27,B,107,92,86.24
PRODREC-0001854,MCH-003-02-03,LINE-003-02,PROD-008,2026-01-27,B,112,111,99.91
PRODREC-0001855,MCH-003-02-03,LINE-003-02,PROD-004,2026-01-28,A,99,97,98.27
PRODREC-0001856,MCH-003-02-03,LINE-003-02,PROD-009,2026-01-28,B,82,75,92.36
PRODREC-0001857,MCH-003-02-03,LINE-003-02,PROD-002,2026-01-29,C,88,74,85.09
PRODREC-0001858,MCH-003-02-03,LINE-003-02,PROD-001,2026-01-29,A,144,137,95.17
PRODREC-0001859,MCH-003-02-03,LINE-003-02,PROD-006,2026-01-30,A,94,83,88.56
PRODREC-0001860,MCH-003-02-03,LINE-003-02,PROD-006,2026-01-30,B,127,114,90.31
PRODREC-0001861,MCH-003-02-04,LINE-003-02,PROD-003,2026-01-01,C,88,86,97.74
PRODREC-0001862,MCH-003-02-04,LINE-003-02,PROD-003,2026-01-01,C,98,91,93.21
PRODREC-0001863,MCH-003-02-04,LINE-003-02,PROD-008,2026-01-02,C,82,82,100.0
PRODREC-0001864,MCH-003-02-04,LINE-003-02,PROD-004,2026-01-02,A,100,95,95.4
PRODREC-0001865,MCH-003-02-04,LINE-003-02,PROD-010,2026-01-03,B,82,42,52.03
PRODREC-0001866,MCH-003-02-04,LINE-003-02,PROD-007,2026-01-03,A,114,71,62.81
PRODREC-0001867,MCH-003-02-04,LINE-003-02,PROD-002,2026-01-04,B,103,99,96.21
PRODREC-0001868,MCH-003-02-04,LINE-003-02,PROD-002,2026-01-04,C,90,83,92.75
PRODREC-0001869,MCH-003-02-04,LINE-003-02,PROD-005,2026-01-05,C,126,121,96.38
PRODREC-0001870,MCH-003-02-04,LINE-003-02,PROD-003,2026-01-05,A,88,87,99.19
PRODREC-0001871,MCH-003-02-04,LINE-003-02,PROD-003,2026-01-06,C,104,98,95.17
PRODREC-0001872,MCH-003-02-04,LINE-003-02,PROD-007,2026-01-06,A,114,114,100.0
PRODREC-0001873,MCH-003-02-04,LINE-003-02,PROD-003,2026-01-07,A,112,106,95.52
PRODREC-0001874,MCH-003-02-04,LINE-003-02,PROD-010,2026-01-07,A,99,94,95.18
PRODREC-0001875,MCH-003-02-04,LINE-003-02,PROD-003,2026-01-08,A,141,135,96.15
PRODREC-0001876,MCH-003-02-04,LINE-003-02,PROD-001,2026-01-08,C,88,88,100.0
PRODREC-0001877,MCH-003-02-04,LINE-003-02,PROD-005,2026-01-09,A,93,92,99.33
PRODREC-0001878,MCH-003-02-04,LINE-003-02,PROD-002,2026-01-09,A,123,120,98.0
PRODREC-0001879,MCH-003-02-04,LINE-003-02,PROD-006,2026-01-10,C,117,107,91.65
PRODREC-0001880,MCH-003-02-04,LINE-003-02,PROD-009,2026-01-10,B,149,149,100.0
PRODREC-0001881,MCH-003-02-04,LINE-003-02,PROD-007,2026-01-11,C,126,122,96.93
PRODREC-0001882,MCH-003-02-04,LINE-003-02,PROD-006,2026-01-11,C,92,83,91.02
PRODREC-0001883,MCH-003-02-04,LINE-003-02,PROD-004,2026-01-12,C,99,99,100.0
PRODREC-0001884,MCH-003-02-04,LINE-003-02,PROD-001,2026-01-12,A,117,117,100.0
PRODREC-0001885,MCH-003-02-04,LINE-003-02,PROD-010,2026-01-13,A,130,120,92.71
PRODREC-0001886,MCH-003-02-04,LINE-003-02,PROD-006,2026-01-13,A,88,84,95.72
PRODREC-0001887,MCH-003-02-04,LINE-003-02,PROD-007,2026-01-14,C,96,89,92.85
PRODREC-0001888,MCH-003-02-04,LINE-003-02,PROD-008,2026-01-14,B,136,133,98.12
PRODREC-0001889,MCH-003-02-04,LINE-003-02,PROD-010,2026-01-15,A,127,119,94.45
PRODREC-0001890,MCH-003-02-04,LINE-003-02,PROD-002,2026-01-15,C,93,93,100.0
PRODREC-0001891,MCH-003-02-04,LINE-003-02,PROD-002,2026-01-16,C,125,121,97.57
PRODREC-0001892,MCH-003-02-04,LINE-003-02,PROD-008,2026-01-16,C,143,135,94.66
PRODREC-0001893,MCH-003-02-04,LINE-003-02,PROD-008,2026-01-17,B,108,108,100.0
PRODREC-0001894,MCH-003-02-04,LINE-003-02,PROD-006,2026-01-17,A,83,74,89.39
PRODREC-0001895,MCH-003-02-04,LINE-003-02,PROD-007,2026-01-18,B,125,110,88.46
PRODREC-0001896,MCH-003-02-04,LINE-003-02,PROD-005,2026-01-18,B,88,88,100.0
PRODREC-0001897,MCH-003-02-04,LINE-003-02,PROD-002,2026-01-19,C,140,121,86.81
PRODREC-0001898,MCH-003-02-04,LINE-003-02,PROD-005,2026-01-19,A,83,78,94.77
PRODREC-0001899,MCH-003-02-04,LINE-003-02,PROD-003,2026-01-20,C,96,96,100.0
PRODREC-0001900,MCH-003-02-04,LINE-003-02,PROD-002,2026-01-20,C,144,131,91.41
PRODREC-0001901,MCH-003-02-04,LINE-003-02,PROD-009,2026-01-21,B,124,117,94.75
PRODREC-0001902,MCH-003-02-04,LINE-003-02,PROD-009,2026-01-21,B,119,116,98.23
PRODREC-0001903,MCH-003-02-04,LINE-003-02,PROD-002,2026-01-22,A,101,63,62.6
PRODREC-0001904,MCH-003-02-04,LINE-003-02,PROD-005,2026-01-22,B,143,91,63.86
PRODREC-0001905,MCH-003-02-04,LINE-003-02,PROD-004,2026-01-23,B,141,130,92.35
PRODREC-0001906,MCH-003-02-04,LINE-003-02,PROD-008,2026-01-23,A,141,132,94.27
PRODREC-0001907,MCH-003-02-04,LINE-003-02,PROD-005,2026-01-24,B,83,78,94.13
PRODREC-0001908,MCH-003-02-04,LINE-003-02,PROD-010,2026-01-24,B,118,111,94.91
PRODREC-0001909,MCH-003-02-04,LINE-003-02,PROD-010,2026-01-25,B,126,124,98.44
PRODREC-0001910,MCH-003-02-04,LINE-003-02,PROD-008,2026-01-25,A,134,125,93.33
PRODREC-0001911,MCH-003-02-04,LINE-003-02,PROD-006,2026-01-26,A,106,99,94.27
PRODREC-0001912,MCH-003-02-04,LINE-003-02,PROD-008,2026-01-26,A,131,130,99.27
PRODREC-0001913,MCH-003-02-04,LINE-003-02,PROD-003,2026-01-27,C,135,113,83.82
PRODREC-0001914,MCH-003-02-04,LINE-003-02,PROD-004,2026-01-27,C,105,98,93.35
PRODREC-0001915,MCH-003-02-04,LINE-003-02,PROD-010,2026-01-28,B,128,76,59.66
PRODREC-0001916,MCH-003-02-04,LINE-003-02,PROD-003,2026-01-28,C,106,70,66.82
PRODREC-0001917,MCH-003-02-04,LINE-003-02,PROD-010,2026-01-29,A,86,86,100.0
PRODREC-0001918,MCH-003-02-04,LINE-003-02,PROD-004,2026-01-29,A,88,76,87.46
PRODREC-0001919,MCH-003-02-04,LINE-003-02,PROD-007,2026-01-30,C,142,132,92.99
PRODREC-0001920,MCH-003-02-04,LINE-003-02,PROD-005,2026-01-30,B,93,90,97.6
PRODREC-0001921,MCH-003-03-01,LINE-003-03,PROD-010,2026-01-01,B,149,140,94.59
PRODREC-0001922,MCH-003-03-01,LINE-003-03,PROD-009,2026-01-01,A,84,71,85.12
PRODREC-0001923,MCH-003-03-01,LINE-003-03,PROD-003,2026-01-02,B,132,121,92.35
PRODREC-0001924,MCH-003-03-01,LINE-003-03,PROD-003,2026-01-02,B,96,95,99.34
PRODREC-0001925,MCH-003-03-01,LINE-003-03,PROD-009,2026-01-03,C,126,114,90.79
PRODREC-0001926,MCH-003-03-01,LINE-003-03,PROD-004,2026-01-03,A,91,88,96.89
PRODREC-0001927,MCH-003-03-01,LINE-003-03,PROD-003,2026-01-04,C,134,134,100.0
PRODREC-0001928,MCH-003-03-01,LINE-003-03,PROD-007,2026-01-04,C,123,117,95.78
PRODREC-0001929,MCH-003-03-01,LINE-003-03,PROD-002,2026-01-05,C,147,142,96.71
PRODREC-0001930,MCH-003-03-01,LINE-003-03,PROD-005,2026-01-05,C,91,85,94.45
PRODREC-0001931,MCH-003-03-01,LINE-003-03,PROD-009,2026-01-06,A,87,84,97.19
PRODREC-0001932,MCH-003-03-01,LINE-003-03,PROD-003,2026-01-06,C,101,93,92.98
PRODREC-0001933,MCH-003-03-01,LINE-003-03,PROD-009,2026-01-07,B,108,108,100.0
PRODREC-0001934,MCH-003-03-01,LINE-003-03,PROD-005,2026-01-07,C,123,111,90.74
PRODREC-0001935,MCH-003-03-01,LINE-003-03,PROD-008,2026-01-08,A,125,121,97.46
PRODREC-0001936,MCH-003-03-01,LINE-003-03,PROD-006,2026-01-08,A,126,116,92.43
PRODREC-0001937,MCH-003-03-01,LINE-003-03,PROD-004,2026-01-09,C,104,98,94.86
PRODREC-0001938,MCH-003-03-01,LINE-003-03,PROD-003,2026-01-09,B,87,79,91.72
PRODREC-0001939,MCH-003-03-01,LINE-003-03,PROD-002,2026-01-10,C,115,111,96.82
PRODREC-0001940,MCH-003-03-01,LINE-003-03,PROD-008,2026-01-10,B,118,104,88.27
PRODREC-0001941,MCH-003-03-01,LINE-003-03,PROD-007,2026-01-11,C,97,88,90.87
PRODREC-0001942,MCH-003-03-01,LINE-003-03,PROD-010,2026-01-11,B,88,83,95.33
PRODREC-0001943,MCH-003-03-01,LINE-003-03,PROD-004,2026-01-12,A,111,109,99.01
PRODREC-0001944,MCH-003-03-01,LINE-003-03,PROD-004,2026-01-12,C,128,125,98.11
PRODREC-0001945,MCH-003-03-01,LINE-003-03,PROD-009,2026-01-13,B,108,105,97.94
PRODREC-0001946,MCH-003-03-01,LINE-003-03,PROD-003,2026-01-13,B,82,73,89.62
PRODREC-0001947,MCH-003-03-01,LINE-003-03,PROD-003,2026-01-14,A,149,136,91.69
PRODREC-0001948,MCH-003-03-01,LINE-003-03,PROD-003,2026-01-14,C,137,136,99.82
PRODREC-0001949,MCH-003-03-01,LINE-003-03,PROD-010,2026-01-15,B,86,78,91.27
PRODREC-0001950,MCH-003-03-01,LINE-003-03,PROD-006,2026-01-15,B,108,102,95.22
PRODREC-0001951,MCH-003-03-01,LINE-003-03,PROD-002,2026-01-16,B,142,130,91.94
PRODREC-0001952,MCH-003-03-01,LINE-003-03,PROD-008,2026-01-16,A,121,111,92.12
PRODREC-0001953,MCH-003-03-01,LINE-003-03,PROD-006,2026-01-17,B,81,75,93.06
PRODREC-0001954,MCH-003-03-01,LINE-003-03,PROD-008,2026-01-17,C,112,102,91.59
PRODREC-0001955,MCH-003-03-01,LINE-003-03,PROD-008,2026-01-18,B,84,74,88.99
PRODREC-0001956,MCH-003-03-01,LINE-003-03,PROD-007,2026-01-18,C,130,122,94.53
PRODREC-0001957,MCH-003-03-01,LINE-003-03,PROD-006,2026-01-19,A,133,120,90.42
PRODREC-0001958,MCH-003-03-01,LINE-003-03,PROD-008,2026-01-19,C,127,125,99.11
PRODREC-0001959,MCH-003-03-01,LINE-003-03,PROD-009,2026-01-20,C,136,131,96.48
PRODREC-0001960,MCH-003-03-01,LINE-003-03,PROD-008,2026-01-20,B,145,145,100.0
PRODREC-0001961,MCH-003-03-01,LINE-003-03,PROD-001,2026-01-21,A,124,106,85.91
PRODREC-0001962,MCH-003-03-01,LINE-003-03,PROD-008,2026-01-21,A,84,79,94.44
PRODREC-0001963,MCH-003-03-01,LINE-003-03,PROD-007,2026-01-22,C,97,88,91.37
PRODREC-0001964,MCH-003-03-01,LINE-003-03,PROD-005,2026-01-22,B,143,129,90.67
PRODREC-0001965,MCH-003-03-01,LINE-003-03,PROD-006,2026-01-23,B,81,73,91.07
PRODREC-0001966,MCH-003-03-01,LINE-003-03,PROD-007,2026-01-23,B,102,97,95.6
PRODREC-0001967,MCH-003-03-01,LINE-003-03,PROD-003,2026-01-24,B,109,109,100.0
PRODREC-0001968,MCH-003-03-01,LINE-003-03,PROD-007,2026-01-24,B,139,124,89.57
PRODREC-0001969,MCH-003-03-01,LINE-003-03,PROD-007,2026-01-25,B,95,85,90.38
PRODREC-0001970,MCH-003-03-01,LINE-003-03,PROD-003,2026-01-25,A,148,135,91.59
PRODREC-0001971,MCH-003-03-01,LINE-003-03,PROD-007,2026-01-26,A,125,111,89.05
PRODREC-0001972,MCH-003-03-01,LINE-003-03,PROD-005,2026-01-26,A,117,109,93.74
PRODREC-0001973,MCH-003-03-01,LINE-003-03,PROD-007,2026-01-27,C,123,113,92.4
PRODREC-0001974,MCH-003-03-01,LINE-003-03,PROD-006,2026-01-27,B,106,94,89.04
PRODREC-0001975,MCH-003-03-01,LINE-003-03,PROD-003,2026-01-28,C,115,106,92.42
PRODREC-0001976,MCH-003-03-01,LINE-003-03,PROD-008,2026-01-28,A,86,80,93.68
PRODREC-0001977,MCH-003-03-01,LINE-003-03,PROD-007,2026-01-29,C,138,129,93.7
PRODREC-0001978,MCH-003-03-01,LINE-003-03,PROD-010,2026-01-29,B,82,71,86.88
PRODREC-0001979,MCH-003-03-01,LINE-003-03,PROD-009,2026-01-30,A,95,93,98.5
PRODREC-0001980,MCH-003-03-01,LINE-003-03,PROD-004,2026-01-30,C,136,127,93.68
PRODREC-0001981,MCH-003-03-02,LINE-003-03,PROD-004,2026-01-01,C,120,101,84.62
PRODREC-0001982,MCH-003-03-02,LINE-003-03,PROD-010,2026-01-01,A,107,92,86.9
PRODREC-0001983,MCH-003-03-02,LINE-003-03,PROD-006,2026-01-02,C,84,62,73.83
PRODREC-0001984,MCH-003-03-02,LINE-003-03,PROD-007,2026-01-02,A,102,92,90.83
PRODREC-0001985,MCH-003-03-02,LINE-003-03,PROD-004,2026-01-03,B,106,98,92.96
PRODREC-0001986,MCH-003-03-02,LINE-003-03,PROD-007,2026-01-03,C,83,79,95.87
PRODREC-0001987,MCH-003-03-02,LINE-003-03,PROD-002,2026-01-04,C,111,96,87.07
PRODREC-0001988,MCH-003-03-02,LINE-003-03,PROD-004,2026-01-04,C,126,123,97.83
PRODREC-0001989,MCH-003-03-02,LINE-003-03,PROD-004,2026-01-05,A,110,90,82.34
PRODREC-0001990,MCH-003-03-02,LINE-003-03,PROD-001,2026-01-05,A,123,107,87.75
PRODREC-0001991,MCH-003-03-02,LINE-003-03,PROD-005,2026-01-06,B,107,87,81.69
PRODREC-0001992,MCH-003-03-02,LINE-003-03,PROD-007,2026-01-06,C,121,113,93.44
PRODREC-0001993,MCH-003-03-02,LINE-003-03,PROD-006,2026-01-07,B,130,113,87.55
PRODREC-0001994,MCH-003-03-02,LINE-003-03,PROD-003,2026-01-07,A,131,103,79.0
PRODREC-0001995,MCH-003-03-02,LINE-003-03,PROD-005,2026-01-08,A,101,97,96.77
PRODREC-0001996,MCH-003-03-02,LINE-003-03,PROD-006,2026-01-08,C,132,107,81.42
PRODREC-0001997,MCH-003-03-02,LINE-003-03,PROD-004,2026-01-09,B,109,98,90.37
PRODREC-0001998,MCH-003-03-02,LINE-003-03,PROD-009,2026-01-09,B,82,77,94.95
PRODREC-0001999,MCH-003-03-02,LINE-003-03,PROD-006,2026-01-10,B,100,88,88.22
PRODREC-0002000,MCH-003-03-02,LINE-003-03,PROD-008,2026-01-10,B,113,95,84.1
PRODREC-0002001,MCH-003-03-02,LINE-003-03,PROD-005,2026-01-11,A,139,126,91.06
PRODREC-0002002,MCH-003-03-02,LINE-003-03,PROD-003,2026-01-11,C,113,91,80.96
PRODREC-0002003,MCH-003-03-02,LINE-003-03,PROD-010,2026-01-12,A,143,133,93.55
PRODREC-0002004,MCH-003-03-02,LINE-003-03,PROD-005,2026-01-12,B,125,111,89.12
PRODREC-0002005,MCH-003-03-02,LINE-003-03,PROD-007,2026-01-13,C,130,118,91.21
PRODREC-0002006,MCH-003-03-02,LINE-003-03,PROD-003,2026-01-13,B,98,88,90.13
PRODREC-0002007,MCH-003-03-02,LINE-003-03,PROD-004,2026-01-14,B,113,99,87.85
PRODREC-0002008,MCH-003-03-02,LINE-003-03,PROD-006,2026-01-14,A,101,87,86.85
PRODREC-0002009,MCH-003-03-02,LINE-003-03,PROD-001,2026-01-15,C,105,91,87.33
PRODREC-0002010,MCH-003-03-02,LINE-003-03,PROD-010,2026-01-15,C,83,66,80.07
PRODREC-0002011,MCH-003-03-02,LINE-003-03,PROD-005,2026-01-16,B,145,126,86.98
PRODREC-0002012,MCH-003-03-02,LINE-003-03,PROD-008,2026-01-16,C,100,94,94.4
PRODREC-0002013,MCH-003-03-02,LINE-003-03,PROD-006,2026-01-17,C,110,96,87.81
PRODREC-0002014,MCH-003-03-02,LINE-003-03,PROD-004,2026-01-17,C,112,95,85.35
PRODREC-0002015,MCH-003-03-02,LINE-003-03,PROD-009,2026-01-18,B,129,115,89.54
PRODREC-0002016,MCH-003-03-02,LINE-003-03,PROD-006,2026-01-18,C,109,89,82.22
PRODREC-0002017,MCH-003-03-02,LINE-003-03,PROD-007,2026-01-19,A,88,85,96.81
PRODREC-0002018,MCH-003-03-02,LINE-003-03,PROD-004,2026-01-19,B,103,87,85.34
PRODREC-0002019,MCH-003-03-02,LINE-003-03,PROD-010,2026-01-20,C,137,132,96.89
PRODREC-0002020,MCH-003-03-02,LINE-003-03,PROD-003,2026-01-20,C,102,97,95.57
PRODREC-0002021,MCH-003-03-02,LINE-003-03,PROD-001,2026-01-21,C,115,95,82.69
PRODREC-0002022,MCH-003-03-02,LINE-003-03,PROD-002,2026-01-21,B,142,119,84.15
PRODREC-0002023,MCH-003-03-02,LINE-003-03,PROD-005,2026-01-22,A,147,125,85.06
PRODREC-0002024,MCH-003-03-02,LINE-003-03,PROD-004,2026-01-22,C,140,118,84.99
PRODREC-0002025,MCH-003-03-02,LINE-003-03,PROD-010,2026-01-23,C,90,71,79.32
PRODREC-0002026,MCH-003-03-02,LINE-003-03,PROD-010,2026-01-23,A,104,88,84.74
PRODREC-0002027,MCH-003-03-02,LINE-003-03,PROD-004,2026-01-24,B,90,82,91.2
PRODREC-0002028,MCH-003-03-02,LINE-003-03,PROD-006,2026-01-24,A,87,77,89.53
PRODREC-0002029,MCH-003-03-02,LINE-003-03,PROD-005,2026-01-25,A,115,97,84.59
PRODREC-0002030,MCH-003-03-02,LINE-003-03,PROD-005,2026-01-25,B,122,105,86.88
PRODREC-0002031,MCH-003-03-02,LINE-003-03,PROD-002,2026-01-26,B,107,94,88.08
PRODREC-0002032,MCH-003-03-02,LINE-003-03,PROD-006,2026-01-26,A,99,92,93.72
PRODREC-0002033,MCH-003-03-02,LINE-003-03,PROD-008,2026-01-27,A,102,87,85.49
PRODREC-0002034,MCH-003-03-02,LINE-003-03,PROD-001,2026-01-27,A,137,117,85.46
PRODREC-0002035,MCH-003-03-02,LINE-003-03,PROD-005,2026-01-28,A,85,73,86.84
PRODREC-0002036,MCH-003-03-02,LINE-003-03,PROD-004,2026-01-28,C,142,121,85.53
PRODREC-0002037,MCH-003-03-02,LINE-003-03,PROD-005,2026-01-29,C,149,120,80.68
PRODREC-0002038,MCH-003-03-02,LINE-003-03,PROD-006,2026-01-29,B,126,115,91.69
PRODREC-0002039,MCH-003-03-02,LINE-003-03,PROD-009,2026-01-30,B,87,76,87.95
PRODREC-0002040,MCH-003-03-02,LINE-003-03,PROD-010,2026-01-30,A,123,101,82.77
PRODREC-0002041,MCH-003-03-03,LINE-003-03,PROD-006,2026-01-01,B,137,114,83.33
PRODREC-0002042,MCH-003-03-03,LINE-003-03,PROD-003,2026-01-01,C,127,105,83.35
PRODREC-0002043,MCH-003-03-03,LINE-003-03,PROD-006,2026-01-02,A,140,112,80.31
PRODREC-0002044,MCH-003-03-03,LINE-003-03,PROD-010,2026-01-02,B,136,114,84.2
PRODREC-0002045,MCH-003-03-03,LINE-003-03,PROD-006,2026-01-03,B,121,105,87.24
PRODREC-0002046,MCH-003-03-03,LINE-003-03,PROD-007,2026-01-03,A,142,125,88.24
PRODREC-0002047,MCH-003-03-03,LINE-003-03,PROD-004,2026-01-04,C,92,76,83.05
PRODREC-0002048,MCH-003-03-03,LINE-003-03,PROD-009,2026-01-04,C,89,75,84.37
PRODREC-0002049,MCH-003-03-03,LINE-003-03,PROD-001,2026-01-05,C,105,55,52.65
PRODREC-0002050,MCH-003-03-03,LINE-003-03,PROD-007,2026-01-05,B,108,54,50.25
PRODREC-0002051,MCH-003-03-03,LINE-003-03,PROD-002,2026-01-06,C,112,94,84.4
PRODREC-0002052,MCH-003-03-03,LINE-003-03,PROD-003,2026-01-06,C,143,119,83.34
PRODREC-0002053,MCH-003-03-03,LINE-003-03,PROD-007,2026-01-07,C,145,127,87.95
PRODREC-0002054,MCH-003-03-03,LINE-003-03,PROD-002,2026-01-07,C,121,100,83.44
PRODREC-0002055,MCH-003-03-03,LINE-003-03,PROD-009,2026-01-08,C,125,111,88.84
PRODREC-0002056,MCH-003-03-03,LINE-003-03,PROD-001,2026-01-08,B,91,90,99.56
PRODREC-0002057,MCH-003-03-03,LINE-003-03,PROD-001,2026-01-09,B,104,84,81.41
PRODREC-0002058,MCH-003-03-03,LINE-003-03,PROD-005,2026-01-09,B,99,87,88.54
PRODREC-0002059,MCH-003-03-03,LINE-003-03,PROD-010,2026-01-10,C,97,82,85.46
PRODREC-0002060,MCH-003-03-03,LINE-003-03,PROD-004,2026-01-10,C,84,77,92.37
PRODREC-0002061,MCH-003-03-03,LINE-003-03,PROD-002,2026-01-11,A,95,81,85.26
PRODREC-0002062,MCH-003-03-03,LINE-003-03,PROD-001,2026-01-11,C,100,87,87.93
PRODREC-0002063,MCH-003-03-03,LINE-003-03,PROD-009,2026-01-12,A,109,96,88.68
PRODREC-0002064,MCH-003-03-03,LINE-003-03,PROD-010,2026-01-12,B,127,119,94.21
PRODREC-0002065,MCH-003-03-03,LINE-003-03,PROD-009,2026-01-13,C,148,122,83.02
PRODREC-0002066,MCH-003-03-03,LINE-003-03,PROD-002,2026-01-13,B,93,81,87.12
PRODREC-0002067,MCH-003-03-03,LINE-003-03,PROD-008,2026-01-14,B,100,90,90.86
PRODREC-0002068,MCH-003-03-03,LINE-003-03,PROD-006,2026-01-14,A,85,81,95.39
PRODREC-0002069,MCH-003-03-03,LINE-003-03,PROD-004,2026-01-15,C,122,108,88.98
PRODREC-0002070,MCH-003-03-03,LINE-003-03,PROD-009,2026-01-15,A,89,80,90.2
PRODREC-0002071,MCH-003-03-03,LINE-003-03,PROD-008,2026-01-16,B,110,91,83.11
PRODREC-0002072,MCH-003-03-03,LINE-003-03,PROD-009,2026-01-16,B,130,104,80.21
PRODREC-0002073,MCH-003-03-03,LINE-003-03,PROD-006,2026-01-17,C,127,67,53.02
PRODREC-0002074,MCH-003-03-03,LINE-003-03,PROD-002,2026-01-17,A,107,74,69.23
PRODREC-0002075,MCH-003-03-03,LINE-003-03,PROD-010,2026-01-18,B,108,88,81.51
PRODREC-0002076,MCH-003-03-03,LINE-003-03,PROD-002,2026-01-18,B,147,137,93.32
PRODREC-0002077,MCH-003-03-03,LINE-003-03,PROD-001,2026-01-19,C,146,121,83.55
PRODREC-0002078,MCH-003-03-03,LINE-003-03,PROD-009,2026-01-19,A,99,78,79.51
PRODREC-0002079,MCH-003-03-03,LINE-003-03,PROD-003,2026-01-20,B,112,97,86.74
PRODREC-0002080,MCH-003-03-03,LINE-003-03,PROD-005,2026-01-20,B,84,72,86.41
PRODREC-0002081,MCH-003-03-03,LINE-003-03,PROD-001,2026-01-21,B,104,83,79.95
PRODREC-0002082,MCH-003-03-03,LINE-003-03,PROD-002,2026-01-21,C,112,95,85.14
PRODREC-0002083,MCH-003-03-03,LINE-003-03,PROD-007,2026-01-22,A,148,121,81.95
PRODREC-0002084,MCH-003-03-03,LINE-003-03,PROD-001,2026-01-22,A,143,123,86.43
PRODREC-0002085,MCH-003-03-03,LINE-003-03,PROD-002,2026-01-23,C,108,85,79.54
PRODREC-0002086,MCH-003-03-03,LINE-003-03,PROD-007,2026-01-23,B,135,115,85.38
PRODREC-0002087,MCH-003-03-03,LINE-003-03,PROD-010,2026-01-24,A,102,81,80.2
PRODREC-0002088,MCH-003-03-03,LINE-003-03,PROD-003,2026-01-24,B,110,98,89.66
PRODREC-0002089,MCH-003-03-03,LINE-003-03,PROD-001,2026-01-25,A,118,56,48.18
PRODREC-0002090,MCH-003-03-03,LINE-003-03,PROD-010,2026-01-25,A,85,41,48.69
PRODREC-0002091,MCH-003-03-03,LINE-003-03,PROD-001,2026-01-26,A,81,68,84.17
PRODREC-0002092,MCH-003-03-03,LINE-003-03,PROD-006,2026-01-26,C,107,82,76.73
PRODREC-0002093,MCH-003-03-03,LINE-003-03,PROD-002,2026-01-27,B,107,92,86.45
PRODREC-0002094,MCH-003-03-03,LINE-003-03,PROD-002,2026-01-27,A,101,81,80.79
PRODREC-0002095,MCH-003-03-03,LINE-003-03,PROD-010,2026-01-28,B,108,98,91.52
PRODREC-0002096,MCH-003-03-03,LINE-003-03,PROD-004,2026-01-28,B,140,111,79.89
PRODREC-0002097,MCH-003-03-03,LINE-003-03,PROD-009,2026-01-29,B,120,112,93.66
PRODREC-0002098,MCH-003-03-03,LINE-003-03,PROD-007,2026-01-29,A,110,95,86.54
PRODREC-0002099,MCH-003-03-03,LINE-003-03,PROD-004,2026-01-30,B,89,66,74.76
PRODREC-0002100,MCH-003-03-03,LINE-003-03,PROD-003,2026-01-30,C,100,87,87.84
PRODREC-0002101,MCH-003-03-04,LINE-003-03,PROD-010,2026-01-01,A,99,88,89.72
PRODREC-0002102,MCH-003-03-04,LINE-003-03,PROD-001,2026-01-01,A,123,112,91.09
PRODREC-0002103,MCH-003-03-04,LINE-003-03,PROD-001,2026-01-02,C,102,93,91.45
PRODREC-0002104,MCH-003-03-04,LINE-003-03,PROD-009,2026-01-02,C,88,77,87.53
PRODREC-0002105,MCH-003-03-04,LINE-003-03,PROD-001,2026-01-03,B,90,73,82.18
PRODREC-0002106,MCH-003-03-04,LINE-003-03,PROD-003,2026-01-03,B,125,104,83.38
PRODREC-0002107,MCH-003-03-04,LINE-003-03,PROD-004,2026-01-04,B,86,69,81.06
PRODREC-0002108,MCH-003-03-04,LINE-003-03,PROD-004,2026-01-04,A,129,108,84.39
PRODREC-0002109,MCH-003-03-04,LINE-003-03,PROD-010,2026-01-05,B,123,64,52.1
PRODREC-0002110,MCH-003-03-04,LINE-003-03,PROD-001,2026-01-05,C,84,53,63.56
PRODREC-0002111,MCH-003-03-04,LINE-003-03,PROD-009,2026-01-06,A,136,112,82.95
PRODREC-0002112,MCH-003-03-04,LINE-003-03,PROD-001,2026-01-06,C,100,85,85.75
PRODREC-0002113,MCH-003-03-04,LINE-003-03,PROD-005,2026-01-07,B,135,101,75.33
PRODREC-0002114,MCH-003-03-04,LINE-003-03,PROD-008,2026-01-07,A,82,72,88.83
PRODREC-0002115,MCH-003-03-04,LINE-003-03,PROD-007,2026-01-08,B,105,95,91.02
PRODREC-0002116,MCH-003-03-04,LINE-003-03,PROD-005,2026-01-08,B,81,70,86.96
PRODREC-0002117,MCH-003-03-04,LINE-003-03,PROD-008,2026-01-09,B,91,59,65.13
PRODREC-0002118,MCH-003-03-04,LINE-003-03,PROD-001,2026-01-09,B,112,57,50.95
PRODREC-0002119,MCH-003-03-04,LINE-003-03,PROD-009,2026-01-10,A,87,68,79.27
PRODREC-0002120,MCH-003-03-04,LINE-003-03,PROD-001,2026-01-10,A,89,74,84.06
PRODREC-0002121,MCH-003-03-04,LINE-003-03,PROD-005,2026-01-11,A,107,84,79.36
PRODREC-0002122,MCH-003-03-04,LINE-003-03,PROD-008,2026-01-11,A,147,132,89.92
PRODREC-0002123,MCH-003-03-04,LINE-003-03,PROD-007,2026-01-12,A,116,92,79.9
PRODREC-0002124,MCH-003-03-04,LINE-003-03,PROD-006,2026-01-12,C,136,123,91.16
PRODREC-0002125,MCH-003-03-04,LINE-003-03,PROD-008,2026-01-13,A,124,108,87.68
PRODREC-0002126,MCH-003-03-04,LINE-003-03,PROD-008,2026-01-13,C,81,69,85.66
PRODREC-0002127,MCH-003-03-04,LINE-003-03,PROD-001,2026-01-14,B,91,78,86.23
PRODREC-0002128,MCH-003-03-04,LINE-003-03,PROD-006,2026-01-14,C,99,86,87.02
PRODREC-0002129,MCH-003-03-04,LINE-003-03,PROD-002,2026-01-15,B,147,119,81.01
PRODREC-0002130,MCH-003-03-04,LINE-003-03,PROD-002,2026-01-15,C,138,128,93.42
PRODREC-0002131,MCH-003-03-04,LINE-003-03,PROD-006,2026-01-16,A,89,68,76.95
PRODREC-0002132,MCH-003-03-04,LINE-003-03,PROD-002,2026-01-16,B,83,73,88.23
PRODREC-0002133,MCH-003-03-04,LINE-003-03,PROD-005,2026-01-17,C,141,128,91.49
PRODREC-0002134,MCH-003-03-04,LINE-003-03,PROD-006,2026-01-17,B,85,65,77.25
PRODREC-0002135,MCH-003-03-04,LINE-003-03,PROD-006,2026-01-18,A,87,74,85.81
PRODREC-0002136,MCH-003-03-04,LINE-003-03,PROD-009,2026-01-18,A,145,123,85.51
PRODREC-0002137,MCH-003-03-04,LINE-003-03,PROD-004,2026-01-19,A,147,122,83.04
PRODREC-0002138,MCH-003-03-04,LINE-003-03,PROD-001,2026-01-19,B,137,112,82.13
PRODREC-0002139,MCH-003-03-04,LINE-003-03,PROD-002,2026-01-20,B,91,80,88.42
PRODREC-0002140,MCH-003-03-04,LINE-003-03,PROD-004,2026-01-20,C,117,96,82.46
PRODREC-0002141,MCH-003-03-04,LINE-003-03,PROD-006,2026-01-21,A,106,94,89.62
PRODREC-0002142,MCH-003-03-04,LINE-003-03,PROD-007,2026-01-21,B,110,92,83.68
PRODREC-0002143,MCH-003-03-04,LINE-003-03,PROD-006,2026-01-22,B,113,89,79.05
PRODREC-0002144,MCH-003-03-04,LINE-003-03,PROD-009,2026-01-22,A,112,98,88.03
PRODREC-0002145,MCH-003-03-04,LINE-003-03,PROD-010,2026-01-23,B,90,79,88.25
PRODREC-0002146,MCH-003-03-04,LINE-003-03,PROD-009,2026-01-23,B,143,118,82.98
PRODREC-0002147,MCH-003-03-04,LINE-003-03,PROD-006,2026-01-24,B,147,119,81.17
PRODREC-0002148,MCH-003-03-04,LINE-003-03,PROD-006,2026-01-24,B,107,94,88.67
PRODREC-0002149,MCH-003-03-04,LINE-003-03,PROD-007,2026-01-25,B,107,97,91.46
PRODREC-0002150,MCH-003-03-04,LINE-003-03,PROD-007,2026-01-25,B,95,81,85.39
PRODREC-0002151,MCH-003-03-04,LINE-003-03,PROD-007,2026-01-26,B,124,115,93.06
PRODREC-0002152,MCH-003-03-04,LINE-003-03,PROD-005,2026-01-26,C,84,78,93.12
PRODREC-0002153,MCH-003-03-04,LINE-003-03,PROD-009,2026-01-27,B,114,94,82.88
PRODREC-0002154,MCH-003-03-04,LINE-003-03,PROD-005,2026-01-27,C,148,133,89.93
PRODREC-0002155,MCH-003-03-04,LINE-003-03,PROD-010,2026-01-28,B,96,84,88.19
PRODREC-0002156,MCH-003-03-04,LINE-003-03,PROD-002,2026-01-28,B,147,133,90.68
PRODREC-0002157,MCH-003-03-04,LINE-003-03,PROD-006,2026-01-29,B,107,97,90.87
PRODREC-0002158,MCH-003-03-04,LINE-003-03,PROD-004,2026-01-29,A,107,90,84.96
PRODREC-0002159,MCH-003-03-04,LINE-003-03,PROD-001,2026-01-30,C,133,113,85.11
PRODREC-0002160,MCH-003-03-04,LINE-003-03,PROD-003,2026-01-30,C,114,91,80.56
PRODREC-0002161,MCH-004-01-01,LINE-004-01,PROD-002,2026-01-01,B,131,128,98.37
PRODREC-0002162,MCH-004-01-01,LINE-004-01,PROD-004,2026-01-01,B,93,90,97.56
PRODREC-0002163,MCH-004-01-01,LINE-004-01,PROD-005,2026-01-02,C,132,126,95.84
PRODREC-0002164,MCH-004-01-01,LINE-004-01,PROD-009,2026-01-02,B,118,113,96.47
PRODREC-0002165,MCH-004-01-01,LINE-004-01,PROD-006,2026-01-03,A,116,116,100.0
PRODREC-0002166,MCH-004-01-01,LINE-004-01,PROD-008,2026-01-03,A,122,116,95.52
PRODREC-0002167,MCH-004-01-01,LINE-004-01,PROD-010,2026-01-04,A,88,79,90.87
PRODREC-0002168,MCH-004-01-01,LINE-004-01,PROD-004,2026-01-04,C,107,102,96.01
PRODREC-0002169,MCH-004-01-01,LINE-004-01,PROD-006,2026-01-05,B,139,139,100.0
PRODREC-0002170,MCH-004-01-01,LINE-004-01,PROD-006,2026-01-05,B,92,92,100.0
PRODREC-0002171,MCH-004-01-01,LINE-004-01,PROD-006,2026-01-06,A,131,126,96.33
PRODREC-0002172,MCH-004-01-01,LINE-004-01,PROD-001,2026-01-06,A,88,88,100.0
PRODREC-0002173,MCH-004-01-01,LINE-004-01,PROD-004,2026-01-07,A,88,47,53.83
PRODREC-0002174,MCH-004-01-01,LINE-004-01,PROD-007,2026-01-07,C,80,36,45.58
PRODREC-0002175,MCH-004-01-01,LINE-004-01,PROD-002,2026-01-08,C,142,132,93.17
PRODREC-0002176,MCH-004-01-01,LINE-004-01,PROD-002,2026-01-08,A,108,108,100.0
PRODREC-0002177,MCH-004-01-01,LINE-004-01,PROD-010,2026-01-09,C,123,112,91.43
PRODREC-0002178,MCH-004-01-01,LINE-004-01,PROD-001,2026-01-09,C,145,142,98.41
PRODREC-0002179,MCH-004-01-01,LINE-004-01,PROD-003,2026-01-10,B,86,81,94.56
PRODREC-0002180,MCH-004-01-01,LINE-004-01,PROD-005,2026-01-10,A,94,94,100.0
PRODREC-0002181,MCH-004-01-01,LINE-004-01,PROD-001,2026-01-11,A,120,112,93.71
PRODREC-0002182,MCH-004-01-01,LINE-004-01,PROD-004,2026-01-11,C,108,108,100.0
PRODREC-0002183,MCH-004-01-01,LINE-004-01,PROD-010,2026-01-12,B,142,130,91.92
PRODREC-0002184,MCH-004-01-01,LINE-004-01,PROD-003,2026-01-12,A,131,131,100.0
PRODREC-0002185,MCH-004-01-01,LINE-004-01,PROD-006,2026-01-13,C,127,127,100.0
PRODREC-0002186,MCH-004-01-01,LINE-004-01,PROD-006,2026-01-13,C,119,106,89.25
PRODREC-0002187,MCH-004-01-01,LINE-004-01,PROD-001,2026-01-14,C,124,124,100.0
PRODREC-0002188,MCH-004-01-01,LINE-004-01,PROD-009,2026-01-14,B,116,116,100.0
PRODREC-0002189,MCH-004-01-01,LINE-004-01,PROD-002,2026-01-15,A,115,72,62.86
PRODREC-0002190,MCH-004-01-01,LINE-004-01,PROD-005,2026-01-15,C,133,66,49.99
PRODREC-0002191,MCH-004-01-01,LINE-004-01,PROD-007,2026-01-16,B,140,140,100.0
PRODREC-0002192,MCH-004-01-01,LINE-004-01,PROD-001,2026-01-16,A,80,76,95.94
PRODREC-0002193,MCH-004-01-01,LINE-004-01,PROD-007,2026-01-17,C,148,137,93.11
PRODREC-0002194,MCH-004-01-01,LINE-004-01,PROD-004,2026-01-17,A,102,91,89.39
PRODREC-0002195,MCH-004-01-01,LINE-004-01,PROD-009,2026-01-18,C,101,99,98.56
PRODREC-0002196,MCH-004-01-01,LINE-004-01,PROD-010,2026-01-18,A,139,127,91.7
PRODREC-0002197,MCH-004-01-01,LINE-004-01,PROD-004,2026-01-19,B,136,132,97.64
PRODREC-0002198,MCH-004-01-01,LINE-004-01,PROD-008,2026-01-19,C,132,126,95.9
PRODREC-0002199,MCH-004-01-01,LINE-004-01,PROD-008,2026-01-20,B,136,136,100.0
PRODREC-0002200,MCH-004-01-01,LINE-004-01,PROD-006,2026-01-20,B,91,87,96.65
PRODREC-0002201,MCH-004-01-01,LINE-004-01,PROD-010,2026-01-21,A,147,140,95.85
PRODREC-0002202,MCH-004-01-01,LINE-004-01,PROD-009,2026-01-21,B,108,105,97.34
PRODREC-0002203,MCH-004-01-01,LINE-004-01,PROD-010,2026-01-22,B,98,93,95.7
PRODREC-0002204,MCH-004-01-01,LINE-004-01,PROD-007,2026-01-22,A,124,116,93.95
PRODREC-0002205,MCH-004-01-01,LINE-004-01,PROD-005,2026-01-23,B,128,119,93.34
PRODREC-0002206,MCH-004-01-01,LINE-004-01,PROD-004,2026-01-23,C,98,95,97.23
PRODREC-0002207,MCH-004-01-01,LINE-004-01,PROD-002,2026-01-24,C,97,97,100.0
PRODREC-0002208,MCH-004-01-01,LINE-004-01,PROD-006,2026-01-24,C,119,113,95.07
PRODREC-0002209,MCH-004-01-01,LINE-004-01,PROD-009,2026-01-25,B,114,111,97.47
PRODREC-0002210,MCH-004-01-01,LINE-004-01,PROD-009,2026-01-25,C,115,109,95.04
PRODREC-0002211,MCH-004-01-01,LINE-004-01,PROD-009,2026-01-26,C,104,95,92.24
PRODREC-0002212,MCH-004-01-01,LINE-004-01,PROD-007,2026-01-26,A,132,132,100.0
PRODREC-0002213,MCH-004-01-01,LINE-004-01,PROD-003,2026-01-27,C,143,143,100.0
PRODREC-0002214,MCH-004-01-01,LINE-004-01,PROD-001,2026-01-27,A,135,120,89.25
PRODREC-0002215,MCH-004-01-01,LINE-004-01,PROD-010,2026-01-28,B,128,82,64.71
PRODREC-0002216,MCH-004-01-01,LINE-004-01,PROD-009,2026-01-28,C,103,61,59.31
PRODREC-0002217,MCH-004-01-01,LINE-004-01,PROD-008,2026-01-29,C,135,130,96.34
PRODREC-0002218,MCH-004-01-01,LINE-004-01,PROD-006,2026-01-29,B,112,104,93.0
PRODREC-0002219,MCH-004-01-01,LINE-004-01,PROD-003,2026-01-30,B,129,122,94.69
PRODREC-0002220,MCH-004-01-01,LINE-004-01,PROD-001,2026-01-30,B,144,136,94.88
PRODREC-0002221,MCH-004-01-02,LINE-004-01,PROD-008,2026-01-01,B,96,83,87.01
PRODREC-0002222,MCH-004-01-02,LINE-004-01,PROD-001,2026-01-01,C,100,90,90.97
PRODREC-0002223,MCH-004-01-02,LINE-004-01,PROD-007,2026-01-02,C,124,123,99.51
PRODREC-0002224,MCH-004-01-02,LINE-004-01,PROD-010,2026-01-02,B,133,130,97.86
PRODREC-0002225,MCH-004-01-02,LINE-004-01,PROD-001,2026-01-03,C,119,101,85.19
PRODREC-0002226,MCH-004-01-02,LINE-004-01,PROD-005,2026-01-03,B,140,122,87.16
PRODREC-0002227,MCH-004-01-02,LINE-004-01,PROD-007,2026-01-04,B,88,79,90.78
PRODREC-0002228,MCH-004-01-02,LINE-004-01,PROD-001,2026-01-04,C,113,92,82.22
PRODREC-0002229,MCH-004-01-02,LINE-004-01,PROD-009,2026-01-05,A,123,117,95.31
PRODREC-0002230,MCH-004-01-02,LINE-004-01,PROD-001,2026-01-05,A,148,132,89.33
PRODREC-0002231,MCH-004-01-02,LINE-004-01,PROD-005,2026-01-06,A,133,131,99.09
PRODREC-0002232,MCH-004-01-02,LINE-004-01,PROD-004,2026-01-06,B,102,85,83.57
PRODREC-0002233,MCH-004-01-02,LINE-004-01,PROD-009,2026-01-07,B,115,106,92.49
PRODREC-0002234,MCH-004-01-02,LINE-004-01,PROD-008,2026-01-07,B,81,72,89.8
PRODREC-0002235,MCH-004-01-02,LINE-004-01,PROD-002,2026-01-08,B,80,65,81.34
PRODREC-0002236,MCH-004-01-02,LINE-004-01,PROD-009,2026-01-08,C,145,133,91.89
PRODREC-0002237,MCH-004-01-02,LINE-004-01,PROD-001,2026-01-09,A,128,126,98.91
PRODREC-0002238,MCH-004-01-02,LINE-004-01,PROD-008,2026-01-09,B,82,70,85.51
PRODREC-0002239,MCH-004-01-02,LINE-004-01,PROD-004,2026-01-10,C,135,131,97.24
PRODREC-0002240,MCH-004-01-02,LINE-004-01,PROD-003,2026-01-10,C,115,103,90.22
PRODREC-0002241,MCH-004-01-02,LINE-004-01,PROD-006,2026-01-11,C,105,98,93.6
PRODREC-0002242,MCH-004-01-02,LINE-004-01,PROD-002,2026-01-11,B,142,123,87.0
PRODREC-0002243,MCH-004-01-02,LINE-004-01,PROD-008,2026-01-12,A,99,87,88.59
PRODREC-0002244,MCH-004-01-02,LINE-004-01,PROD-004,2026-01-12,B,140,130,93.57
PRODREC-0002245,MCH-004-01-02,LINE-004-01,PROD-009,2026-01-13,B,135,135,100.0
PRODREC-0002246,MCH-004-01-02,LINE-004-01,PROD-010,2026-01-13,C,94,84,89.68
PRODREC-0002247,MCH-004-01-02,LINE-004-01,PROD-003,2026-01-14,C,137,120,88.27
PRODREC-0002248,MCH-004-01-02,LINE-004-01,PROD-008,2026-01-14,A,133,112,84.93
PRODREC-0002249,MCH-004-01-02,LINE-004-01,PROD-005,2026-01-15,C,97,89,91.81
PRODREC-0002250,MCH-004-01-02,LINE-004-01,PROD-005,2026-01-15,A,92,84,92.37
PRODREC-0002251,MCH-004-01-02,LINE-004-01,PROD-009,2026-01-16,B,112,104,93.67
PRODREC-0002252,MCH-004-01-02,LINE-004-01,PROD-007,2026-01-16,C,81,75,93.16
PRODREC-0002253,MCH-004-01-02,LINE-004-01,PROD-003,2026-01-17,B,96,88,91.69
PRODREC-0002254,MCH-004-01-02,LINE-004-01,PROD-005,2026-01-17,B,149,129,86.66
PRODREC-0002255,MCH-004-01-02,LINE-004-01,PROD-001,2026-01-18,B,93,93,100.0
PRODREC-0002256,MCH-004-01-02,LINE-004-01,PROD-006,2026-01-18,C,128,125,97.93
PRODREC-0002257,MCH-004-01-02,LINE-004-01,PROD-005,2026-01-19,B,131,111,84.77
PRODREC-0002258,MCH-004-01-02,LINE-004-01,PROD-002,2026-01-19,C,141,127,90.55
PRODREC-0002259,MCH-004-01-02,LINE-004-01,PROD-007,2026-01-20,A,95,89,94.21
PRODREC-0002260,MCH-004-01-02,LINE-004-01,PROD-008,2026-01-20,C,104,98,94.24
PRODREC-0002261,MCH-004-01-02,LINE-004-01,PROD-010,2026-01-21,C,116,110,94.93
PRODREC-0002262,MCH-004-01-02,LINE-004-01,PROD-004,2026-01-21,A,111,93,84.19
PRODREC-0002263,MCH-004-01-02,LINE-004-01,PROD-006,2026-01-22,B,132,116,88.27
PRODREC-0002264,MCH-004-01-02,LINE-004-01,PROD-006,2026-01-22,A,83,75,91.32
PRODREC-0002265,MCH-004-01-02,LINE-004-01,PROD-008,2026-01-23,B,93,81,87.89
PRODREC-0002266,MCH-004-01-02,LINE-004-01,PROD-008,2026-01-23,A,108,89,82.64
PRODREC-0002267,MCH-004-01-02,LINE-004-01,PROD-003,2026-01-24,A,147,137,93.29
PRODREC-0002268,MCH-004-01-02,LINE-004-01,PROD-003,2026-01-24,C,121,114,94.26
PRODREC-0002269,MCH-004-01-02,LINE-004-01,PROD-008,2026-01-25,B,92,81,88.19
PRODREC-0002270,MCH-004-01-02,LINE-004-01,PROD-002,2026-01-25,C,126,114,91.01
PRODREC-0002271,MCH-004-01-02,LINE-004-01,PROD-005,2026-01-26,A,99,94,94.96
PRODREC-0002272,MCH-004-01-02,LINE-004-01,PROD-002,2026-01-26,A,99,82,83.66
PRODREC-0002273,MCH-004-01-02,LINE-004-01,PROD-002,2026-01-27,A,105,92,87.97
PRODREC-0002274,MCH-004-01-02,LINE-004-01,PROD-007,2026-01-27,A,123,121,99.11
PRODREC-0002275,MCH-004-01-02,LINE-004-01,PROD-004,2026-01-28,B,144,130,90.41
PRODREC-0002276,MCH-004-01-02,LINE-004-01,PROD-009,2026-01-28,A,86,81,94.72
PRODREC-0002277,MCH-004-01-02,LINE-004-01,PROD-003,2026-01-29,C,125,122,98.05
PRODREC-0002278,MCH-004-01-02,LINE-004-01,PROD-004,2026-01-29,B,104,91,87.9
PRODREC-0002279,MCH-004-01-02,LINE-004-01,PROD-010,2026-01-30,A,107,91,85.6
PRODREC-0002280,MCH-004-01-02,LINE-004-01,PROD-004,2026-01-30,C,100,97,97.74
PRODREC-0002281,MCH-004-01-03,LINE-004-01,PROD-003,2026-01-01,A,92,77,84.71
PRODREC-0002282,MCH-004-01-03,LINE-004-01,PROD-006,2026-01-01,B,119,109,91.91
PRODREC-0002283,MCH-004-01-03,LINE-004-01,PROD-010,2026-01-02,C,129,123,95.52
PRODREC-0002284,MCH-004-01-03,LINE-004-01,PROD-006,2026-01-02,B,103,94,91.69
PRODREC-0002285,MCH-004-01-03,LINE-004-01,PROD-010,2026-01-03,C,146,133,91.53
PRODREC-0002286,MCH-004-01-03,LINE-004-01,PROD-002,2026-01-03,A,140,132,94.72
PRODREC-0002287,MCH-004-01-03,LINE-004-01,PROD-006,2026-01-04,A,103,94,92.18
PRODREC-0002288,MCH-004-01-03,LINE-004-01,PROD-006,2026-01-04,C,128,122,95.81
PRODREC-0002289,MCH-004-01-03,LINE-004-01,PROD-010,2026-01-05,C,101,91,90.27
PRODREC-0002290,MCH-004-01-03,LINE-004-01,PROD-003,2026-01-05,C,94,88,94.5
PRODREC-0002291,MCH-004-01-03,LINE-004-01,PROD-007,2026-01-06,A,140,134,95.82
PRODREC-0002292,MCH-004-01-03,LINE-004-01,PROD-005,2026-01-06,B,100,83,83.56
PRODREC-0002293,MCH-004-01-03,LINE-004-01,PROD-010,2026-01-07,B,132,111,84.42
PRODREC-0002294,MCH-004-01-03,LINE-004-01,PROD-004,2026-01-07,A,115,111,96.95
PRODREC-0002295,MCH-004-01-03,LINE-004-01,PROD-001,2026-01-08,A,147,135,92.21
PRODREC-0002296,MCH-004-01-03,LINE-004-01,PROD-004,2026-01-08,C,80,69,86.76
PRODREC-0002297,MCH-004-01-03,LINE-004-01,PROD-010,2026-01-09,C,110,105,95.87
PRODREC-0002298,MCH-004-01-03,LINE-004-01,PROD-005,2026-01-09,C,103,93,90.35
PRODREC-0002299,MCH-004-01-03,LINE-004-01,PROD-010,2026-01-10,C,95,82,86.64
PRODREC-0002300,MCH-004-01-03,LINE-004-01,PROD-010,2026-01-10,A,119,109,92.25
PRODREC-0002301,MCH-004-01-03,LINE-004-01,PROD-007,2026-01-11,C,149,141,95.21
PRODREC-0002302,MCH-004-01-03,LINE-004-01,PROD-007,2026-01-11,B,93,81,87.44
PRODREC-0002303,MCH-004-01-03,LINE-004-01,PROD-002,2026-01-12,A,114,111,97.68
PRODREC-0002304,MCH-004-01-03,LINE-004-01,PROD-008,2026-01-12,B,86,77,89.8
PRODREC-0002305,MCH-004-01-03,LINE-004-01,PROD-008,2026-01-13,A,87,78,90.57
PRODREC-0002306,MCH-004-01-03,LINE-004-01,PROD-003,2026-01-13,B,130,118,91.25
PRODREC-0002307,MCH-004-01-03,LINE-004-01,PROD-007,2026-01-14,B,111,107,96.76
PRODREC-0002308,MCH-004-01-03,LINE-004-01,PROD-004,2026-01-14,B,106,93,88.55
PRODREC-0002309,MCH-004-01-03,LINE-004-01,PROD-001,2026-01-15,C,98,98,100.0
PRODREC-0002310,MCH-004-01-03,LINE-004-01,PROD-009,2026-01-15,C,92,75,82.23
PRODREC-0002311,MCH-004-01-03,LINE-004-01,PROD-002,2026-01-16,B,146,120,82.58
PRODREC-0002312,MCH-004-01-03,LINE-004-01,PROD-005,2026-01-16,C,124,103,83.4
PRODREC-0002313,MCH-004-01-03,LINE-004-01,PROD-002,2026-01-17,A,127,109,86.58
PRODREC-0002314,MCH-004-01-03,LINE-004-01,PROD-008,2026-01-17,A,131,116,88.69
PRODREC-0002315,MCH-004-01-03,LINE-004-01,PROD-010,2026-01-18,B,101,84,83.21
PRODREC-0002316,MCH-004-01-03,LINE-004-01,PROD-008,2026-01-18,A,145,130,89.97
PRODREC-0002317,MCH-004-01-03,LINE-004-01,PROD-003,2026-01-19,A,95,81,85.34
PRODREC-0002318,MCH-004-01-03,LINE-004-01,PROD-004,2026-01-19,C,118,110,93.65
PRODREC-0002319,MCH-004-01-03,LINE-004-01,PROD-004,2026-01-20,B,98,49,50.63
PRODREC-0002320,MCH-004-01-03,LINE-004-01,PROD-005,2026-01-20,B,146,87,59.59
PRODREC-0002321,MCH-004-01-03,LINE-004-01,PROD-002,2026-01-21,C,107,96,89.96
PRODREC-0002322,MCH-004-01-03,LINE-004-01,PROD-006,2026-01-21,C,130,117,90.24
PRODREC-0002323,MCH-004-01-03,LINE-004-01,PROD-006,2026-01-22,C,96,86,89.7
PRODREC-0002324,MCH-004-01-03,LINE-004-01,PROD-006,2026-01-22,C,139,129,92.86
PRODREC-0002325,MCH-004-01-03,LINE-004-01,PROD-009,2026-01-23,C,110,98,89.99
PRODREC-0002326,MCH-004-01-03,LINE-004-01,PROD-001,2026-01-23,B,99,89,90.35
PRODREC-0002327,MCH-004-01-03,LINE-004-01,PROD-006,2026-01-24,C,100,98,98.25
PRODREC-0002328,MCH-004-01-03,LINE-004-01,PROD-008,2026-01-24,C,108,94,87.82
PRODREC-0002329,MCH-004-01-03,LINE-004-01,PROD-004,2026-01-25,C,142,134,94.9
PRODREC-0002330,MCH-004-01-03,LINE-004-01,PROD-002,2026-01-25,B,149,127,85.64
PRODREC-0002331,MCH-004-01-03,LINE-004-01,PROD-010,2026-01-26,B,91,81,89.92
PRODREC-0002332,MCH-004-01-03,LINE-004-01,PROD-002,2026-01-26,B,142,124,87.96
PRODREC-0002333,MCH-004-01-03,LINE-004-01,PROD-004,2026-01-27,A,98,87,88.84
PRODREC-0002334,MCH-004-01-03,LINE-004-01,PROD-009,2026-01-27,B,123,106,86.68
PRODREC-0002335,MCH-004-01-03,LINE-004-01,PROD-004,2026-01-28,B,100,94,94.7
PRODREC-0002336,MCH-004-01-03,LINE-004-01,PROD-003,2026-01-28,C,96,82,86.14
PRODREC-0002337,MCH-004-01-03,LINE-004-01,PROD-002,2026-01-29,B,88,81,92.87
PRODREC-0002338,MCH-004-01-03,LINE-004-01,PROD-005,2026-01-29,B,130,128,98.54
PRODREC-0002339,MCH-004-01-03,LINE-004-01,PROD-007,2026-01-30,C,137,125,91.39
PRODREC-0002340,MCH-004-01-03,LINE-004-01,PROD-006,2026-01-30,A,88,70,80.08
PRODREC-0002341,MCH-004-01-04,LINE-004-01,PROD-001,2026-01-01,A,92,83,90.79
PRODREC-0002342,MCH-004-01-04,LINE-004-01,PROD-001,2026-01-01,C,114,111,97.63
PRODREC-0002343,MCH-004-01-04,LINE-004-01,PROD-002,2026-01-02,B,105,102,97.54
PRODREC-0002344,MCH-004-01-04,LINE-004-01,PROD-006,2026-01-02,C,97,97,100.0
PRODREC-0002345,MCH-004-01-04,LINE-004-01,PROD-003,2026-01-03,A,143,143,100.0
PRODREC-0002346,MCH-004-01-04,LINE-004-01,PROD-004,2026-01-03,C,110,100,91.08
PRODREC-0002347,MCH-004-01-04,LINE-004-01,PROD-007,2026-01-04,B,83,79,95.58
PRODREC-0002348,MCH-004-01-04,LINE-004-01,PROD-001,2026-01-04,B,140,130,93.14
PRODREC-0002349,MCH-004-01-04,LINE-004-01,PROD-007,2026-01-05,C,138,137,99.4
PRODREC-0002350,MCH-004-01-04,LINE-004-01,PROD-004,2026-01-05,A,82,81,99.48
PRODREC-0002351,MCH-004-01-04,LINE-004-01,PROD-007,2026-01-06,B,145,145,100.0
PRODREC-0002352,MCH-004-01-04,LINE-004-01,PROD-008,2026-01-06,B,134,125,93.76
PRODREC-0002353,MCH-004-01-04,LINE-004-01,PROD-008,2026-01-07,B,121,118,97.72
PRODREC-0002354,MCH-004-01-04,LINE-004-01,PROD-004,2026-01-07,A,128,128,100.0
PRODREC-0002355,MCH-004-01-04,LINE-004-01,PROD-007,2026-01-08,A,105,91,87.08
PRODREC-0002356,MCH-004-01-04,LINE-004-01,PROD-003,2026-01-08,A,91,76,83.97
PRODREC-0002357,MCH-004-01-04,LINE-004-01,PROD-002,2026-01-09,B,91,91,100.0
PRODREC-0002358,MCH-004-01-04,LINE-004-01,PROD-006,2026-01-09,A,88,87,99.01
PRODREC-0002359,MCH-004-01-04,LINE-004-01,PROD-003,2026-01-10,A,86,85,99.47
PRODREC-0002360,MCH-004-01-04,LINE-004-01,PROD-004,2026-01-10,A,109,108,99.41
PRODREC-0002361,MCH-004-01-04,LINE-004-01,PROD-008,2026-01-11,A,98,98,100.0
PRODREC-0002362,MCH-004-01-04,LINE-004-01,PROD-001,2026-01-11,C,120,119,99.9
PRODREC-0002363,MCH-004-01-04,LINE-004-01,PROD-006,2026-01-12,B,144,135,94.33
PRODREC-0002364,MCH-004-01-04,LINE-004-01,PROD-008,2026-01-12,B,120,120,100.0
PRODREC-0002365,MCH-004-01-04,LINE-004-01,PROD-003,2026-01-13,C,81,74,92.37
PRODREC-0002366,MCH-004-01-04,LINE-004-01,PROD-002,2026-01-13,B,111,110,99.47
PRODREC-0002367,MCH-004-01-04,LINE-004-01,PROD-003,2026-01-14,B,143,141,98.67
PRODREC-0002368,MCH-004-01-04,LINE-004-01,PROD-006,2026-01-14,C,92,92,100.0
PRODREC-0002369,MCH-004-01-04,LINE-004-01,PROD-001,2026-01-15,C,124,117,94.63
PRODREC-0002370,MCH-004-01-04,LINE-004-01,PROD-005,2026-01-15,B,81,81,100.0
PRODREC-0002371,MCH-004-01-04,LINE-004-01,PROD-003,2026-01-16,C,108,107,99.39
PRODREC-0002372,MCH-004-01-04,LINE-004-01,PROD-007,2026-01-16,B,115,115,100.0
PRODREC-0002373,MCH-004-01-04,LINE-004-01,PROD-008,2026-01-17,C,114,65,57.73
PRODREC-0002374,MCH-004-01-04,LINE-004-01,PROD-005,2026-01-17,B,135,75,55.93
PRODREC-0002375,MCH-004-01-04,LINE-004-01,PROD-004,2026-01-18,B,98,93,95.14
PRODREC-0002376,MCH-004-01-04,LINE-004-01,PROD-005,2026-01-18,C,121,121,100.0
PRODREC-0002377,MCH-004-01-04,LINE-004-01,PROD-005,2026-01-19,A,99,99,100.0
PRODREC-0002378,MCH-004-01-04,LINE-004-01,PROD-008,2026-01-19,A,133,133,100.0
PRODREC-0002379,MCH-004-01-04,LINE-004-01,PROD-001,2026-01-20,B,134,126,94.44
PRODREC-0002380,MCH-004-01-04,LINE-004-01,PROD-007,2026-01-20,C,122,118,96.92
PRODREC-0002381,MCH-004-01-04,LINE-004-01,PROD-006,2026-01-21,A,125,117,93.99
PRODREC-0002382,MCH-004-01-04,LINE-004-01,PROD-008,2026-01-21,B,121,113,94.01
PRODREC-0002383,MCH-004-01-04,LINE-004-01,PROD-009,2026-01-22,A,103,103,100.0
PRODREC-0002384,MCH-004-01-04,LINE-004-01,PROD-002,2026-01-22,B,124,123,99.71
PRODREC-0002385,MCH-004-01-04,LINE-004-01,PROD-010,2026-01-23,A,141,141,100.0
PRODREC-0002386,MCH-004-01-04,LINE-004-01,PROD-007,2026-01-23,B,109,107,98.84
PRODREC-0002387,MCH-004-01-04,LINE-004-01,PROD-002,2026-01-24,A,104,101,97.54
PRODREC-0002388,MCH-004-01-04,LINE-004-01,PROD-001,2026-01-24,A,133,123,92.67
PRODREC-0002389,MCH-004-01-04,LINE-004-01,PROD-009,2026-01-25,B,94,82,88.29
PRODREC-0002390,MCH-004-01-04,LINE-004-01,PROD-005,2026-01-25,B,118,118,100.0
PRODREC-0002391,MCH-004-01-04,LINE-004-01,PROD-004,2026-01-26,A,136,136,100.0
PRODREC-0002392,MCH-004-01-04,LINE-004-01,PROD-002,2026-01-26,C,104,102,98.38
PRODREC-0002393,MCH-004-01-04,LINE-004-01,PROD-002,2026-01-27,C,87,87,100.0
PRODREC-0002394,MCH-004-01-04,LINE-004-01,PROD-002,2026-01-27,B,137,121,88.5
PRODREC-0002395,MCH-004-01-04,LINE-004-01,PROD-006,2026-01-28,A,125,119,95.68
PRODREC-0002396,MCH-004-01-04,LINE-004-01,PROD-004,2026-01-28,B,93,93,100.0
PRODREC-0002397,MCH-004-01-04,LINE-004-01,PROD-002,2026-01-29,C,110,110,100.0
PRODREC-0002398,MCH-004-01-04,LINE-004-01,PROD-006,2026-01-29,C,85,85,100.0
PRODREC-0002399,MCH-004-01-04,LINE-004-01,PROD-004,2026-01-30,C,134,134,100.0
PRODREC-0002400,MCH-004-01-04,LINE-004-01,PROD-002,2026-01-30,B,91,91,100.0
PRODREC-0002401,MCH-004-02-01,LINE-004-02,PROD-005,2026-01-01,A,116,95,82.56
PRODREC-0002402,MCH-004-02-01,LINE-004-02,PROD-003,2026-01-01,B,90,88,97.79
PRODREC-0002403,MCH-004-02-01,LINE-004-02,PROD-005,2026-01-02,C,140,130,93.23
PRODREC-0002404,MCH-004-02-01,LINE-004-02,PROD-007,2026-01-02,C,83,74,89.23
PRODREC-0002405,MCH-004-02-01,LINE-004-02,PROD-008,2026-01-03,A,111,87,78.8
PRODREC-0002406,MCH-004-02-01,LINE-004-02,PROD-008,2026-01-03,B,85,70,82.84
PRODREC-0002407,MCH-004-02-01,LINE-004-02,PROD-010,2026-01-04,A,110,92,83.8
PRODREC-0002408,MCH-004-02-01,LINE-004-02,PROD-009,2026-01-04,B,89,75,84.81
PRODREC-0002409,MCH-004-02-01,LINE-004-02,PROD-001,2026-01-05,B,131,107,82.22
PRODREC-0002410,MCH-004-02-01,LINE-004-02,PROD-010,2026-01-05,B,111,97,87.4
PRODREC-0002411,MCH-004-02-01,LINE-004-02,PROD-007,2026-01-06,C,135,129,95.81
PRODREC-0002412,MCH-004-02-01,LINE-004-02,PROD-004,2026-01-06,C,115,96,84.32
PRODREC-0002413,MCH-004-02-01,LINE-004-02,PROD-010,2026-01-07,A,117,105,90.26
PRODREC-0002414,MCH-004-02-01,LINE-004-02,PROD-005,2026-01-07,A,134,103,77.41
PRODREC-0002415,MCH-004-02-01,LINE-004-02,PROD-005,2026-01-08,B,106,93,88.2
PRODREC-0002416,MCH-004-02-01,LINE-004-02,PROD-008,2026-01-08,B,117,91,77.84
PRODREC-0002417,MCH-004-02-01,LINE-004-02,PROD-010,2026-01-09,A,124,113,91.91
PRODREC-0002418,MCH-004-02-01,LINE-004-02,PROD-001,2026-01-09,A,140,126,90.67
PRODREC-0002419,MCH-004-02-01,LINE-004-02,PROD-002,2026-01-10,B,108,87,80.95
PRODREC-0002420,MCH-004-02-01,LINE-004-02,PROD-010,2026-01-10,B,103,79,77.16
PRODREC-0002421,MCH-004-02-01,LINE-004-02,PROD-002,2026-01-11,B,104,90,86.66
PRODREC-0002422,MCH-004-02-01,LINE-004-02,PROD-008,2026-01-11,C,92,77,84.07
PRODREC-0002423,MCH-004-02-01,LINE-004-02,PROD-001,2026-01-12,B,95,85,90.2
PRODREC-0002424,MCH-004-02-01,LINE-004-02,PROD-009,2026-01-12,C,101,93,92.78
PRODREC-0002425,MCH-004-02-01,LINE-004-02,PROD-002,2026-01-13,C,105,89,85.1
PRODREC-0002426,MCH-004-02-01,LINE-004-02,PROD-007,2026-01-13,C,91,74,82.18
PRODREC-0002427,MCH-004-02-01,LINE-004-02,PROD-003,2026-01-14,A,86,76,88.71
PRODREC-0002428,MCH-004-02-01,LINE-004-02,PROD-005,2026-01-14,C,96,80,84.04
PRODREC-0002429,MCH-004-02-01,LINE-004-02,PROD-008,2026-01-15,C,145,125,86.28
PRODREC-0002430,MCH-004-02-01,LINE-004-02,PROD-009,2026-01-15,A,81,66,82.4
PRODREC-0002431,MCH-004-02-01,LINE-004-02,PROD-008,2026-01-16,C,118,97,82.32
PRODREC-0002432,MCH-004-02-01,LINE-004-02,PROD-004,2026-01-16,B,107,88,82.72
PRODREC-0002433,MCH-004-02-01,LINE-004-02,PROD-008,2026-01-17,A,124,110,89.07
PRODREC-0002434,MCH-004-02-01,LINE-004-02,PROD-001,2026-01-17,B,110,88,80.23
PRODREC-0002435,MCH-004-02-01,LINE-004-02,PROD-008,2026-01-18,C,118,91,77.53
PRODREC-0002436,MCH-004-02-01,LINE-004-02,PROD-003,2026-01-18,A,115,87,75.68
PRODREC-0002437,MCH-004-02-01,LINE-004-02,PROD-001,2026-01-19,C,142,118,83.34
PRODREC-0002438,MCH-004-02-01,LINE-004-02,PROD-008,2026-01-19,B,138,113,82.04
PRODREC-0002439,MCH-004-02-01,LINE-004-02,PROD-009,2026-01-20,B,88,73,83.75
PRODREC-0002440,MCH-004-02-01,LINE-004-02,PROD-006,2026-01-20,A,107,93,87.71
PRODREC-0002441,MCH-004-02-01,LINE-004-02,PROD-002,2026-01-21,A,123,104,85.32
PRODREC-0002442,MCH-004-02-01,LINE-004-02,PROD-007,2026-01-21,A,104,86,82.75
PRODREC-0002443,MCH-004-02-01,LINE-004-02,PROD-003,2026-01-22,C,148,116,78.46
PRODREC-0002444,MCH-004-02-01,LINE-004-02,PROD-005,2026-01-22,A,97,85,88.33
PRODREC-0002445,MCH-004-02-01,LINE-004-02,PROD-004,2026-01-23,B,123,104,85.13
PRODREC-0002446,MCH-004-02-01,LINE-004-02,PROD-003,2026-01-23,A,104,93,90.09
PRODREC-0002447,MCH-004-02-01,LINE-004-02,PROD-003,2026-01-24,A,142,126,89.1
PRODREC-0002448,MCH-004-02-01,LINE-004-02,PROD-009,2026-01-24,C,128,108,84.72
PRODREC-0002449,MCH-004-02-01,LINE-004-02,PROD-002,2026-01-25,A,147,120,81.7
PRODREC-0002450,MCH-004-02-01,LINE-004-02,PROD-008,2026-01-25,A,122,102,84.29
PRODREC-0002451,MCH-004-02-01,LINE-004-02,PROD-002,2026-01-26,B,100,86,86.66
PRODREC-0002452,MCH-004-02-01,LINE-004-02,PROD-005,2026-01-26,B,117,97,83.35
PRODREC-0002453,MCH-004-02-01,LINE-004-02,PROD-001,2026-01-27,C,123,101,82.38
PRODREC-0002454,MCH-004-02-01,LINE-004-02,PROD-002,2026-01-27,C,145,129,89.33
PRODREC-0002455,MCH-004-02-01,LINE-004-02,PROD-010,2026-01-28,C,143,137,96.48
PRODREC-0002456,MCH-004-02-01,LINE-004-02,PROD-003,2026-01-28,C,122,104,85.86
PRODREC-0002457,MCH-004-02-01,LINE-004-02,PROD-002,2026-01-29,A,82,73,89.76
PRODREC-0002458,MCH-004-02-01,LINE-004-02,PROD-008,2026-01-29,A,140,114,81.74
PRODREC-0002459,MCH-004-02-01,LINE-004-02,PROD-007,2026-01-30,C,112,95,84.83
PRODREC-0002460,MCH-004-02-01,LINE-004-02,PROD-004,2026-01-30,C,134,115,86.25
PRODREC-0002461,MCH-004-02-02,LINE-004-02,PROD-001,2026-01-01,B,81,74,92.22
PRODREC-0002462,MCH-004-02-02,LINE-004-02,PROD-010,2026-01-01,C,126,122,97.6
PRODREC-0002463,MCH-004-02-02,LINE-004-02,PROD-004,2026-01-02,B,124,113,91.53
PRODREC-0002464,MCH-004-02-02,LINE-004-02,PROD-004,2026-01-02,C,84,82,97.72
PRODREC-0002465,MCH-004-02-02,LINE-004-02,PROD-009,2026-01-03,C,134,134,100.0
PRODREC-0002466,MCH-004-02-02,LINE-004-02,PROD-010,2026-01-03,A,143,139,97.64
PRODREC-0002467,MCH-004-02-02,LINE-004-02,PROD-010,2026-01-04,C,112,106,95.49
PRODREC-0002468,MCH-004-02-02,LINE-004-02,PROD-010,2026-01-04,C,110,110,100.0
PRODREC-0002469,MCH-004-02-02,LINE-004-02,PROD-008,2026-01-05,C,132,117,89.19
PRODREC-0002470,MCH-004-02-02,LINE-004-02,PROD-003,2026-01-05,B,94,90,96.09
PRODREC-0002471,MCH-004-02-02,LINE-004-02,PROD-005,2026-01-06,B,112,103,92.36
PRODREC-0002472,MCH-004-02-02,LINE-004-02,PROD-008,2026-01-06,C,116,105,90.52
PRODREC-0002473,MCH-004-02-02,LINE-004-02,PROD-001,2026-01-07,B,135,130,96.91
PRODREC-0002474,MCH-004-02-02,LINE-004-02,PROD-001,2026-01-07,C,107,107,100.0
PRODREC-0002475,MCH-004-02-02,LINE-004-02,PROD-002,2026-01-08,B,91,91,100.0
PRODREC-0002476,MCH-004-02-02,LINE-004-02,PROD-001,2026-01-08,A,125,125,100.0
PRODREC-0002477,MCH-004-02-02,LINE-004-02,PROD-003,2026-01-09,A,81,81,100.0
PRODREC-0002478,MCH-004-02-02,LINE-004-02,PROD-008,2026-01-09,B,119,114,96.24
PRODREC-0002479,MCH-004-02-02,LINE-004-02,PROD-005,2026-01-10,C,115,114,99.4
PRODREC-0002480,MCH-004-02-02,LINE-004-02,PROD-001,2026-01-10,C,100,100,100.0
PRODREC-0002481,MCH-004-02-02,LINE-004-02,PROD-008,2026-01-11,B,101,97,96.75
PRODREC-0002482,MCH-004-02-02,LINE-004-02,PROD-007,2026-01-11,B,141,138,98.54
PRODREC-0002483,MCH-004-02-02,LINE-004-02,PROD-003,2026-01-12,B,96,92,96.53
PRODREC-0002484,MCH-004-02-02,LINE-004-02,PROD-002,2026-01-12,B,122,104,85.44
PRODREC-0002485,MCH-004-02-02,LINE-004-02,PROD-008,2026-01-13,B,111,110,99.88
PRODREC-0002486,MCH-004-02-02,LINE-004-02,PROD-009,2026-01-13,C,144,144,100.0
PRODREC-0002487,MCH-004-02-02,LINE-004-02,PROD-009,2026-01-14,B,96,88,91.96
PRODREC-0002488,MCH-004-02-02,LINE-004-02,PROD-003,2026-01-14,C,113,109,97.32
PRODREC-0002489,MCH-004-02-02,LINE-004-02,PROD-004,2026-01-15,C,95,95,100.0
PRODREC-0002490,MCH-004-02-02,LINE-004-02,PROD-006,2026-01-15,B,117,112,95.77
PRODREC-0002491,MCH-004-02-02,LINE-004-02,PROD-003,2026-01-16,B,138,138,100.0
PRODREC-0002492,MCH-004-02-02,LINE-004-02,PROD-008,2026-01-16,A,93,91,98.73
PRODREC-0002493,MCH-004-02-02,LINE-004-02,PROD-009,2026-01-17,C,90,90,100.0
PRODREC-0002494,MCH-004-02-02,LINE-004-02,PROD-007,2026-01-17,C,144,143,99.57
PRODREC-0002495,MCH-004-02-02,LINE-004-02,PROD-004,2026-01-18,C,118,113,96.54
PRODREC-0002496,MCH-004-02-02,LINE-004-02,PROD-002,2026-01-18,B,141,138,98.53
PRODREC-0002497,MCH-004-02-02,LINE-004-02,PROD-010,2026-01-19,B,87,83,95.91
PRODREC-0002498,MCH-004-02-02,LINE-004-02,PROD-001,2026-01-19,A,103,101,98.96
PRODREC-0002499,MCH-004-02-02,LINE-004-02,PROD-009,2026-01-20,B,141,137,97.24
PRODREC-0002500,MCH-004-02-02,LINE-004-02,PROD-004,2026-01-20,C,84,78,93.92
PRODREC-0002501,MCH-004-02-02,LINE-004-02,PROD-003,2026-01-21,B,121,120,99.97
PRODREC-0002502,MCH-004-02-02,LINE-004-02,PROD-007,2026-01-21,B,82,80,97.78
PRODREC-0002503,MCH-004-02-02,LINE-004-02,PROD-003,2026-01-22,A,101,96,95.73
PRODREC-0002504,MCH-004-02-02,LINE-004-02,PROD-007,2026-01-22,A,112,110,98.8
PRODREC-0002505,MCH-004-02-02,LINE-004-02,PROD-006,2026-01-23,A,87,83,96.03
PRODREC-0002506,MCH-004-02-02,LINE-004-02,PROD-003,2026-01-23,B,113,106,94.57
PRODREC-0002507,MCH-004-02-02,LINE-004-02,PROD-005,2026-01-24,C,96,96,100.0
PRODREC-0002508,MCH-004-02-02,LINE-004-02,PROD-003,2026-01-24,C,123,111,90.38
PRODREC-0002509,MCH-004-02-02,LINE-004-02,PROD-003,2026-01-25,C,143,143,100.0
PRODREC-0002510,MCH-004-02-02,LINE-004-02,PROD-007,2026-01-25,B,88,85,97.54
PRODREC-0002511,MCH-004-02-02,LINE-004-02,PROD-005,2026-01-26,A,96,55,57.46
PRODREC-0002512,MCH-004-02-02,LINE-004-02,PROD-008,2026-01-26,A,97,49,51.53
PRODREC-0002513,MCH-004-02-02,LINE-004-02,PROD-007,2026-01-27,B,119,119,100.0
PRODREC-0002514,MCH-004-02-02,LINE-004-02,PROD-003,2026-01-27,A,87,82,95.34
PRODREC-0002515,MCH-004-02-02,LINE-004-02,PROD-010,2026-01-28,B,128,126,99.02
PRODREC-0002516,MCH-004-02-02,LINE-004-02,PROD-006,2026-01-28,A,143,133,93.45
PRODREC-0002517,MCH-004-02-02,LINE-004-02,PROD-006,2026-01-29,B,134,120,89.66
PRODREC-0002518,MCH-004-02-02,LINE-004-02,PROD-008,2026-01-29,C,137,128,93.77
PRODREC-0002519,MCH-004-02-02,LINE-004-02,PROD-006,2026-01-30,A,81,74,92.11
PRODREC-0002520,MCH-004-02-02,LINE-004-02,PROD-001,2026-01-30,C,119,119,100.0
PRODREC-0002521,MCH-004-02-03,LINE-004-02,PROD-006,2026-01-01,C,106,96,90.61
PRODREC-0002522,MCH-004-02-03,LINE-004-02,PROD-005,2026-01-01,C,119,119,100.0
PRODREC-0002523,MCH-004-02-03,LINE-004-02,PROD-001,2026-01-02,B,122,122,100.0
PRODREC-0002524,MCH-004-02-03,LINE-004-02,PROD-009,2026-01-02,C,97,96,99.83
PRODREC-0002525,MCH-004-02-03,LINE-004-02,PROD-010,2026-01-03,C,149,131,88.49
PRODREC-0002526,MCH-004-02-03,LINE-004-02,PROD-003,2026-01-03,C,132,120,91.51
PRODREC-0002527,MCH-004-02-03,LINE-004-02,PROD-004,2026-01-04,B,121,111,92.52
PRODREC-0002528,MCH-004-02-03,LINE-004-02,PROD-007,2026-01-04,B,100,84,84.55
PRODREC-0002529,MCH-004-02-03,LINE-004-02,PROD-005,2026-01-05,C,141,134,95.06
PRODREC-0002530,MCH-004-02-03,LINE-004-02,PROD-010,2026-01-05,B,111,101,91.0
PRODREC-0002531,MCH-004-02-03,LINE-004-02,PROD-006,2026-01-06,C,111,108,97.42
PRODREC-0002532,MCH-004-02-03,LINE-004-02,PROD-006,2026-01-06,A,144,144,100.0
PRODREC-0002533,MCH-004-02-03,LINE-004-02,PROD-003,2026-01-07,B,88,87,98.87
PRODREC-0002534,MCH-004-02-03,LINE-004-02,PROD-007,2026-01-07,B,82,82,100.0
PRODREC-0002535,MCH-004-02-03,LINE-004-02,PROD-005,2026-01-08,B,122,109,89.56
PRODREC-0002536,MCH-004-02-03,LINE-004-02,PROD-001,2026-01-08,A,134,112,84.29
PRODREC-0002537,MCH-004-02-03,LINE-004-02,PROD-007,2026-01-09,C,138,135,98.12
PRODREC-0002538,MCH-004-02-03,LINE-004-02,PROD-005,2026-01-09,B,113,113,100.0
PRODREC-0002539,MCH-004-02-03,LINE-004-02,PROD-004,2026-01-10,A,140,140,100.0
PRODREC-0002540,MCH-004-02-03,LINE-004-02,PROD-007,2026-01-10,A,122,115,94.27
PRODREC-0002541,MCH-004-02-03,LINE-004-02,PROD-008,2026-01-11,B,128,108,84.93
PRODREC-0002542,MCH-004-02-03,LINE-004-02,PROD-001,2026-01-11,C,98,94,96.32
PRODREC-0002543,MCH-004-02-03,LINE-004-02,PROD-005,2026-01-12,A,103,96,94.05
PRODREC-0002544,MCH-004-02-03,LINE-004-02,PROD-002,2026-01-12,A,121,117,97.52
PRODREC-0002545,MCH-004-02-03,LINE-004-02,PROD-002,2026-01-13,A,140,140,100.0
PRODREC-0002546,MCH-004-02-03,LINE-004-02,PROD-001,2026-01-13,B,118,107,91.01
PRODREC-0002547,MCH-004-02-03,LINE-004-02,PROD-008,2026-01-14,C,135,117,87.27
PRODREC-0002548,MCH-004-02-03,LINE-004-02,PROD-008,2026-01-14,C,86,80,93.81
PRODREC-0002549,MCH-004-02-03,LINE-004-02,PROD-002,2026-01-15,B,87,39,45.8
PRODREC-0002550,MCH-004-02-03,LINE-004-02,PROD-008,2026-01-15,A,117,73,63.05
PRODREC-0002551,MCH-004-02-03,LINE-004-02,PROD-001,2026-01-16,C,81,70,87.07
PRODREC-0002552,MCH-004-02-03,LINE-004-02,PROD-001,2026-01-16,B,135,132,98.19
PRODREC-0002553,MCH-004-02-03,LINE-004-02,PROD-007,2026-01-17,A,141,140,99.42
PRODREC-0002554,MCH-004-02-03,LINE-004-02,PROD-005,2026-01-17,C,148,144,97.3
PRODREC-0002555,MCH-004-02-03,LINE-004-02,PROD-010,2026-01-18,B,101,98,97.65
PRODREC-0002556,MCH-004-02-03,LINE-004-02,PROD-008,2026-01-18,C,126,119,94.54
PRODREC-0002557,MCH-004-02-03,LINE-004-02,PROD-010,2026-01-19,C,111,111,100.0
PRODREC-0002558,MCH-004-02-03,LINE-004-02,PROD-003,2026-01-19,B,134,119,89.17
PRODREC-0002559,MCH-004-02-03,LINE-004-02,PROD-010,2026-01-20,A,108,103,95.53
PRODREC-0002560,MCH-004-02-03,LINE-004-02,PROD-009,2026-01-20,C,88,82,93.82
PRODREC-0002561,MCH-004-02-03,LINE-004-02,PROD-009,2026-01-21,B,96,84,88.18
PRODREC-0002562,MCH-004-02-03,LINE-004-02,PROD-007,2026-01-21,B,134,129,96.78
PRODREC-0002563,MCH-004-02-03,LINE-004-02,PROD-002,2026-01-22,B,112,97,86.98
PRODREC-0002564,MCH-004-02-03,LINE-004-02,PROD-005,2026-01-22,C,134,132,98.59
PRODREC-0002565,MCH-004-02-03,LINE-004-02,PROD-010,2026-01-23,A,113,101,90.08
PRODREC-0002566,MCH-004-02-03,LINE-004-02,PROD-010,2026-01-23,A,130,123,94.7
PRODREC-0002567,MCH-004-02-03,LINE-004-02,PROD-003,2026-01-24,A,143,130,91.46
PRODREC-0002568,MCH-004-02-03,LINE-004-02,PROD-009,2026-01-24,B,144,144,100.0
PRODREC-0002569,MCH-004-02-03,LINE-004-02,PROD-007,2026-01-25,B,147,147,100.0
PRODREC-0002570,MCH-004-02-03,LINE-004-02,PROD-004,2026-01-25,C,83,77,93.58
PRODREC-0002571,MCH-004-02-03,LINE-004-02,PROD-003,2026-01-26,C,97,90,93.22
PRODREC-0002572,MCH-004-02-03,LINE-004-02,PROD-009,2026-01-26,B,120,102,85.76
PRODREC-0002573,MCH-004-02-03,LINE-004-02,PROD-003,2026-01-27,A,142,138,97.86
PRODREC-0002574,MCH-004-02-03,LINE-004-02,PROD-006,2026-01-27,A,148,147,99.96
PRODREC-0002575,MCH-004-02-03,LINE-004-02,PROD-004,2026-01-28,C,115,113,98.83
PRODREC-0002576,MCH-004-02-03,LINE-004-02,PROD-006,2026-01-28,B,139,124,89.23
PRODREC-0002577,MCH-004-02-03,LINE-004-02,PROD-007,2026-01-29,B,146,134,91.9
PRODREC-0002578,MCH-004-02-03,LINE-004-02,PROD-007,2026-01-29,C,126,115,91.75
PRODREC-0002579,MCH-004-02-03,LINE-004-02,PROD-002,2026-01-30,B,142,119,84.23
PRODREC-0002580,MCH-004-02-03,LINE-004-02,PROD-008,2026-01-30,A,80,74,93.48
PRODREC-0002581,MCH-004-02-04,LINE-004-02,PROD-010,2026-01-01,B,127,127,100.0
PRODREC-0002582,MCH-004-02-04,LINE-004-02,PROD-010,2026-01-01,C,109,103,95.36
PRODREC-0002583,MCH-004-02-04,LINE-004-02,PROD-008,2026-01-02,A,85,83,97.85
PRODREC-0002584,MCH-004-02-04,LINE-004-02,PROD-008,2026-01-02,A,103,98,95.16
PRODREC-0002585,MCH-004-02-04,LINE-004-02,PROD-005,2026-01-03,B,142,142,100.0
PRODREC-0002586,MCH-004-02-04,LINE-004-02,PROD-001,2026-01-03,B,106,104,98.92
PRODREC-0002587,MCH-004-02-04,LINE-004-02,PROD-010,2026-01-04,C,94,94,100.0
PRODREC-0002588,MCH-004-02-04,LINE-004-02,PROD-005,2026-01-04,C,82,70,86.18
PRODREC-0002589,MCH-004-02-04,LINE-004-02,PROD-004,2026-01-05,C,101,93,92.18
PRODREC-0002590,MCH-004-02-04,LINE-004-02,PROD-001,2026-01-05,B,143,135,94.68
PRODREC-0002591,MCH-004-02-04,LINE-004-02,PROD-006,2026-01-06,B,148,141,95.51
PRODREC-0002592,MCH-004-02-04,LINE-004-02,PROD-005,2026-01-06,C,145,145,100.0
PRODREC-0002593,MCH-004-02-04,LINE-004-02,PROD-010,2026-01-07,C,128,126,98.51
PRODREC-0002594,MCH-004-02-04,LINE-004-02,PROD-007,2026-01-07,A,107,107,100.0
PRODREC-0002595,MCH-004-02-04,LINE-004-02,PROD-004,2026-01-08,B,114,112,98.94
PRODREC-0002596,MCH-004-02-04,LINE-004-02,PROD-009,2026-01-08,A,95,95,100.0
PRODREC-0002597,MCH-004-02-04,LINE-004-02,PROD-009,2026-01-09,C,84,84,100.0
PRODREC-0002598,MCH-004-02-04,LINE-004-02,PROD-006,2026-01-09,C,107,107,100.0
PRODREC-0002599,MCH-004-02-04,LINE-004-02,PROD-007,2026-01-10,B,100,95,95.39
PRODREC-0002600,MCH-004-02-04,LINE-004-02,PROD-008,2026-01-10,A,93,93,100.0
PRODREC-0002601,MCH-004-02-04,LINE-004-02,PROD-002,2026-01-11,A,141,67,47.94
PRODREC-0002602,MCH-004-02-04,LINE-004-02,PROD-006,2026-01-11,C,100,46,46.79
PRODREC-0002603,MCH-004-02-04,LINE-004-02,PROD-004,2026-01-12,B,128,128,100.0
PRODREC-0002604,MCH-004-02-04,LINE-004-02,PROD-008,2026-01-12,B,139,121,87.15
PRODREC-0002605,MCH-004-02-04,LINE-004-02,PROD-004,2026-01-13,B,108,108,100.0
PRODREC-0002606,MCH-004-02-04,LINE-004-02,PROD-006,2026-01-13,C,129,123,95.48
PRODREC-0002607,MCH-004-02-04,LINE-004-02,PROD-001,2026-01-14,B,116,116,100.0
PRODREC-0002608,MCH-004-02-04,LINE-004-02,PROD-008,2026-01-14,B,103,103,100.0
PRODREC-0002609,MCH-004-02-04,LINE-004-02,PROD-001,2026-01-15,B,92,92,100.0
PRODREC-0002610,MCH-004-02-04,LINE-004-02,PROD-006,2026-01-15,B,120,114,95.31
PRODREC-0002611,MCH-004-02-04,LINE-004-02,PROD-010,2026-01-16,A,116,116,100.0
PRODREC-0002612,MCH-004-02-04,LINE-004-02,PROD-006,2026-01-16,B,128,123,96.13
PRODREC-0002613,MCH-004-02-04,LINE-004-02,PROD-004,2026-01-17,B,149,149,100.0
PRODREC-0002614,MCH-004-02-04,LINE-004-02,PROD-003,2026-01-17,A,141,137,97.66
PRODREC-0002615,MCH-004-02-04,LINE-004-02,PROD-001,2026-01-18,C,137,137,100.0
PRODREC-0002616,MCH-004-02-04,LINE-004-02,PROD-004,2026-01-18,C,99,97,98.63
PRODREC-0002617,MCH-004-02-04,LINE-004-02,PROD-009,2026-01-19,C,142,139,98.0
PRODREC-0002618,MCH-004-02-04,LINE-004-02,PROD-003,2026-01-19,A,102,94,92.74
PRODREC-0002619,MCH-004-02-04,LINE-004-02,PROD-009,2026-01-20,A,88,82,93.83
PRODREC-0002620,MCH-004-02-04,LINE-004-02,PROD-008,2026-01-20,A,88,88,100.0
PRODREC-0002621,MCH-004-02-04,LINE-004-02,PROD-003,2026-01-21,C,133,133,100.0
PRODREC-0002622,MCH-004-02-04,LINE-004-02,PROD-001,2026-01-21,B,141,139,98.98
PRODREC-0002623,MCH-004-02-04,LINE-004-02,PROD-009,2026-01-22,B,99,99,100.0
PRODREC-0002624,MCH-004-02-04,LINE-004-02,PROD-008,2026-01-22,B,149,131,88.47
PRODREC-0002625,MCH-004-02-04,LINE-004-02,PROD-002,2026-01-23,A,107,105,98.91
PRODREC-0002626,MCH-004-02-04,LINE-004-02,PROD-001,2026-01-23,C,85,85,100.0
PRODREC-0002627,MCH-004-02-04,LINE-004-02,PROD-005,2026-01-24,A,101,101,100.0
PRODREC-0002628,MCH-004-02-04,LINE-004-02,PROD-002,2026-01-24,A,119,104,88.2
PRODREC-0002629,MCH-004-02-04,LINE-004-02,PROD-005,2026-01-25,A,125,125,100.0
PRODREC-0002630,MCH-004-02-04,LINE-004-02,PROD-001,2026-01-25,C,144,139,96.74
PRODREC-0002631,MCH-004-02-04,LINE-004-02,PROD-010,2026-01-26,A,82,82,100.0
PRODREC-0002632,MCH-004-02-04,LINE-004-02,PROD-003,2026-01-26,A,80,78,98.52
PRODREC-0002633,MCH-004-02-04,LINE-004-02,PROD-003,2026-01-27,C,105,99,95.22
PRODREC-0002634,MCH-004-02-04,LINE-004-02,PROD-010,2026-01-27,C,85,85,100.0
PRODREC-0002635,MCH-004-02-04,LINE-004-02,PROD-007,2026-01-28,A,110,103,94.18
PRODREC-0002636,MCH-004-02-04,LINE-004-02,PROD-010,2026-01-28,A,86,81,95.19
PRODREC-0002637,MCH-004-02-04,LINE-004-02,PROD-002,2026-01-29,C,106,106,100.0
PRODREC-0002638,MCH-004-02-04,LINE-004-02,PROD-008,2026-01-29,B,94,90,96.76
PRODREC-0002639,MCH-004-02-04,LINE-004-02,PROD-002,2026-01-30,A,126,109,87.17
PRODREC-0002640,MCH-004-02-04,LINE-004-02,PROD-005,2026-01-30,B,114,112,98.47
PRODREC-0002641,MCH-004-03-01,LINE-004-03,PROD-008,2026-01-01,B,145,142,98.01
PRODREC-0002642,MCH-004-03-01,LINE-004-03,PROD-002,2026-01-01,A,81,77,96.19
PRODREC-0002643,MCH-004-03-01,LINE-004-03,PROD-003,2026-01-02,B,85,81,96.25
PRODREC-0002644,MCH-004-03-01,LINE-004-03,PROD-009,2026-01-02,B,113,108,95.73
PRODREC-0002645,MCH-004-03-01,LINE-004-03,PROD-010,2026-01-03,B,136,124,91.64
PRODREC-0002646,MCH-004-03-01,LINE-004-03,PROD-008,2026-01-03,A,115,99,86.69
PRODREC-0002647,MCH-004-03-01,LINE-004-03,PROD-001,2026-01-04,A,134,130,97.5
PRODREC-0002648,MCH-004-03-01,LINE-004-03,PROD-005,2026-01-04,C,119,110,93.27
PRODREC-0002649,MCH-004-03-01,LINE-004-03,PROD-007,2026-01-05,C,113,106,94.28
PRODREC-0002650,MCH-004-03-01,LINE-004-03,PROD-005,2026-01-05,A,116,108,93.58
PRODREC-0002651,MCH-004-03-01,LINE-004-03,PROD-001,2026-01-06,C,130,130,100.0
PRODREC-0002652,MCH-004-03-01,LINE-004-03,PROD-002,2026-01-06,A,83,83,100.0
PRODREC-0002653,MCH-004-03-01,LINE-004-03,PROD-007,2026-01-07,C,146,142,97.63
PRODREC-0002654,MCH-004-03-01,LINE-004-03,PROD-010,2026-01-07,A,140,125,89.46
PRODREC-0002655,MCH-004-03-01,LINE-004-03,PROD-010,2026-01-08,A,111,95,86.27
PRODREC-0002656,MCH-004-03-01,LINE-004-03,PROD-005,2026-01-08,A,129,122,94.79
PRODREC-0002657,MCH-004-03-01,LINE-004-03,PROD-002,2026-01-09,B,126,118,93.79
PRODREC-0002658,MCH-004-03-01,LINE-004-03,PROD-010,2026-01-09,C,129,122,94.7
PRODREC-0002659,MCH-004-03-01,LINE-004-03,PROD-007,2026-01-10,C,80,74,93.01
PRODREC-0002660,MCH-004-03-01,LINE-004-03,PROD-003,2026-01-10,C,84,71,85.12
PRODREC-0002661,MCH-004-03-01,LINE-004-03,PROD-005,2026-01-11,A,128,121,94.71
PRODREC-0002662,MCH-004-03-01,LINE-004-03,PROD-008,2026-01-11,B,83,80,96.75
PRODREC-0002663,MCH-004-03-01,LINE-004-03,PROD-007,2026-01-12,B,89,80,90.2
PRODREC-0002664,MCH-004-03-01,LINE-004-03,PROD-004,2026-01-12,B,130,107,82.79
PRODREC-0002665,MCH-004-03-01,LINE-004-03,PROD-005,2026-01-13,C,138,138,100.0
PRODREC-0002666,MCH-004-03-01,LINE-004-03,PROD-010,2026-01-13,C,139,137,99.09
PRODREC-0002667,MCH-004-03-01,LINE-004-03,PROD-008,2026-01-14,C,102,88,86.3
PRODREC-0002668,MCH-004-03-01,LINE-004-03,PROD-006,2026-01-14,B,111,105,94.64
PRODREC-0002669,MCH-004-03-01,LINE-004-03,PROD-004,2026-01-15,C,143,72,50.38
PRODREC-0002670,MCH-004-03-01,LINE-004-03,PROD-002,2026-01-15,B,128,79,61.84
PRODREC-0002671,MCH-004-03-01,LINE-004-03,PROD-008,2026-01-16,B,138,129,93.95
PRODREC-0002672,MCH-004-03-01,LINE-004-03,PROD-003,2026-01-16,A,92,87,95.62
PRODREC-0002673,MCH-004-03-01,LINE-004-03,PROD-001,2026-01-17,A,82,77,94.95
PRODREC-0002674,MCH-004-03-01,LINE-004-03,PROD-010,2026-01-17,B,94,91,97.02
PRODREC-0002675,MCH-004-03-01,LINE-004-03,PROD-005,2026-01-18,B,106,97,92.02
PRODREC-0002676,MCH-004-03-01,LINE-004-03,PROD-005,2026-01-18,B,142,134,94.46
PRODREC-0002677,MCH-004-03-01,LINE-004-03,PROD-005,2026-01-19,B,88,81,92.74
PRODREC-0002678,MCH-004-03-01,LINE-004-03,PROD-004,2026-01-19,B,124,122,98.43
PRODREC-0002679,MCH-004-03-01,LINE-004-03,PROD-008,2026-01-20,C,137,135,99.13
PRODREC-0002680,MCH-004-03-01,LINE-004-03,PROD-008,2026-01-20,C,82,79,96.46
PRODREC-0002681,MCH-004-03-01,LINE-004-03,PROD-002,2026-01-21,C,118,103,87.43
PRODREC-0002682,MCH-004-03-01,LINE-004-03,PROD-005,2026-01-21,A,86,81,94.79
PRODREC-0002683,MCH-004-03-01,LINE-004-03,PROD-004,2026-01-22,A,126,121,96.63
PRODREC-0002684,MCH-004-03-01,LINE-004-03,PROD-003,2026-01-22,B,111,103,92.93
PRODREC-0002685,MCH-004-03-01,LINE-004-03,PROD-009,2026-01-23,C,134,134,100.0
PRODREC-0002686,MCH-004-03-01,LINE-004-03,PROD-008,2026-01-23,B,100,98,98.46
PRODREC-0002687,MCH-004-03-01,LINE-004-03,PROD-010,2026-01-24,A,101,93,92.11
PRODREC-0002688,MCH-004-03-01,LINE-004-03,PROD-004,2026-01-24,A,138,125,90.68
PRODREC-0002689,MCH-004-03-01,LINE-004-03,PROD-007,2026-01-25,B,93,91,98.74
PRODREC-0002690,MCH-004-03-01,LINE-004-03,PROD-008,2026-01-25,B,121,116,96.5
PRODREC-0002691,MCH-004-03-01,LINE-004-03,PROD-006,2026-01-26,B,128,125,97.91
PRODREC-0002692,MCH-004-03-01,LINE-004-03,PROD-010,2026-01-26,B,87,78,90.74
PRODREC-0002693,MCH-004-03-01,LINE-004-03,PROD-004,2026-01-27,C,142,129,91.05
PRODREC-0002694,MCH-004-03-01,LINE-004-03,PROD-009,2026-01-27,B,122,112,92.17
PRODREC-0002695,MCH-004-03-01,LINE-004-03,PROD-005,2026-01-28,A,94,88,94.08
PRODREC-0002696,MCH-004-03-01,LINE-004-03,PROD-005,2026-01-28,B,134,134,100.0
PRODREC-0002697,MCH-004-03-01,LINE-004-03,PROD-004,2026-01-29,A,137,120,87.9
PRODREC-0002698,MCH-004-03-01,LINE-004-03,PROD-006,2026-01-29,A,123,123,100.0
PRODREC-0002699,MCH-004-03-01,LINE-004-03,PROD-005,2026-01-30,C,92,84,92.32
PRODREC-0002700,MCH-004-03-01,LINE-004-03,PROD-003,2026-01-30,C,137,131,96.03
PRODREC-0002701,MCH-004-03-02,LINE-004-03,PROD-002,2026-01-01,C,127,120,94.62
PRODREC-0002702,MCH-004-03-02,LINE-004-03,PROD-002,2026-01-01,C,122,122,100.0
PRODREC-0002703,MCH-004-03-02,LINE-004-03,PROD-007,2026-01-02,A,104,97,93.99
PRODREC-0002704,MCH-004-03-02,LINE-004-03,PROD-009,2026-01-02,C,114,103,90.84
PRODREC-0002705,MCH-004-03-02,LINE-004-03,PROD-003,2026-01-03,A,108,104,96.72
PRODREC-0002706,MCH-004-03-02,LINE-004-03,PROD-010,2026-01-03,C,86,81,94.4
PRODREC-0002707,MCH-004-03-02,LINE-004-03,PROD-001,2026-01-04,C,103,95,93.11
PRODREC-0002708,MCH-004-03-02,LINE-004-03,PROD-006,2026-01-04,B,92,81,88.17
PRODREC-0002709,MCH-004-03-02,LINE-004-03,PROD-005,2026-01-05,C,122,122,100.0
PRODREC-0002710,MCH-004-03-02,LINE-004-03,PROD-001,2026-01-05,A,128,116,91.05
PRODREC-0002711,MCH-004-03-02,LINE-004-03,PROD-003,2026-01-06,C,147,130,88.46
PRODREC-0002712,MCH-004-03-02,LINE-004-03,PROD-001,2026-01-06,A,128,115,89.95
PRODREC-0002713,MCH-004-03-02,LINE-004-03,PROD-008,2026-01-07,C,133,132,99.43
PRODREC-0002714,MCH-004-03-02,LINE-004-03,PROD-009,2026-01-07,B,82,74,91.16
PRODREC-0002715,MCH-004-03-02,LINE-004-03,PROD-001,2026-01-08,C,134,120,90.11
PRODREC-0002716,MCH-004-03-02,LINE-004-03,PROD-008,2026-01-08,A,116,101,87.34
PRODREC-0002717,MCH-004-03-02,LINE-004-03,PROD-009,2026-01-09,A,101,88,87.64
PRODREC-0002718,MCH-004-03-02,LINE-004-03,PROD-002,2026-01-09,B,129,113,87.67
PRODREC-0002719,MCH-004-03-02,LINE-004-03,PROD-005,2026-01-10,B,105,97,93.18
PRODREC-0002720,MCH-004-03-02,LINE-004-03,PROD-001,2026-01-10,A,115,105,91.4
PRODREC-0002721,MCH-004-03-02,LINE-004-03,PROD-001,2026-01-11,A,145,140,97.21
PRODREC-0002722,MCH-004-03-02,LINE-004-03,PROD-007,2026-01-11,C,134,118,88.22
PRODREC-0002723,MCH-004-03-02,LINE-004-03,PROD-002,2026-01-12,B,123,114,93.3
PRODREC-0002724,MCH-004-03-02,LINE-004-03,PROD-005,2026-01-12,C,145,130,89.66
PRODREC-0002725,MCH-004-03-02,LINE-004-03,PROD-010,2026-01-13,B,101,89,88.58
PRODREC-0002726,MCH-004-03-02,LINE-004-03,PROD-007,2026-01-13,B,143,136,95.64
PRODREC-0002727,MCH-004-03-02,LINE-004-03,PROD-007,2026-01-14,A,127,125,99.18
PRODREC-0002728,MCH-004-03-02,LINE-004-03,PROD-009,2026-01-14,B,82,68,83.19
PRODREC-0002729,MCH-004-03-02,LINE-004-03,PROD-009,2026-01-15,C,122,111,91.32
PRODREC-0002730,MCH-004-03-02,LINE-004-03,PROD-006,2026-01-15,B,90,80,89.89
PRODREC-0002731,MCH-004-03-02,LINE-004-03,PROD-005,2026-01-16,B,103,85,83.35
PRODREC-0002732,MCH-004-03-02,LINE-004-03,PROD-010,2026-01-16,B,81,74,91.76
PRODREC-0002733,MCH-004-03-02,LINE-004-03,PROD-010,2026-01-17,C,133,132,99.39
PRODREC-0002734,MCH-004-03-02,LINE-004-03,PROD-004,2026-01-17,B,130,125,96.85
PRODREC-0002735,MCH-004-03-02,LINE-004-03,PROD-001,2026-01-18,B,139,123,89.17
PRODREC-0002736,MCH-004-03-02,LINE-004-03,PROD-009,2026-01-18,C,118,114,97.27
PRODREC-0002737,MCH-004-03-02,LINE-004-03,PROD-008,2026-01-19,A,99,99,100.0
PRODREC-0002738,MCH-004-03-02,LINE-004-03,PROD-003,2026-01-19,A,106,91,86.76
PRODREC-0002739,MCH-004-03-02,LINE-004-03,PROD-003,2026-01-20,A,147,132,89.86
PRODREC-0002740,MCH-004-03-02,LINE-004-03,PROD-007,2026-01-20,B,100,100,100.0
PRODREC-0002741,MCH-004-03-02,LINE-004-03,PROD-004,2026-01-21,A,116,108,93.81
PRODREC-0002742,MCH-004-03-02,LINE-004-03,PROD-006,2026-01-21,A,138,125,90.92
PRODREC-0002743,MCH-004-03-02,LINE-004-03,PROD-003,2026-01-22,B,126,114,91.11
PRODREC-0002744,MCH-004-03-02,LINE-004-03,PROD-010,2026-01-22,C,110,103,94.31
PRODREC-0002745,MCH-004-03-02,LINE-004-03,PROD-007,2026-01-23,B,117,108,93.05
PRODREC-0002746,MCH-004-03-02,LINE-004-03,PROD-002,2026-01-23,B,87,80,92.37
PRODREC-0002747,MCH-004-03-02,LINE-004-03,PROD-001,2026-01-24,C,86,83,97.04
PRODREC-0002748,MCH-004-03-02,LINE-004-03,PROD-010,2026-01-24,B,113,101,89.95
PRODREC-0002749,MCH-004-03-02,LINE-004-03,PROD-004,2026-01-25,C,124,104,84.58
PRODREC-0002750,MCH-004-03-02,LINE-004-03,PROD-009,2026-01-25,B,122,101,83.21
PRODREC-0002751,MCH-004-03-02,LINE-004-03,PROD-006,2026-01-26,A,115,112,97.66
PRODREC-0002752,MCH-004-03-02,LINE-004-03,PROD-010,2026-01-26,A,148,137,92.7
PRODREC-0002753,MCH-004-03-02,LINE-004-03,PROD-009,2026-01-27,C,106,98,92.93
PRODREC-0002754,MCH-004-03-02,LINE-004-03,PROD-008,2026-01-27,B,144,127,88.78
PRODREC-0002755,MCH-004-03-02,LINE-004-03,PROD-006,2026-01-28,B,128,119,93.74
PRODREC-0002756,MCH-004-03-02,LINE-004-03,PROD-007,2026-01-28,A,124,112,90.65
PRODREC-0002757,MCH-004-03-02,LINE-004-03,PROD-006,2026-01-29,B,131,127,97.18
PRODREC-0002758,MCH-004-03-02,LINE-004-03,PROD-006,2026-01-29,A,94,86,92.55
PRODREC-0002759,MCH-004-03-02,LINE-004-03,PROD-010,2026-01-30,B,133,120,90.43
PRODREC-0002760,MCH-004-03-02,LINE-004-03,PROD-010,2026-01-30,C,144,135,93.87
PRODREC-0002761,MCH-004-03-03,LINE-004-03,PROD-009,2026-01-01,B,124,117,94.8
PRODREC-0002762,MCH-004-03-03,LINE-004-03,PROD-005,2026-01-01,B,87,78,90.13
PRODREC-0002763,MCH-004-03-03,LINE-004-03,PROD-009,2026-01-02,C,147,136,92.95
PRODREC-0002764,MCH-004-03-03,LINE-004-03,PROD-001,2026-01-02,C,145,123,84.84
PRODREC-0002765,MCH-004-03-03,LINE-004-03,PROD-009,2026-01-03,A,129,104,80.93
PRODREC-0002766,MCH-004-03-03,LINE-004-03,PROD-009,2026-01-03,A,109,93,85.68
PRODREC-0002767,MCH-004-03-03,LINE-004-03,PROD-004,2026-01-04,B,134,121,90.84
PRODREC-0002768,MCH-004-03-03,LINE-004-03,PROD-002,2026-01-04,C,121,104,86.58
PRODREC-0002769,MCH-004-03-03,LINE-004-03,PROD-010,2026-01-05,B,91,78,86.28
PRODREC-0002770,MCH-004-03-03,LINE-004-03,PROD-003,2026-01-05,C,120,108,90.04
PRODREC-0002771,MCH-004-03-03,LINE-004-03,PROD-003,2026-01-06,C,97,83,85.61
PRODREC-0002772,MCH-004-03-03,LINE-004-03,PROD-010,2026-01-06,A,95,83,88.2
PRODREC-0002773,MCH-004-03-03,LINE-004-03,PROD-009,2026-01-07,A,90,78,87.22
PRODREC-0002774,MCH-004-03-03,LINE-004-03,PROD-001,2026-01-07,C,81,71,88.39
PRODREC-0002775,MCH-004-03-03,LINE-004-03,PROD-002,2026-01-08,B,141,119,85.0
PRODREC-0002776,MCH-004-03-03,LINE-004-03,PROD-006,2026-01-08,A,100,81,81.54
PRODREC-0002777,MCH-004-03-03,LINE-004-03,PROD-002,2026-01-09,A,84,74,88.16
PRODREC-0002778,MCH-004-03-03,LINE-004-03,PROD-009,2026-01-09,C,90,79,88.44
PRODREC-0002779,MCH-004-03-03,LINE-004-03,PROD-007,2026-01-10,A,149,136,91.65
PRODREC-0002780,MCH-004-03-03,LINE-004-03,PROD-004,2026-01-10,B,83,74,89.64
PRODREC-0002781,MCH-004-03-03,LINE-004-03,PROD-002,2026-01-11,B,123,91,74.77
PRODREC-0002782,MCH-004-03-03,LINE-004-03,PROD-003,2026-01-11,C,113,99,88.4
PRODREC-0002783,MCH-004-03-03,LINE-004-03,PROD-001,2026-01-12,C,140,121,86.88
PRODREC-0002784,MCH-004-03-03,LINE-004-03,PROD-005,2026-01-12,A,107,96,90.43
PRODREC-0002785,MCH-004-03-03,LINE-004-03,PROD-010,2026-01-13,B,102,89,88.13
PRODREC-0002786,MCH-004-03-03,LINE-004-03,PROD-009,2026-01-13,C,124,102,82.82
PRODREC-0002787,MCH-004-03-03,LINE-004-03,PROD-003,2026-01-14,C,90,82,91.51
PRODREC-0002788,MCH-004-03-03,LINE-004-03,PROD-001,2026-01-14,A,142,107,76.03
PRODREC-0002789,MCH-004-03-03,LINE-004-03,PROD-009,2026-01-15,B,132,123,93.65
PRODREC-0002790,MCH-004-03-03,LINE-004-03,PROD-002,2026-01-15,A,119,112,94.63
PRODREC-0002791,MCH-004-03-03,LINE-004-03,PROD-002,2026-01-16,B,87,75,86.88
PRODREC-0002792,MCH-004-03-03,LINE-004-03,PROD-004,2026-01-16,A,124,103,83.65
PRODREC-0002793,MCH-004-03-03,LINE-004-03,PROD-008,2026-01-17,B,136,115,85.07
PRODREC-0002794,MCH-004-03-03,LINE-004-03,PROD-008,2026-01-17,C,138,124,89.86
PRODREC-0002795,MCH-004-03-03,LINE-004-03,PROD-002,2026-01-18,A,120,105,87.98
PRODREC-0002796,MCH-004-03-03,LINE-004-03,PROD-007,2026-01-18,A,96,74,77.97
PRODREC-0002797,MCH-004-03-03,LINE-004-03,PROD-002,2026-01-19,C,135,108,80.21
PRODREC-0002798,MCH-004-03-03,LINE-004-03,PROD-003,2026-01-19,A,97,87,89.81
PRODREC-0002799,MCH-004-03-03,LINE-004-03,PROD-006,2026-01-20,C,98,85,87.36
PRODREC-0002800,MCH-004-03-03,LINE-004-03,PROD-007,2026-01-20,B,91,77,85.09
PRODREC-0002801,MCH-004-03-03,LINE-004-03,PROD-009,2026-01-21,C,97,78,81.0
PRODREC-0002802,MCH-004-03-03,LINE-004-03,PROD-005,2026-01-21,A,80,74,93.64
PRODREC-0002803,MCH-004-03-03,LINE-004-03,PROD-008,2026-01-22,C,149,133,89.9
PRODREC-0002804,MCH-004-03-03,LINE-004-03,PROD-010,2026-01-22,C,135,108,80.04
PRODREC-0002805,MCH-004-03-03,LINE-004-03,PROD-001,2026-01-23,A,104,91,87.56
PRODREC-0002806,MCH-004-03-03,LINE-004-03,PROD-010,2026-01-23,C,101,91,90.79
PRODREC-0002807,MCH-004-03-03,LINE-004-03,PROD-008,2026-01-24,A,86,69,81.01
PRODREC-0002808,MCH-004-03-03,LINE-004-03,PROD-008,2026-01-24,A,148,128,86.54
PRODREC-0002809,MCH-004-03-03,LINE-004-03,PROD-007,2026-01-25,A,98,81,83.23
PRODREC-0002810,MCH-004-03-03,LINE-004-03,PROD-003,2026-01-25,A,86,77,90.63
PRODREC-0002811,MCH-004-03-03,LINE-004-03,PROD-001,2026-01-26,A,102,86,85.14
PRODREC-0002812,MCH-004-03-03,LINE-004-03,PROD-007,2026-01-26,C,139,108,78.15
PRODREC-0002813,MCH-004-03-03,LINE-004-03,PROD-006,2026-01-27,C,127,116,91.98
PRODREC-0002814,MCH-004-03-03,LINE-004-03,PROD-010,2026-01-27,B,107,93,87.67
PRODREC-0002815,MCH-004-03-03,LINE-004-03,PROD-003,2026-01-28,A,146,128,88.26
PRODREC-0002816,MCH-004-03-03,LINE-004-03,PROD-010,2026-01-28,B,108,93,86.18
PRODREC-0002817,MCH-004-03-03,LINE-004-03,PROD-009,2026-01-29,C,120,105,88.03
PRODREC-0002818,MCH-004-03-03,LINE-004-03,PROD-001,2026-01-29,C,139,118,85.28
PRODREC-0002819,MCH-004-03-03,LINE-004-03,PROD-002,2026-01-30,B,110,91,83.23
PRODREC-0002820,MCH-004-03-03,LINE-004-03,PROD-005,2026-01-30,B,86,78,91.21
PRODREC-0002821,MCH-004-03-04,LINE-004-03,PROD-001,2026-01-01,A,137,124,90.73
PRODREC-0002822,MCH-004-03-04,LINE-004-03,PROD-002,2026-01-01,B,138,130,94.26
PRODREC-0002823,MCH-004-03-04,LINE-004-03,PROD-004,2026-01-02,B,114,114,100.0
PRODREC-0002824,MCH-004-03-04,LINE-004-03,PROD-005,2026-01-02,B,120,107,89.95
PRODREC-0002825,MCH-004-03-04,LINE-004-03,PROD-005,2026-01-03,C,90,90,100.0
PRODREC-0002826,MCH-004-03-04,LINE-004-03,PROD-005,2026-01-03,A,117,117,100.0
PRODREC-0002827,MCH-004-03-04,LINE-004-03,PROD-001,2026-01-04,C,135,135,100.0
PRODREC-0002828,MCH-004-03-04,LINE-004-03,PROD-006,2026-01-04,A,81,81,100.0
PRODREC-0002829,MCH-004-03-04,LINE-004-03,PROD-004,2026-01-05,A,144,144,100.0
PRODREC-0002830,MCH-004-03-04,LINE-004-03,PROD-007,2026-01-05,C,104,102,98.2
PRODREC-0002831,MCH-004-03-04,LINE-004-03,PROD-008,2026-01-06,C,85,81,95.96
PRODREC-0002832,MCH-004-03-04,LINE-004-03,PROD-001,2026-01-06,A,94,94,100.0
PRODREC-0002833,MCH-004-03-04,LINE-004-03,PROD-003,2026-01-07,A,126,119,94.87
PRODREC-0002834,MCH-004-03-04,LINE-004-03,PROD-009,2026-01-07,B,122,118,97.17
PRODREC-0002835,MCH-004-03-04,LINE-004-03,PROD-008,2026-01-08,C,107,107,100.0
PRODREC-0002836,MCH-004-03-04,LINE-004-03,PROD-005,2026-01-08,A,86,78,91.82
PRODREC-0002837,MCH-004-03-04,LINE-004-03,PROD-009,2026-01-09,C,148,148,100.0
PRODREC-0002838,MCH-004-03-04,LINE-004-03,PROD-004,2026-01-09,A,142,117,82.48
PRODREC-0002839,MCH-004-03-04,LINE-004-03,PROD-004,2026-01-10,C,148,67,45.43
PRODREC-0002840,MCH-004-03-04,LINE-004-03,PROD-009,2026-01-10,B,116,62,54.15
PRODREC-0002841,MCH-004-03-04,LINE-004-03,PROD-009,2026-01-11,C,90,90,100.0
PRODREC-0002842,MCH-004-03-04,LINE-004-03,PROD-006,2026-01-11,B,87,77,89.09
PRODREC-0002843,MCH-004-03-04,LINE-004-03,PROD-004,2026-01-12,A,121,120,99.96
PRODREC-0002844,MCH-004-03-04,LINE-004-03,PROD-008,2026-01-12,C,111,111,100.0
PRODREC-0002845,MCH-004-03-04,LINE-004-03,PROD-005,2026-01-13,C,115,113,99.02
PRODREC-0002846,MCH-004-03-04,LINE-004-03,PROD-008,2026-01-13,A,87,85,98.12
PRODREC-0002847,MCH-004-03-04,LINE-004-03,PROD-008,2026-01-14,A,107,107,100.0
PRODREC-0002848,MCH-004-03-04,LINE-004-03,PROD-009,2026-01-14,C,129,125,97.22
PRODREC-0002849,MCH-004-03-04,LINE-004-03,PROD-003,2026-01-15,B,85,49,58.11
PRODREC-0002850,MCH-004-03-04,LINE-004-03,PROD-007,2026-01-15,A,139,92,66.85
PRODREC-0002851,MCH-004-03-04,LINE-004-03,PROD-010,2026-01-16,B,80,80,100.0
PRODREC-0002852,MCH-004-03-04,LINE-004-03,PROD-008,2026-01-16,A,125,118,94.88
PRODREC-0002853,MCH-004-03-04,LINE-004-03,PROD-006,2026-01-17,B,91,91,100.0
PRODREC-0002854,MCH-004-03-04,LINE-004-03,PROD-005,2026-01-17,C,142,142,100.0
PRODREC-0002855,MCH-004-03-04,LINE-004-03,PROD-004,2026-01-18,C,123,123,100.0
PRODREC-0002856,MCH-004-03-04,LINE-004-03,PROD-005,2026-01-18,B,118,105,89.14
PRODREC-0002857,MCH-004-03-04,LINE-004-03,PROD-009,2026-01-19,C,129,86,66.96
PRODREC-0002858,MCH-004-03-04,LINE-004-03,PROD-009,2026-01-19,A,112,57,50.99
PRODREC-0002859,MCH-004-03-04,LINE-004-03,PROD-009,2026-01-20,A,131,120,92.12
PRODREC-0002860,MCH-004-03-04,LINE-004-03,PROD-010,2026-01-20,A,135,135,100.0
PRODREC-0002861,MCH-004-03-04,LINE-004-03,PROD-008,2026-01-21,B,143,137,96.48
PRODREC-0002862,MCH-004-03-04,LINE-004-03,PROD-002,2026-01-21,A,149,149,100.0
PRODREC-0002863,MCH-004-03-04,LINE-004-03,PROD-005,2026-01-22,B,119,112,94.28
PRODREC-0002864,MCH-004-03-04,LINE-004-03,PROD-006,2026-01-22,B,138,124,89.97
PRODREC-0002865,MCH-004-03-04,LINE-004-03,PROD-008,2026-01-23,A,113,105,93.65
PRODREC-0002866,MCH-004-03-04,LINE-004-03,PROD-007,2026-01-23,B,131,125,96.15
PRODREC-0002867,MCH-004-03-04,LINE-004-03,PROD-010,2026-01-24,C,88,86,98.59
PRODREC-0002868,MCH-004-03-04,LINE-004-03,PROD-005,2026-01-24,B,91,86,95.44
PRODREC-0002869,MCH-004-03-04,LINE-004-03,PROD-005,2026-01-25,B,141,125,89.02
PRODREC-0002870,MCH-004-03-04,LINE-004-03,PROD-004,2026-01-25,A,82,78,95.8
PRODREC-0002871,MCH-004-03-04,LINE-004-03,PROD-004,2026-01-26,B,90,88,97.86
PRODREC-0002872,MCH-004-03-04,LINE-004-03,PROD-004,2026-01-26,A,146,132,90.75
PRODREC-0002873,MCH-004-03-04,LINE-004-03,PROD-007,2026-01-27,B,102,96,94.63
PRODREC-0002874,MCH-004-03-04,LINE-004-03,PROD-008,2026-01-27,A,91,84,92.47
PRODREC-0002875,MCH-004-03-04,LINE-004-03,PROD-005,2026-01-28,A,116,115,99.27
PRODREC-0002876,MCH-004-03-04,LINE-004-03,PROD-008,2026-01-28,A,87,87,100.0
PRODREC-0002877,MCH-004-03-04,LINE-004-03,PROD-002,2026-01-29,A,112,106,95.43
PRODREC-0002878,MCH-004-03-04,LINE-004-03,PROD-008,2026-01-29,A,148,134,90.77
PRODREC-0002879,MCH-004-03-04,LINE-004-03,PROD-001,2026-01-30,B,96,96,100.0
PRODREC-0002880,MCH-004-03-04,LINE-004-03,PROD-001,2026-01-30,A,89,89,100.0
PRODREC-0002881,MCH-005-01-01,LINE-005-01,PROD-009,2026-01-01,C,119,108,91.04
PRODREC-0002882,MCH-005-01-01,LINE-005-01,PROD-008,2026-01-01,B,146,125,85.87
PRODREC-0002883,MCH-005-01-01,LINE-005-01,PROD-010,2026-01-02,C,112,96,86.43
PRODREC-0002884,MCH-005-01-01,LINE-005-01,PROD-006,2026-01-02,C,141,134,95.13
PRODREC-0002885,MCH-005-01-01,LINE-005-01,PROD-010,2026-01-03,A,122,96,79.48
PRODREC-0002886,MCH-005-01-01,LINE-005-01,PROD-005,2026-01-03,C,112,96,86.31
PRODREC-0002887,MCH-005-01-01,LINE-005-01,PROD-009,2026-01-04,B,102,99,97.42
PRODREC-0002888,MCH-005-01-01,LINE-005-01,PROD-006,2026-01-04,A,121,104,86.05
PRODREC-0002889,MCH-005-01-01,LINE-005-01,PROD-010,2026-01-05,C,90,79,88.46
PRODREC-0002890,MCH-005-01-01,LINE-005-01,PROD-007,2026-01-05,C,92,78,85.16
PRODREC-0002891,MCH-005-01-01,LINE-005-01,PROD-002,2026-01-06,B,116,99,85.36
PRODREC-0002892,MCH-005-01-01,LINE-005-01,PROD-007,2026-01-06,B,103,88,85.51
PRODREC-0002893,MCH-005-01-01,LINE-005-01,PROD-002,2026-01-07,A,93,74,79.95
PRODREC-0002894,MCH-005-01-01,LINE-005-01,PROD-008,2026-01-07,C,144,126,88.07
PRODREC-0002895,MCH-005-01-01,LINE-005-01,PROD-004,2026-01-08,A,145,124,86.13
PRODREC-0002896,MCH-005-01-01,LINE-005-01,PROD-007,2026-01-08,C,93,78,84.86
PRODREC-0002897,MCH-005-01-01,LINE-005-01,PROD-002,2026-01-09,B,147,129,87.97
PRODREC-0002898,MCH-005-01-01,LINE-005-01,PROD-007,2026-01-09,A,146,122,84.05
PRODREC-0002899,MCH-005-01-01,LINE-005-01,PROD-005,2026-01-10,C,131,124,95.0
PRODREC-0002900,MCH-005-01-01,LINE-005-01,PROD-003,2026-01-10,A,135,108,80.66
PRODREC-0002901,MCH-005-01-01,LINE-005-01,PROD-007,2026-01-11,C,94,88,94.42
PRODREC-0002902,MCH-005-01-01,LINE-005-01,PROD-001,2026-01-11,A,85,71,84.05
PRODREC-0002903,MCH-005-01-01,LINE-005-01,PROD-002,2026-01-12,B,83,69,84.11
PRODREC-0002904,MCH-005-01-01,LINE-005-01,PROD-002,2026-01-12,B,104,89,86.25
PRODREC-0002905,MCH-005-01-01,LINE-005-01,PROD-009,2026-01-13,B,106,101,96.15
PRODREC-0002906,MCH-005-01-01,LINE-005-01,PROD-007,2026-01-13,A,91,78,85.8
PRODREC-0002907,MCH-005-01-01,LINE-005-01,PROD-006,2026-01-14,B,116,94,81.57
PRODREC-0002908,MCH-005-01-01,LINE-005-01,PROD-001,2026-01-14,A,125,122,98.32
PRODREC-0002909,MCH-005-01-01,LINE-005-01,PROD-008,2026-01-15,B,114,93,81.93
PRODREC-0002910,MCH-005-01-01,LINE-005-01,PROD-005,2026-01-15,B,106,88,83.82
PRODREC-0002911,MCH-005-01-01,LINE-005-01,PROD-006,2026-01-16,C,91,75,83.37
PRODREC-0002912,MCH-005-01-01,LINE-005-01,PROD-010,2026-01-16,C,122,101,83.41
PRODREC-0002913,MCH-005-01-01,LINE-005-01,PROD-002,2026-01-17,B,121,108,89.45
PRODREC-0002914,MCH-005-01-01,LINE-005-01,PROD-010,2026-01-17,B,120,103,86.51
PRODREC-0002915,MCH-005-01-01,LINE-005-01,PROD-004,2026-01-18,C,104,88,84.96
PRODREC-0002916,MCH-005-01-01,LINE-005-01,PROD-007,2026-01-18,C,118,107,91.01
PRODREC-0002917,MCH-005-01-01,LINE-005-01,PROD-009,2026-01-19,C,97,77,80.34
PRODREC-0002918,MCH-005-01-01,LINE-005-01,PROD-006,2026-01-19,B,84,70,84.24
PRODREC-0002919,MCH-005-01-01,LINE-005-01,PROD-007,2026-01-20,A,98,87,88.93
PRODREC-0002920,MCH-005-01-01,LINE-005-01,PROD-006,2026-01-20,A,149,126,85.16
PRODREC-0002921,MCH-005-01-01,LINE-005-01,PROD-002,2026-01-21,A,126,94,74.78
PRODREC-0002922,MCH-005-01-01,LINE-005-01,PROD-005,2026-01-21,B,86,73,85.17
PRODREC-0002923,MCH-005-01-01,LINE-005-01,PROD-002,2026-01-22,B,125,108,87.14
PRODREC-0002924,MCH-005-01-01,LINE-005-01,PROD-002,2026-01-22,C,104,91,87.87
PRODREC-0002925,MCH-005-01-01,LINE-005-01,PROD-008,2026-01-23,C,114,104,91.24
PRODREC-0002926,MCH-005-01-01,LINE-005-01,PROD-001,2026-01-23,A,109,94,87.07
PRODREC-0002927,MCH-005-01-01,LINE-005-01,PROD-006,2026-01-24,B,131,110,84.09
PRODREC-0002928,MCH-005-01-01,LINE-005-01,PROD-007,2026-01-24,C,85,77,91.13
PRODREC-0002929,MCH-005-01-01,LINE-005-01,PROD-005,2026-01-25,A,142,121,85.69
PRODREC-0002930,MCH-005-01-01,LINE-005-01,PROD-001,2026-01-25,B,111,104,93.7
PRODREC-0002931,MCH-005-01-01,LINE-005-01,PROD-010,2026-01-26,A,99,88,89.49
PRODREC-0002932,MCH-005-01-01,LINE-005-01,PROD-010,2026-01-26,B,91,77,85.6
PRODREC-0002933,MCH-005-01-01,LINE-005-01,PROD-010,2026-01-27,B,121,103,85.59
PRODREC-0002934,MCH-005-01-01,LINE-005-01,PROD-004,2026-01-27,C,84,73,87.6
PRODREC-0002935,MCH-005-01-01,LINE-005-01,PROD-007,2026-01-28,C,104,104,100.0
PRODREC-0002936,MCH-005-01-01,LINE-005-01,PROD-006,2026-01-28,B,131,131,100.0
PRODREC-0002937,MCH-005-01-01,LINE-005-01,PROD-006,2026-01-29,B,149,118,79.6
PRODREC-0002938,MCH-005-01-01,LINE-005-01,PROD-002,2026-01-29,C,85,67,79.49
PRODREC-0002939,MCH-005-01-01,LINE-005-01,PROD-003,2026-01-30,B,93,88,94.75
PRODREC-0002940,MCH-005-01-01,LINE-005-01,PROD-001,2026-01-30,B,81,72,90.0
PRODREC-0002941,MCH-005-01-02,LINE-005-01,PROD-009,2026-01-01,C,127,116,91.35
PRODREC-0002942,MCH-005-01-02,LINE-005-01,PROD-006,2026-01-01,C,100,96,96.74
PRODREC-0002943,MCH-005-01-02,LINE-005-01,PROD-005,2026-01-02,C,116,97,83.87
PRODREC-0002944,MCH-005-01-02,LINE-005-01,PROD-009,2026-01-02,A,139,118,85.13
PRODREC-0002945,MCH-005-01-02,LINE-005-01,PROD-007,2026-01-03,C,102,102,100.0
PRODREC-0002946,MCH-005-01-02,LINE-005-01,PROD-008,2026-01-03,A,118,116,99.06
PRODREC-0002947,MCH-005-01-02,LINE-005-01,PROD-007,2026-01-04,C,103,103,100.0
PRODREC-0002948,MCH-005-01-02,LINE-005-01,PROD-003,2026-01-04,C,113,112,99.7
PRODREC-0002949,MCH-005-01-02,LINE-005-01,PROD-010,2026-01-05,A,128,121,94.55
PRODREC-0002950,MCH-005-01-02,LINE-005-01,PROD-007,2026-01-05,A,118,106,90.1
PRODREC-0002951,MCH-005-01-02,LINE-005-01,PROD-003,2026-01-06,A,145,137,95.09
PRODREC-0002952,MCH-005-01-02,LINE-005-01,PROD-001,2026-01-06,A,124,110,89.29
PRODREC-0002953,MCH-005-01-02,LINE-005-01,PROD-005,2026-01-07,B,102,98,96.34
PRODREC-0002954,MCH-005-01-02,LINE-005-01,PROD-002,2026-01-07,C,83,83,100.0
PRODREC-0002955,MCH-005-01-02,LINE-005-01,PROD-006,2026-01-08,C,96,95,99.65
PRODREC-0002956,MCH-005-01-02,LINE-005-01,PROD-001,2026-01-08,A,144,137,95.26
PRODREC-0002957,MCH-005-01-02,LINE-005-01,PROD-003,2026-01-09,C,149,145,97.9
PRODREC-0002958,MCH-005-01-02,LINE-005-01,PROD-002,2026-01-09,C,142,142,100.0
PRODREC-0002959,MCH-005-01-02,LINE-005-01,PROD-003,2026-01-10,A,106,100,94.36
PRODREC-0002960,MCH-005-01-02,LINE-005-01,PROD-003,2026-01-10,C,115,109,95.63
PRODREC-0002961,MCH-005-01-02,LINE-005-01,PROD-006,2026-01-11,C,93,87,93.69
PRODREC-0002962,MCH-005-01-02,LINE-005-01,PROD-006,2026-01-11,C,122,117,96.64
PRODREC-0002963,MCH-005-01-02,LINE-005-01,PROD-008,2026-01-12,C,117,113,96.69
PRODREC-0002964,MCH-005-01-02,LINE-005-01,PROD-006,2026-01-12,B,128,128,100.0
PRODREC-0002965,MCH-005-01-02,LINE-005-01,PROD-009,2026-01-13,B,134,125,94.02
PRODREC-0002966,MCH-005-01-02,LINE-005-01,PROD-009,2026-01-13,A,143,134,93.75
PRODREC-0002967,MCH-005-01-02,LINE-005-01,PROD-005,2026-01-14,C,111,103,93.24
PRODREC-0002968,MCH-005-01-02,LINE-005-01,PROD-009,2026-01-14,C,138,122,89.09
PRODREC-0002969,MCH-005-01-02,LINE-005-01,PROD-009,2026-01-15,A,94,93,99.35
PRODREC-0002970,MCH-005-01-02,LINE-005-01,PROD-008,2026-01-15,B,133,125,94.38
PRODREC-0002971,MCH-005-01-02,LINE-005-01,PROD-004,2026-01-16,A,145,128,88.52
PRODREC-0002972,MCH-005-01-02,LINE-005-01,PROD-010,2026-01-16,A,138,131,95.06
PRODREC-0002973,MCH-005-01-02,LINE-005-01,PROD-005,2026-01-17,C,91,91,100.0
PRODREC-0002974,MCH-005-01-02,LINE-005-01,PROD-003,2026-01-17,C,115,107,93.05
PRODREC-0002975,MCH-005-01-02,LINE-005-01,PROD-008,2026-01-18,A,149,149,100.0
PRODREC-0002976,MCH-005-01-02,LINE-005-01,PROD-010,2026-01-18,A,140,134,96.0
PRODREC-0002977,MCH-005-01-02,LINE-005-01,PROD-002,2026-01-19,A,129,127,98.72
PRODREC-0002978,MCH-005-01-02,LINE-005-01,PROD-007,2026-01-19,C,149,138,93.15
PRODREC-0002979,MCH-005-01-02,LINE-005-01,PROD-005,2026-01-20,B,123,122,99.81
PRODREC-0002980,MCH-005-01-02,LINE-005-01,PROD-008,2026-01-20,B,111,111,100.0
PRODREC-0002981,MCH-005-01-02,LINE-005-01,PROD-008,2026-01-21,B,120,120,100.0
PRODREC-0002982,MCH-005-01-02,LINE-005-01,PROD-004,2026-01-21,B,95,87,92.55
PRODREC-0002983,MCH-005-01-02,LINE-005-01,PROD-010,2026-01-22,B,111,111,100.0
PRODREC-0002984,MCH-005-01-02,LINE-005-01,PROD-005,2026-01-22,C,133,125,94.59
PRODREC-0002985,MCH-005-01-02,LINE-005-01,PROD-002,2026-01-23,A,96,92,96.74
PRODREC-0002986,MCH-005-01-02,LINE-005-01,PROD-002,2026-01-23,A,107,103,96.42
PRODREC-0002987,MCH-005-01-02,LINE-005-01,PROD-002,2026-01-24,C,126,117,92.96
PRODREC-0002988,MCH-005-01-02,LINE-005-01,PROD-010,2026-01-24,C,101,91,90.29
PRODREC-0002989,MCH-005-01-02,LINE-005-01,PROD-003,2026-01-25,C,134,127,94.86
PRODREC-0002990,MCH-005-01-02,LINE-005-01,PROD-004,2026-01-25,C,121,117,97.48
PRODREC-0002991,MCH-005-01-02,LINE-005-01,PROD-010,2026-01-26,B,118,113,95.91
PRODREC-0002992,MCH-005-01-02,LINE-005-01,PROD-009,2026-01-26,A,141,127,90.18
PRODREC-0002993,MCH-005-01-02,LINE-005-01,PROD-010,2026-01-27,C,139,130,93.89
PRODREC-0002994,MCH-005-01-02,LINE-005-01,PROD-007,2026-01-27,C,80,77,96.6
PRODREC-0002995,MCH-005-01-02,LINE-005-01,PROD-002,2026-01-28,A,106,96,91.33
PRODREC-0002996,MCH-005-01-02,LINE-005-01,PROD-007,2026-01-28,A,146,136,93.76
PRODREC-0002997,MCH-005-01-02,LINE-005-01,PROD-010,2026-01-29,B,80,74,93.4
PRODREC-0002998,MCH-005-01-02,LINE-005-01,PROD-003,2026-01-29,A,80,72,90.82
PRODREC-0002999,MCH-005-01-02,LINE-005-01,PROD-004,2026-01-30,B,122,122,100.0
PRODREC-0003000,MCH-005-01-02,LINE-005-01,PROD-003,2026-01-30,A,131,129,99.15
PRODREC-0003001,MCH-005-01-03,LINE-005-01,PROD-005,2026-01-01,A,112,107,96.11
PRODREC-0003002,MCH-005-01-03,LINE-005-01,PROD-009,2026-01-01,A,91,86,95.46
PRODREC-0003003,MCH-005-01-03,LINE-005-01,PROD-004,2026-01-02,C,85,75,88.25
PRODREC-0003004,MCH-005-01-03,LINE-005-01,PROD-005,2026-01-02,C,135,128,94.86
PRODREC-0003005,MCH-005-01-03,LINE-005-01,PROD-006,2026-01-03,B,111,97,87.91
PRODREC-0003006,MCH-005-01-03,LINE-005-01,PROD-005,2026-01-03,B,128,124,96.96
PRODREC-0003007,MCH-005-01-03,LINE-005-01,PROD-003,2026-01-04,A,94,93,99.86
PRODREC-0003008,MCH-005-01-03,LINE-005-01,PROD-010,2026-01-04,B,98,87,89.56
PRODREC-0003009,MCH-005-01-03,LINE-005-01,PROD-009,2026-01-05,B,147,137,93.55
PRODREC-0003010,MCH-005-01-03,LINE-005-01,PROD-008,2026-01-05,B,118,104,88.6
PRODREC-0003011,MCH-005-01-03,LINE-005-01,PROD-006,2026-01-06,C,136,116,85.83
PRODREC-0003012,MCH-005-01-03,LINE-005-01,PROD-005,2026-01-06,C,121,115,95.06
PRODREC-0003013,MCH-005-01-03,LINE-005-01,PROD-001,2026-01-07,B,146,132,90.74
PRODREC-0003014,MCH-005-01-03,LINE-005-01,PROD-007,2026-01-07,B,142,132,93.11
PRODREC-0003015,MCH-005-01-03,LINE-005-01,PROD-003,2026-01-08,A,108,108,100.0
PRODREC-0003016,MCH-005-01-03,LINE-005-01,PROD-009,2026-01-08,C,119,115,97.38
PRODREC-0003017,MCH-005-01-03,LINE-005-01,PROD-009,2026-01-09,B,131,125,96.17
PRODREC-0003018,MCH-005-01-03,LINE-005-01,PROD-008,2026-01-09,A,148,140,94.68
PRODREC-0003019,MCH-005-01-03,LINE-005-01,PROD-001,2026-01-10,B,118,108,91.58
PRODREC-0003020,MCH-005-01-03,LINE-005-01,PROD-004,2026-01-10,C,104,92,88.71
PRODREC-0003021,MCH-005-01-03,LINE-005-01,PROD-008,2026-01-11,B,80,71,88.82
PRODREC-0003022,MCH-005-01-03,LINE-005-01,PROD-007,2026-01-11,A,112,108,97.28
PRODREC-0003023,MCH-005-01-03,LINE-005-01,PROD-004,2026-01-12,B,144,123,85.62
PRODREC-0003024,MCH-005-01-03,LINE-005-01,PROD-005,2026-01-12,A,149,131,88.0
PRODREC-0003025,MCH-005-01-03,LINE-005-01,PROD-010,2026-01-13,B,118,111,94.15
PRODREC-0003026,MCH-005-01-03,LINE-005-01,PROD-001,2026-01-13,C,140,122,87.6
PRODREC-0003027,MCH-005-01-03,LINE-005-01,PROD-003,2026-01-14,A,98,95,97.72
PRODREC-0003028,MCH-005-01-03,LINE-005-01,PROD-002,2026-01-14,B,148,141,95.41
PRODREC-0003029,MCH-005-01-03,LINE-005-01,PROD-001,2026-01-15,C,88,80,91.78
PRODREC-0003030,MCH-005-01-03,LINE-005-01,PROD-001,2026-01-15,A,126,114,91.16
PRODREC-0003031,MCH-005-01-03,LINE-005-01,PROD-004,2026-01-16,B,126,121,96.29
PRODREC-0003032,MCH-005-01-03,LINE-005-01,PROD-004,2026-01-16,B,90,88,98.46
PRODREC-0003033,MCH-005-01-03,LINE-005-01,PROD-005,2026-01-17,B,119,105,88.29
PRODREC-0003034,MCH-005-01-03,LINE-005-01,PROD-003,2026-01-17,C,80,65,81.38
PRODREC-0003035,MCH-005-01-03,LINE-005-01,PROD-008,2026-01-18,C,91,90,98.97
PRODREC-0003036,MCH-005-01-03,LINE-005-01,PROD-002,2026-01-18,B,115,103,89.95
PRODREC-0003037,MCH-005-01-03,LINE-005-01,PROD-003,2026-01-19,A,82,75,91.76
PRODREC-0003038,MCH-005-01-03,LINE-005-01,PROD-005,2026-01-19,B,100,83,83.36
PRODREC-0003039,MCH-005-01-03,LINE-005-01,PROD-005,2026-01-20,A,120,115,96.09
PRODREC-0003040,MCH-005-01-03,LINE-005-01,PROD-010,2026-01-20,B,145,135,93.5
PRODREC-0003041,MCH-005-01-03,LINE-005-01,PROD-009,2026-01-21,C,85,79,93.49
PRODREC-0003042,MCH-005-01-03,LINE-005-01,PROD-008,2026-01-21,A,115,103,89.74
PRODREC-0003043,MCH-005-01-03,LINE-005-01,PROD-007,2026-01-22,A,126,110,87.73
PRODREC-0003044,MCH-005-01-03,LINE-005-01,PROD-006,2026-01-22,A,146,126,86.48
PRODREC-0003045,MCH-005-01-03,LINE-005-01,PROD-003,2026-01-23,C,116,114,98.91
PRODREC-0003046,MCH-005-01-03,LINE-005-01,PROD-002,2026-01-23,A,102,91,90.1
PRODREC-0003047,MCH-005-01-03,LINE-005-01,PROD-005,2026-01-24,B,89,85,95.87
PRODREC-0003048,MCH-005-01-03,LINE-005-01,PROD-001,2026-01-24,C,80,71,89.45
PRODREC-0003049,MCH-005-01-03,LINE-005-01,PROD-009,2026-01-25,C,85,71,84.24
PRODREC-0003050,MCH-005-01-03,LINE-005-01,PROD-007,2026-01-25,B,131,125,96.02
PRODREC-0003051,MCH-005-01-03,LINE-005-01,PROD-004,2026-01-26,C,129,116,90.15
PRODREC-0003052,MCH-005-01-03,LINE-005-01,PROD-003,2026-01-26,A,117,106,91.43
PRODREC-0003053,MCH-005-01-03,LINE-005-01,PROD-002,2026-01-27,C,147,130,88.84
PRODREC-0003054,MCH-005-01-03,LINE-005-01,PROD-010,2026-01-27,B,108,101,94.14
PRODREC-0003055,MCH-005-01-03,LINE-005-01,PROD-010,2026-01-28,B,91,83,92.09
PRODREC-0003056,MCH-005-01-03,LINE-005-01,PROD-003,2026-01-28,C,90,86,96.2
PRODREC-0003057,MCH-005-01-03,LINE-005-01,PROD-009,2026-01-29,A,96,84,88.15
PRODREC-0003058,MCH-005-01-03,LINE-005-01,PROD-005,2026-01-29,B,89,76,86.16
PRODREC-0003059,MCH-005-01-03,LINE-005-01,PROD-002,2026-01-30,B,141,126,89.63
PRODREC-0003060,MCH-005-01-03,LINE-005-01,PROD-002,2026-01-30,A,139,128,92.77
PRODREC-0003061,MCH-005-01-04,LINE-005-01,PROD-009,2026-01-01,C,80,70,88.57
PRODREC-0003062,MCH-005-01-04,LINE-005-01,PROD-005,2026-01-01,B,100,100,100.0
PRODREC-0003063,MCH-005-01-04,LINE-005-01,PROD-002,2026-01-02,A,125,125,100.0
PRODREC-0003064,MCH-005-01-04,LINE-005-01,PROD-008,2026-01-02,C,118,112,95.71
PRODREC-0003065,MCH-005-01-04,LINE-005-01,PROD-007,2026-01-03,A,92,86,93.97
PRODREC-0003066,MCH-005-01-04,LINE-005-01,PROD-007,2026-01-03,C,91,91,100.0
PRODREC-0003067,MCH-005-01-04,LINE-005-01,PROD-002,2026-01-04,B,144,144,100.0
PRODREC-0003068,MCH-005-01-04,LINE-005-01,PROD-005,2026-01-04,B,147,137,93.63
PRODREC-0003069,MCH-005-01-04,LINE-005-01,PROD-008,2026-01-05,A,103,96,93.45
PRODREC-0003070,MCH-005-01-04,LINE-005-01,PROD-003,2026-01-05,B,87,87,100.0
PRODREC-0003071,MCH-005-01-04,LINE-005-01,PROD-003,2026-01-06,C,90,42,46.71
PRODREC-0003072,MCH-005-01-04,LINE-005-01,PROD-005,2026-01-06,C,131,74,57.14
PRODREC-0003073,MCH-005-01-04,LINE-005-01,PROD-010,2026-01-07,C,83,83,100.0
PRODREC-0003074,MCH-005-01-04,LINE-005-01,PROD-005,2026-01-07,C,123,115,93.59
PRODREC-0003075,MCH-005-01-04,LINE-005-01,PROD-008,2026-01-08,C,142,142,100.0
PRODREC-0003076,MCH-005-01-04,LINE-005-01,PROD-004,2026-01-08,A,87,85,98.8
PRODREC-0003077,MCH-005-01-04,LINE-005-01,PROD-005,2026-01-09,B,110,110,100.0
PRODREC-0003078,MCH-005-01-04,LINE-005-01,PROD-009,2026-01-09,C,122,116,95.83
PRODREC-0003079,MCH-005-01-04,LINE-005-01,PROD-005,2026-01-10,A,148,148,100.0
PRODREC-0003080,MCH-005-01-04,LINE-005-01,PROD-006,2026-01-10,C,113,113,100.0
PRODREC-0003081,MCH-005-01-04,LINE-005-01,PROD-009,2026-01-11,C,129,121,94.14
PRODREC-0003082,MCH-005-01-04,LINE-005-01,PROD-004,2026-01-11,B,133,122,92.19
PRODREC-0003083,MCH-005-01-04,LINE-005-01,PROD-010,2026-01-12,C,80,77,96.6
PRODREC-0003084,MCH-005-01-04,LINE-005-01,PROD-005,2026-01-12,C,134,121,90.99
PRODREC-0003085,MCH-005-01-04,LINE-005-01,PROD-003,2026-01-13,C,97,97,100.0
PRODREC-0003086,MCH-005-01-04,LINE-005-01,PROD-010,2026-01-13,B,83,80,97.27
PRODREC-0003087,MCH-005-01-04,LINE-005-01,PROD-006,2026-01-14,B,141,141,100.0
PRODREC-0003088,MCH-005-01-04,LINE-005-01,PROD-005,2026-01-14,B,128,126,99.03
PRODREC-0003089,MCH-005-01-04,LINE-005-01,PROD-002,2026-01-15,C,129,127,98.5
PRODREC-0003090,MCH-005-01-04,LINE-005-01,PROD-002,2026-01-15,B,149,149,100.0
PRODREC-0003091,MCH-005-01-04,LINE-005-01,PROD-004,2026-01-16,B,83,83,100.0
PRODREC-0003092,MCH-005-01-04,LINE-005-01,PROD-006,2026-01-16,A,111,109,98.53
PRODREC-0003093,MCH-005-01-04,LINE-005-01,PROD-002,2026-01-17,C,123,117,95.82
PRODREC-0003094,MCH-005-01-04,LINE-005-01,PROD-001,2026-01-17,B,100,97,97.69
PRODREC-0003095,MCH-005-01-04,LINE-005-01,PROD-009,2026-01-18,A,80,75,94.05
PRODREC-0003096,MCH-005-01-04,LINE-005-01,PROD-007,2026-01-18,B,105,105,100.0
PRODREC-0003097,MCH-005-01-04,LINE-005-01,PROD-009,2026-01-19,B,124,120,97.39
PRODREC-0003098,MCH-005-01-04,LINE-005-01,PROD-006,2026-01-19,C,96,96,100.0
PRODREC-0003099,MCH-005-01-04,LINE-005-01,PROD-010,2026-01-20,C,113,113,100.0
PRODREC-0003100,MCH-005-01-04,LINE-005-01,PROD-006,2026-01-20,C,132,124,94.09
PRODREC-0003101,MCH-005-01-04,LINE-005-01,PROD-005,2026-01-21,B,131,131,100.0
PRODREC-0003102,MCH-005-01-04,LINE-005-01,PROD-006,2026-01-21,C,129,126,98.37
PRODREC-0003103,MCH-005-01-04,LINE-005-01,PROD-007,2026-01-22,B,108,95,88.04
PRODREC-0003104,MCH-005-01-04,LINE-005-01,PROD-003,2026-01-22,A,113,98,87.16
PRODREC-0003105,MCH-005-01-04,LINE-005-01,PROD-009,2026-01-23,C,96,92,96.38
PRODREC-0003106,MCH-005-01-04,LINE-005-01,PROD-002,2026-01-23,A,103,103,100.0
PRODREC-0003107,MCH-005-01-04,LINE-005-01,PROD-007,2026-01-24,A,123,115,94.11
PRODREC-0003108,MCH-005-01-04,LINE-005-01,PROD-001,2026-01-24,B,145,145,100.0
PRODREC-0003109,MCH-005-01-04,LINE-005-01,PROD-002,2026-01-25,A,136,136,100.0
PRODREC-0003110,MCH-005-01-04,LINE-005-01,PROD-010,2026-01-25,C,116,110,95.42
PRODREC-0003111,MCH-005-01-04,LINE-005-01,PROD-006,2026-01-26,A,122,121,99.35
PRODREC-0003112,MCH-005-01-04,LINE-005-01,PROD-002,2026-01-26,B,113,106,94.28
PRODREC-0003113,MCH-005-01-04,LINE-005-01,PROD-006,2026-01-27,C,122,122,100.0
PRODREC-0003114,MCH-005-01-04,LINE-005-01,PROD-003,2026-01-27,A,115,115,100.0
PRODREC-0003115,MCH-005-01-04,LINE-005-01,PROD-007,2026-01-28,A,97,93,96.78
PRODREC-0003116,MCH-005-01-04,LINE-005-01,PROD-009,2026-01-28,B,144,144,100.0
PRODREC-0003117,MCH-005-01-04,LINE-005-01,PROD-004,2026-01-29,C,110,108,98.71
PRODREC-0003118,MCH-005-01-04,LINE-005-01,PROD-007,2026-01-29,C,124,124,100.0
PRODREC-0003119,MCH-005-01-04,LINE-005-01,PROD-003,2026-01-30,A,101,87,86.72
PRODREC-0003120,MCH-005-01-04,LINE-005-01,PROD-008,2026-01-30,C,94,94,100.0
PRODREC-0003121,MCH-005-02-01,LINE-005-02,PROD-003,2026-01-01,C,128,123,96.22
PRODREC-0003122,MCH-005-02-01,LINE-005-02,PROD-009,2026-01-01,B,84,84,100.0
PRODREC-0003123,MCH-005-02-01,LINE-005-02,PROD-002,2026-01-02,B,118,110,93.27
PRODREC-0003124,MCH-005-02-01,LINE-005-02,PROD-004,2026-01-02,A,105,99,94.95
PRODREC-0003125,MCH-005-02-01,LINE-005-02,PROD-007,2026-01-03,A,148,129,87.48
PRODREC-0003126,MCH-005-02-01,LINE-005-02,PROD-009,2026-01-03,C,133,124,93.92
PRODREC-0003127,MCH-005-02-01,LINE-005-02,PROD-006,2026-01-04,B,120,120,100.0
PRODREC-0003128,MCH-005-02-01,LINE-005-02,PROD-001,2026-01-04,B,120,106,88.97
PRODREC-0003129,MCH-005-02-01,LINE-005-02,PROD-004,2026-01-05,C,84,73,87.21
PRODREC-0003130,MCH-005-02-01,LINE-005-02,PROD-008,2026-01-05,A,93,87,94.59
PRODREC-0003131,MCH-005-02-01,LINE-005-02,PROD-008,2026-01-06,B,85,85,100.0
PRODREC-0003132,MCH-005-02-01,LINE-005-02,PROD-001,2026-01-06,A,97,85,87.9
PRODREC-0003133,MCH-005-02-01,LINE-005-02,PROD-007,2026-01-07,B,124,115,93.49
PRODREC-0003134,MCH-005-02-01,LINE-005-02,PROD-009,2026-01-07,C,129,126,98.07
PRODREC-0003135,MCH-005-02-01,LINE-005-02,PROD-003,2026-01-08,C,110,110,100.0
PRODREC-0003136,MCH-005-02-01,LINE-005-02,PROD-003,2026-01-08,B,113,109,96.49
PRODREC-0003137,MCH-005-02-01,LINE-005-02,PROD-006,2026-01-09,B,139,136,97.96
PRODREC-0003138,MCH-005-02-01,LINE-005-02,PROD-007,2026-01-09,C,147,135,92.03
PRODREC-0003139,MCH-005-02-01,LINE-005-02,PROD-006,2026-01-10,C,136,134,98.94
PRODREC-0003140,MCH-005-02-01,LINE-005-02,PROD-009,2026-01-10,B,108,99,92.45
PRODREC-0003141,MCH-005-02-01,LINE-005-02,PROD-004,2026-01-11,B,92,92,100.0
PRODREC-0003142,MCH-005-02-01,LINE-005-02,PROD-002,2026-01-11,A,146,141,96.73
PRODREC-0003143,MCH-005-02-01,LINE-005-02,PROD-004,2026-01-12,B,144,136,94.62
PRODREC-0003144,MCH-005-02-01,LINE-005-02,PROD-006,2026-01-12,A,106,97,91.7
PRODREC-0003145,MCH-005-02-01,LINE-005-02,PROD-008,2026-01-13,B,136,121,89.11
PRODREC-0003146,MCH-005-02-01,LINE-005-02,PROD-002,2026-01-13,B,139,130,93.53
PRODREC-0003147,MCH-005-02-01,LINE-005-02,PROD-001,2026-01-14,C,119,112,94.63
PRODREC-0003148,MCH-005-02-01,LINE-005-02,PROD-005,2026-01-14,A,123,123,100.0
PRODREC-0003149,MCH-005-02-01,LINE-005-02,PROD-004,2026-01-15,A,122,114,93.72
PRODREC-0003150,MCH-005-02-01,LINE-005-02,PROD-001,2026-01-15,A,93,83,89.61
PRODREC-0003151,MCH-005-02-01,LINE-005-02,PROD-005,2026-01-16,B,95,58,61.73
PRODREC-0003152,MCH-005-02-01,LINE-005-02,PROD-010,2026-01-16,C,118,57,48.66
PRODREC-0003153,MCH-005-02-01,LINE-005-02,PROD-007,2026-01-17,B,92,85,93.09
PRODREC-0003154,MCH-005-02-01,LINE-005-02,PROD-003,2026-01-17,A,93,85,92.07
PRODREC-0003155,MCH-005-02-01,LINE-005-02,PROD-007,2026-01-18,C,114,102,89.92
PRODREC-0003156,MCH-005-02-01,LINE-005-02,PROD-006,2026-01-18,B,105,100,96.15
PRODREC-0003157,MCH-005-02-01,LINE-005-02,PROD-009,2026-01-19,B,100,90,90.7
PRODREC-0003158,MCH-005-02-01,LINE-005-02,PROD-008,2026-01-19,C,147,132,90.03
PRODREC-0003159,MCH-005-02-01,LINE-005-02,PROD-009,2026-01-20,C,138,127,92.53
PRODREC-0003160,MCH-005-02-01,LINE-005-02,PROD-006,2026-01-20,A,133,123,92.68
PRODREC-0003161,MCH-005-02-01,LINE-005-02,PROD-005,2026-01-21,B,131,118,90.54
PRODREC-0003162,MCH-005-02-01,LINE-005-02,PROD-001,2026-01-21,A,145,135,93.15
PRODREC-0003163,MCH-005-02-01,LINE-005-02,PROD-010,2026-01-22,B,139,139,100.0
PRODREC-0003164,MCH-005-02-01,LINE-005-02,PROD-006,2026-01-22,B,145,140,97.19
PRODREC-0003165,MCH-005-02-01,LINE-005-02,PROD-004,2026-01-23,B,131,124,94.96
PRODREC-0003166,MCH-005-02-01,LINE-005-02,PROD-001,2026-01-23,B,83,67,81.19
PRODREC-0003167,MCH-005-02-01,LINE-005-02,PROD-009,2026-01-24,A,120,120,100.0
PRODREC-0003168,MCH-005-02-01,LINE-005-02,PROD-009,2026-01-24,C,132,114,86.9
PRODREC-0003169,MCH-005-02-01,LINE-005-02,PROD-001,2026-01-25,B,102,98,96.81
PRODREC-0003170,MCH-005-02-01,LINE-005-02,PROD-006,2026-01-25,B,140,129,92.64
PRODREC-0003171,MCH-005-02-01,LINE-005-02,PROD-001,2026-01-26,B,146,140,96.4
PRODREC-0003172,MCH-005-02-01,LINE-005-02,PROD-008,2026-01-26,B,83,80,97.28
PRODREC-0003173,MCH-005-02-01,LINE-005-02,PROD-004,2026-01-27,A,133,133,100.0
PRODREC-0003174,MCH-005-02-01,LINE-005-02,PROD-001,2026-01-27,A,98,84,86.5
PRODREC-0003175,MCH-005-02-01,LINE-005-02,PROD-006,2026-01-28,B,91,75,82.58
PRODREC-0003176,MCH-005-02-01,LINE-005-02,PROD-007,2026-01-28,B,122,112,92.54
PRODREC-0003177,MCH-005-02-01,LINE-005-02,PROD-004,2026-01-29,B,142,142,100.0
PRODREC-0003178,MCH-005-02-01,LINE-005-02,PROD-004,2026-01-29,C,96,95,99.29
PRODREC-0003179,MCH-005-02-01,LINE-005-02,PROD-008,2026-01-30,B,113,105,93.04
PRODREC-0003180,MCH-005-02-01,LINE-005-02,PROD-010,2026-01-30,A,108,102,94.86
PRODREC-0003181,MCH-005-02-02,LINE-005-02,PROD-002,2026-01-01,C,128,110,85.96
PRODREC-0003182,MCH-005-02-02,LINE-005-02,PROD-004,2026-01-01,A,133,129,97.01
PRODREC-0003183,MCH-005-02-02,LINE-005-02,PROD-008,2026-01-02,B,149,110,74.01
PRODREC-0003184,MCH-005-02-02,LINE-005-02,PROD-006,2026-01-02,B,144,120,83.79
PRODREC-0003185,MCH-005-02-02,LINE-005-02,PROD-008,2026-01-03,B,148,132,89.86
PRODREC-0003186,MCH-005-02-02,LINE-005-02,PROD-008,2026-01-03,C,80,66,83.71
PRODREC-0003187,MCH-005-02-02,LINE-005-02,PROD-002,2026-01-04,B,91,83,92.2
PRODREC-0003188,MCH-005-02-02,LINE-005-02,PROD-006,2026-01-04,C,90,72,80.58
PRODREC-0003189,MCH-005-02-02,LINE-005-02,PROD-003,2026-01-05,C,111,100,90.27
PRODREC-0003190,MCH-005-02-02,LINE-005-02,PROD-007,2026-01-05,A,147,135,92.38
PRODREC-0003191,MCH-005-02-02,LINE-005-02,PROD-001,2026-01-06,B,97,79,82.23
PRODREC-0003192,MCH-005-02-02,LINE-005-02,PROD-008,2026-01-06,A,134,117,88.06
PRODREC-0003193,MCH-005-02-02,LINE-005-02,PROD-008,2026-01-07,C,91,81,89.81
PRODREC-0003194,MCH-005-02-02,LINE-005-02,PROD-010,2026-01-07,B,85,74,87.77
PRODREC-0003195,MCH-005-02-02,LINE-005-02,PROD-002,2026-01-08,A,134,119,89.24
PRODREC-0003196,MCH-005-02-02,LINE-005-02,PROD-002,2026-01-08,A,136,116,85.66
PRODREC-0003197,MCH-005-02-02,LINE-005-02,PROD-008,2026-01-09,A,88,81,92.32
PRODREC-0003198,MCH-005-02-02,LINE-005-02,PROD-006,2026-01-09,B,98,79,81.25
PRODREC-0003199,MCH-005-02-02,LINE-005-02,PROD-006,2026-01-10,A,85,70,82.97
PRODREC-0003200,MCH-005-02-02,LINE-005-02,PROD-009,2026-01-10,B,132,112,84.86
PRODREC-0003201,MCH-005-02-02,LINE-005-02,PROD-005,2026-01-11,B,87,84,97.5
PRODREC-0003202,MCH-005-02-02,LINE-005-02,PROD-006,2026-01-11,B,136,104,77.13
PRODREC-0003203,MCH-005-02-02,LINE-005-02,PROD-010,2026-01-12,A,128,107,84.3
PRODREC-0003204,MCH-005-02-02,LINE-005-02,PROD-009,2026-01-12,C,86,74,86.32
PRODREC-0003205,MCH-005-02-02,LINE-005-02,PROD-003,2026-01-13,B,112,92,82.73
PRODREC-0003206,MCH-005-02-02,LINE-005-02,PROD-009,2026-01-13,C,93,74,79.93
PRODREC-0003207,MCH-005-02-02,LINE-005-02,PROD-007,2026-01-14,B,81,65,81.44
PRODREC-0003208,MCH-005-02-02,LINE-005-02,PROD-003,2026-01-14,B,89,79,89.56
PRODREC-0003209,MCH-005-02-02,LINE-005-02,PROD-010,2026-01-15,B,91,72,79.57
PRODREC-0003210,MCH-005-02-02,LINE-005-02,PROD-005,2026-01-15,B,82,67,82.67
PRODREC-0003211,MCH-005-02-02,LINE-005-02,PROD-001,2026-01-16,B,126,119,94.81
PRODREC-0003212,MCH-005-02-02,LINE-005-02,PROD-009,2026-01-16,B,112,91,81.73
PRODREC-0003213,MCH-005-02-02,LINE-005-02,PROD-006,2026-01-17,B,87,79,90.95
PRODREC-0003214,MCH-005-02-02,LINE-005-02,PROD-009,2026-01-17,B,84,69,82.63
PRODREC-0003215,MCH-005-02-02,LINE-005-02,PROD-006,2026-01-18,A,128,116,91.13
PRODREC-0003216,MCH-005-02-02,LINE-005-02,PROD-009,2026-01-18,A,94,82,87.76
PRODREC-0003217,MCH-005-02-02,LINE-005-02,PROD-010,2026-01-19,A,119,102,85.99
PRODREC-0003218,MCH-005-02-02,LINE-005-02,PROD-009,2026-01-19,A,126,109,86.53
PRODREC-0003219,MCH-005-02-02,LINE-005-02,PROD-006,2026-01-20,C,146,137,94.04
PRODREC-0003220,MCH-005-02-02,LINE-005-02,PROD-001,2026-01-20,A,145,133,92.16
PRODREC-0003221,MCH-005-02-02,LINE-005-02,PROD-009,2026-01-21,C,124,105,85.14
PRODREC-0003222,MCH-005-02-02,LINE-005-02,PROD-008,2026-01-21,A,124,110,88.81
PRODREC-0003223,MCH-005-02-02,LINE-005-02,PROD-009,2026-01-22,C,86,74,86.96
PRODREC-0003224,MCH-005-02-02,LINE-005-02,PROD-006,2026-01-22,A,112,94,84.08
PRODREC-0003225,MCH-005-02-02,LINE-005-02,PROD-002,2026-01-23,C,91,84,92.49
PRODREC-0003226,MCH-005-02-02,LINE-005-02,PROD-007,2026-01-23,C,119,109,91.99
PRODREC-0003227,MCH-005-02-02,LINE-005-02,PROD-003,2026-01-24,B,110,91,82.83
PRODREC-0003228,MCH-005-02-02,LINE-005-02,PROD-002,2026-01-24,B,82,66,81.69
PRODREC-0003229,MCH-005-02-02,LINE-005-02,PROD-001,2026-01-25,B,91,81,90.08
PRODREC-0003230,MCH-005-02-02,LINE-005-02,PROD-007,2026-01-25,C,105,94,89.77
PRODREC-0003231,MCH-005-02-02,LINE-005-02,PROD-005,2026-01-26,C,86,79,92.71
PRODREC-0003232,MCH-005-02-02,LINE-005-02,PROD-009,2026-01-26,A,135,125,92.62
PRODREC-0003233,MCH-005-02-02,LINE-005-02,PROD-007,2026-01-27,B,91,78,86.02
PRODREC-0003234,MCH-005-02-02,LINE-005-02,PROD-003,2026-01-27,B,90,82,91.16
PRODREC-0003235,MCH-005-02-02,LINE-005-02,PROD-007,2026-01-28,C,149,113,76.15
PRODREC-0003236,MCH-005-02-02,LINE-005-02,PROD-006,2026-01-28,B,120,104,87.01
PRODREC-0003237,MCH-005-02-02,LINE-005-02,PROD-003,2026-01-29,C,92,77,84.33
PRODREC-0003238,MCH-005-02-02,LINE-005-02,PROD-009,2026-01-29,C,108,97,90.03
PRODREC-0003239,MCH-005-02-02,LINE-005-02,PROD-010,2026-01-30,B,113,96,85.13
PRODREC-0003240,MCH-005-02-02,LINE-005-02,PROD-010,2026-01-30,A,87,81,94.19
PRODREC-0003241,MCH-005-02-03,LINE-005-02,PROD-006,2026-01-01,B,100,81,81.66
PRODREC-0003242,MCH-005-02-03,LINE-005-02,PROD-003,2026-01-01,A,85,67,79.88
PRODREC-0003243,MCH-005-02-03,LINE-005-02,PROD-003,2026-01-02,C,144,134,93.4
PRODREC-0003244,MCH-005-02-03,LINE-005-02,PROD-006,2026-01-02,C,99,87,88.2
PRODREC-0003245,MCH-005-02-03,LINE-005-02,PROD-002,2026-01-03,B,146,120,82.39
PRODREC-0003246,MCH-005-02-03,LINE-005-02,PROD-004,2026-01-03,A,90,71,79.49
PRODREC-0003247,MCH-005-02-03,LINE-005-02,PROD-009,2026-01-04,A,94,80,85.54
PRODREC-0003248,MCH-005-02-03,LINE-005-02,PROD-002,2026-01-04,C,135,124,92.57
PRODREC-0003249,MCH-005-02-03,LINE-005-02,PROD-009,2026-01-05,A,98,83,85.23
PRODREC-0003250,MCH-005-02-03,LINE-005-02,PROD-006,2026-01-05,C,146,125,86.16
PRODREC-0003251,MCH-005-02-03,LINE-005-02,PROD-009,2026-01-06,B,106,82,77.72
PRODREC-0003252,MCH-005-02-03,LINE-005-02,PROD-003,2026-01-06,A,136,130,95.71
PRODREC-0003253,MCH-005-02-03,LINE-005-02,PROD-008,2026-01-07,A,95,88,93.11
PRODREC-0003254,MCH-005-02-03,LINE-005-02,PROD-009,2026-01-07,A,112,100,89.78
PRODREC-0003255,MCH-005-02-03,LINE-005-02,PROD-007,2026-01-08,C,124,100,81.31
PRODREC-0003256,MCH-005-02-03,LINE-005-02,PROD-007,2026-01-08,B,103,90,87.86
PRODREC-0003257,MCH-005-02-03,LINE-005-02,PROD-001,2026-01-09,A,142,123,86.85
PRODREC-0003258,MCH-005-02-03,LINE-005-02,PROD-004,2026-01-09,B,130,108,83.32
PRODREC-0003259,MCH-005-02-03,LINE-005-02,PROD-007,2026-01-10,A,99,95,96.65
PRODREC-0003260,MCH-005-02-03,LINE-005-02,PROD-006,2026-01-10,B,98,83,85.28
PRODREC-0003261,MCH-005-02-03,LINE-005-02,PROD-004,2026-01-11,C,88,77,88.03
PRODREC-0003262,MCH-005-02-03,LINE-005-02,PROD-003,2026-01-11,B,90,77,86.33
PRODREC-0003263,MCH-005-02-03,LINE-005-02,PROD-005,2026-01-12,B,135,116,86.49
PRODREC-0003264,MCH-005-02-03,LINE-005-02,PROD-005,2026-01-12,C,141,117,83.16
PRODREC-0003265,MCH-005-02-03,LINE-005-02,PROD-001,2026-01-13,B,93,79,85.26
PRODREC-0003266,MCH-005-02-03,LINE-005-02,PROD-003,2026-01-13,C,117,96,82.59
PRODREC-0003267,MCH-005-02-03,LINE-005-02,PROD-003,2026-01-14,C,90,83,93.11
PRODREC-0003268,MCH-005-02-03,LINE-005-02,PROD-001,2026-01-14,A,93,79,85.08
PRODREC-0003269,MCH-005-02-03,LINE-005-02,PROD-003,2026-01-15,A,115,98,85.47
PRODREC-0003270,MCH-005-02-03,LINE-005-02,PROD-006,2026-01-15,A,98,86,87.87
PRODREC-0003271,MCH-005-02-03,LINE-005-02,PROD-003,2026-01-16,C,141,118,83.93
PRODREC-0003272,MCH-005-02-03,LINE-005-02,PROD-003,2026-01-16,A,114,97,85.48
PRODREC-0003273,MCH-005-02-03,LINE-005-02,PROD-006,2026-01-17,A,141,118,84.14
PRODREC-0003274,MCH-005-02-03,LINE-005-02,PROD-006,2026-01-17,B,142,125,88.17
PRODREC-0003275,MCH-005-02-03,LINE-005-02,PROD-010,2026-01-18,C,109,96,88.24
PRODREC-0003276,MCH-005-02-03,LINE-005-02,PROD-002,2026-01-18,B,92,81,88.62
PRODREC-0003277,MCH-005-02-03,LINE-005-02,PROD-008,2026-01-19,A,96,85,89.58
PRODREC-0003278,MCH-005-02-03,LINE-005-02,PROD-006,2026-01-19,C,143,128,89.59
PRODREC-0003279,MCH-005-02-03,LINE-005-02,PROD-002,2026-01-20,C,121,97,80.55
PRODREC-0003280,MCH-005-02-03,LINE-005-02,PROD-008,2026-01-20,A,83,76,91.7
PRODREC-0003281,MCH-005-02-03,LINE-005-02,PROD-005,2026-01-21,C,129,104,81.17
PRODREC-0003282,MCH-005-02-03,LINE-005-02,PROD-010,2026-01-21,C,148,119,80.99
PRODREC-0003283,MCH-005-02-03,LINE-005-02,PROD-007,2026-01-22,B,130,67,52.2
PRODREC-0003284,MCH-005-02-03,LINE-005-02,PROD-006,2026-01-22,B,87,60,69.85
PRODREC-0003285,MCH-005-02-03,LINE-005-02,PROD-009,2026-01-23,B,140,121,86.54
PRODREC-0003286,MCH-005-02-03,LINE-005-02,PROD-004,2026-01-23,A,91,85,93.62
PRODREC-0003287,MCH-005-02-03,LINE-005-02,PROD-006,2026-01-24,B,129,110,85.81
PRODREC-0003288,MCH-005-02-03,LINE-005-02,PROD-008,2026-01-24,C,116,104,90.19
PRODREC-0003289,MCH-005-02-03,LINE-005-02,PROD-005,2026-01-25,C,108,99,92.18
PRODREC-0003290,MCH-005-02-03,LINE-005-02,PROD-001,2026-01-25,A,134,117,88.03
PRODREC-0003291,MCH-005-02-03,LINE-005-02,PROD-003,2026-01-26,B,130,107,82.68
PRODREC-0003292,MCH-005-02-03,LINE-005-02,PROD-002,2026-01-26,C,117,101,87.04
PRODREC-0003293,MCH-005-02-03,LINE-005-02,PROD-010,2026-01-27,B,109,96,88.62
PRODREC-0003294,MCH-005-02-03,LINE-005-02,PROD-010,2026-01-27,C,108,96,89.1
PRODREC-0003295,MCH-005-02-03,LINE-005-02,PROD-007,2026-01-28,A,80,73,92.31
PRODREC-0003296,MCH-005-02-03,LINE-005-02,PROD-006,2026-01-28,A,138,108,78.48
PRODREC-0003297,MCH-005-02-03,LINE-005-02,PROD-004,2026-01-29,B,100,87,87.84
PRODREC-0003298,MCH-005-02-03,LINE-005-02,PROD-002,2026-01-29,A,133,110,82.89
PRODREC-0003299,MCH-005-02-03,LINE-005-02,PROD-010,2026-01-30,A,107,105,98.78
PRODREC-0003300,MCH-005-02-03,LINE-005-02,PROD-006,2026-01-30,C,141,130,92.24
PRODREC-0003301,MCH-005-02-04,LINE-005-02,PROD-009,2026-01-01,B,129,124,96.69
PRODREC-0003302,MCH-005-02-04,LINE-005-02,PROD-005,2026-01-01,A,93,88,95.4
PRODREC-0003303,MCH-005-02-04,LINE-005-02,PROD-004,2026-01-02,C,147,147,100.0
PRODREC-0003304,MCH-005-02-04,LINE-005-02,PROD-007,2026-01-02,B,92,85,92.7
PRODREC-0003305,MCH-005-02-04,LINE-005-02,PROD-007,2026-01-03,B,110,97,88.39
PRODREC-0003306,MCH-005-02-04,LINE-005-02,PROD-001,2026-01-03,C,100,97,97.48
PRODREC-0003307,MCH-005-02-04,LINE-005-02,PROD-008,2026-01-04,A,107,101,94.84
PRODREC-0003308,MCH-005-02-04,LINE-005-02,PROD-006,2026-01-04,A,91,91,100.0
PRODREC-0003309,MCH-005-02-04,LINE-005-02,PROD-004,2026-01-05,A,106,97,92.4
PRODREC-0003310,MCH-005-02-04,LINE-005-02,PROD-001,2026-01-05,B,113,111,98.62
PRODREC-0003311,MCH-005-02-04,LINE-005-02,PROD-005,2026-01-06,B,93,90,97.62
PRODREC-0003312,MCH-005-02-04,LINE-005-02,PROD-007,2026-01-06,C,129,102,79.54
PRODREC-0003313,MCH-005-02-04,LINE-005-02,PROD-002,2026-01-07,C,118,117,99.63
PRODREC-0003314,MCH-005-02-04,LINE-005-02,PROD-002,2026-01-07,C,110,110,100.0
PRODREC-0003315,MCH-005-02-04,LINE-005-02,PROD-004,2026-01-08,C,88,88,100.0
PRODREC-0003316,MCH-005-02-04,LINE-005-02,PROD-003,2026-01-08,A,147,128,87.45
PRODREC-0003317,MCH-005-02-04,LINE-005-02,PROD-008,2026-01-09,C,135,133,98.76
PRODREC-0003318,MCH-005-02-04,LINE-005-02,PROD-009,2026-01-09,A,86,77,89.83
PRODREC-0003319,MCH-005-02-04,LINE-005-02,PROD-003,2026-01-10,C,143,137,96.38
PRODREC-0003320,MCH-005-02-04,LINE-005-02,PROD-010,2026-01-10,B,107,99,92.68
PRODREC-0003321,MCH-005-02-04,LINE-005-02,PROD-006,2026-01-11,A,103,89,87.33
PRODREC-0003322,MCH-005-02-04,LINE-005-02,PROD-004,2026-01-11,C,132,126,95.76
PRODREC-0003323,MCH-005-02-04,LINE-005-02,PROD-008,2026-01-12,B,143,142,99.51
PRODREC-0003324,MCH-005-02-04,LINE-005-02,PROD-006,2026-01-12,C,135,119,88.6
PRODREC-0003325,MCH-005-02-04,LINE-005-02,PROD-006,2026-01-13,C,109,102,94.41
PRODREC-0003326,MCH-005-02-04,LINE-005-02,PROD-005,2026-01-13,A,115,104,91.16
PRODREC-0003327,MCH-005-02-04,LINE-005-02,PROD-005,2026-01-14,A,95,94,99.37
PRODREC-0003328,MCH-005-02-04,LINE-005-02,PROD-009,2026-01-14,C,121,121,100.0
PRODREC-0003329,MCH-005-02-04,LINE-005-02,PROD-007,2026-01-15,B,143,140,97.96
PRODREC-0003330,MCH-005-02-04,LINE-005-02,PROD-003,2026-01-15,C,96,90,94.31
PRODREC-0003331,MCH-005-02-04,LINE-005-02,PROD-002,2026-01-16,A,116,103,89.43
PRODREC-0003332,MCH-005-02-04,LINE-005-02,PROD-008,2026-01-16,A,134,109,81.81
PRODREC-0003333,MCH-005-02-04,LINE-005-02,PROD-005,2026-01-17,A,138,138,100.0
PRODREC-0003334,MCH-005-02-04,LINE-005-02,PROD-010,2026-01-17,A,104,103,99.45
PRODREC-0003335,MCH-005-02-04,LINE-005-02,PROD-003,2026-01-18,C,126,99,79.35
PRODREC-0003336,MCH-005-02-04,LINE-005-02,PROD-003,2026-01-18,B,137,131,96.27
PRODREC-0003337,MCH-005-02-04,LINE-005-02,PROD-006,2026-01-19,B,122,120,99.18
PRODREC-0003338,MCH-005-02-04,LINE-005-02,PROD-008,2026-01-19,A,117,107,91.67
PRODREC-0003339,MCH-005-02-04,LINE-005-02,PROD-003,2026-01-20,C,114,102,89.56
PRODREC-0003340,MCH-005-02-04,LINE-005-02,PROD-009,2026-01-20,B,122,112,91.85
PRODREC-0003341,MCH-005-02-04,LINE-005-02,PROD-009,2026-01-21,C,133,130,98.27
PRODREC-0003342,MCH-005-02-04,LINE-005-02,PROD-007,2026-01-21,B,81,78,96.85
PRODREC-0003343,MCH-005-02-04,LINE-005-02,PROD-004,2026-01-22,B,132,124,94.56
PRODREC-0003344,MCH-005-02-04,LINE-005-02,PROD-006,2026-01-22,B,129,124,96.48
PRODREC-0003345,MCH-005-02-04,LINE-005-02,PROD-009,2026-01-23,A,149,149,100.0
PRODREC-0003346,MCH-005-02-04,LINE-005-02,PROD-003,2026-01-23,A,128,107,83.89
PRODREC-0003347,MCH-005-02-04,LINE-005-02,PROD-001,2026-01-24,C,103,97,94.67
PRODREC-0003348,MCH-005-02-04,LINE-005-02,PROD-010,2026-01-24,A,103,94,91.99
PRODREC-0003349,MCH-005-02-04,LINE-005-02,PROD-010,2026-01-25,A,84,81,97.02
PRODREC-0003350,MCH-005-02-04,LINE-005-02,PROD-004,2026-01-25,C,118,103,87.85
PRODREC-0003351,MCH-005-02-04,LINE-005-02,PROD-003,2026-01-26,B,109,103,94.81
PRODREC-0003352,MCH-005-02-04,LINE-005-02,PROD-010,2026-01-26,A,83,82,99.78
PRODREC-0003353,MCH-005-02-04,LINE-005-02,PROD-007,2026-01-27,B,147,147,100.0
PRODREC-0003354,MCH-005-02-04,LINE-005-02,PROD-006,2026-01-27,C,96,88,92.37
PRODREC-0003355,MCH-005-02-04,LINE-005-02,PROD-005,2026-01-28,A,106,103,97.22
PRODREC-0003356,MCH-005-02-04,LINE-005-02,PROD-002,2026-01-28,C,108,102,94.89
PRODREC-0003357,MCH-005-02-04,LINE-005-02,PROD-002,2026-01-29,C,90,90,100.0
PRODREC-0003358,MCH-005-02-04,LINE-005-02,PROD-003,2026-01-29,B,125,117,93.94
PRODREC-0003359,MCH-005-02-04,LINE-005-02,PROD-007,2026-01-30,C,147,131,89.36
PRODREC-0003360,MCH-005-02-04,LINE-005-02,PROD-010,2026-01-30,B,124,110,89.17
PRODREC-0003361,MCH-005-03-01,LINE-005-03,PROD-005,2026-01-01,A,117,109,93.93
PRODREC-0003362,MCH-005-03-01,LINE-005-03,PROD-004,2026-01-01,A,105,101,96.35
PRODREC-0003363,MCH-005-03-01,LINE-005-03,PROD-003,2026-01-02,B,87,87,100.0
PRODREC-0003364,MCH-005-03-01,LINE-005-03,PROD-010,2026-01-02,A,104,104,100.0
PRODREC-0003365,MCH-005-03-01,LINE-005-03,PROD-005,2026-01-03,C,101,98,97.05
PRODREC-0003366,MCH-005-03-01,LINE-005-03,PROD-003,2026-01-03,C,136,129,95.22
PRODREC-0003367,MCH-005-03-01,LINE-005-03,PROD-004,2026-01-04,A,92,84,92.2
PRODREC-0003368,MCH-005-03-01,LINE-005-03,PROD-005,2026-01-04,A,121,121,100.0
PRODREC-0003369,MCH-005-03-01,LINE-005-03,PROD-006,2026-01-05,B,94,80,85.4
PRODREC-0003370,MCH-005-03-01,LINE-005-03,PROD-007,2026-01-05,C,116,116,100.0
PRODREC-0003371,MCH-005-03-01,LINE-005-03,PROD-001,2026-01-06,C,144,144,100.0
PRODREC-0003372,MCH-005-03-01,LINE-005-03,PROD-002,2026-01-06,A,107,107,100.0
PRODREC-0003373,MCH-005-03-01,LINE-005-03,PROD-003,2026-01-07,A,98,89,91.73
PRODREC-0003374,MCH-005-03-01,LINE-005-03,PROD-001,2026-01-07,B,87,84,97.07
PRODREC-0003375,MCH-005-03-01,LINE-005-03,PROD-007,2026-01-08,A,143,143,100.0
PRODREC-0003376,MCH-005-03-01,LINE-005-03,PROD-003,2026-01-08,C,102,101,99.14
PRODREC-0003377,MCH-005-03-01,LINE-005-03,PROD-006,2026-01-09,B,139,139,100.0
PRODREC-0003378,MCH-005-03-01,LINE-005-03,PROD-007,2026-01-09,C,140,133,95.54
PRODREC-0003379,MCH-005-03-01,LINE-005-03,PROD-007,2026-01-10,B,85,85,100.0
PRODREC-0003380,MCH-005-03-01,LINE-005-03,PROD-010,2026-01-10,B,81,79,98.46
PRODREC-0003381,MCH-005-03-01,LINE-005-03,PROD-009,2026-01-11,C,149,142,95.61
PRODREC-0003382,MCH-005-03-01,LINE-005-03,PROD-001,2026-01-11,B,93,93,100.0
PRODREC-0003383,MCH-005-03-01,LINE-005-03,PROD-002,2026-01-12,A,99,93,94.12
PRODREC-0003384,MCH-005-03-01,LINE-005-03,PROD-009,2026-01-12,A,80,78,97.6
PRODREC-0003385,MCH-005-03-01,LINE-005-03,PROD-008,2026-01-13,B,116,114,98.32
PRODREC-0003386,MCH-005-03-01,LINE-005-03,PROD-009,2026-01-13,A,132,132,100.0
PRODREC-0003387,MCH-005-03-01,LINE-005-03,PROD-004,2026-01-14,B,131,124,95.25
PRODREC-0003388,MCH-005-03-01,LINE-005-03,PROD-001,2026-01-14,B,126,123,97.98
PRODREC-0003389,MCH-005-03-01,LINE-005-03,PROD-001,2026-01-15,A,86,84,98.31
PRODREC-0003390,MCH-005-03-01,LINE-005-03,PROD-008,2026-01-15,A,143,143,100.0
PRODREC-0003391,MCH-005-03-01,LINE-005-03,PROD-010,2026-01-16,B,146,125,85.73
PRODREC-0003392,MCH-005-03-01,LINE-005-03,PROD-005,2026-01-16,C,93,93,100.0
PRODREC-0003393,MCH-005-03-01,LINE-005-03,PROD-010,2026-01-17,A,131,120,91.93
PRODREC-0003394,MCH-005-03-01,LINE-005-03,PROD-007,2026-01-17,B,89,78,88.55
PRODREC-0003395,MCH-005-03-01,LINE-005-03,PROD-005,2026-01-18,B,134,126,94.53
PRODREC-0003396,MCH-005-03-01,LINE-005-03,PROD-008,2026-01-18,C,110,100,91.62
PRODREC-0003397,MCH-005-03-01,LINE-005-03,PROD-005,2026-01-19,A,84,76,90.93
PRODREC-0003398,MCH-005-03-01,LINE-005-03,PROD-006,2026-01-19,B,127,116,92.13
PRODREC-0003399,MCH-005-03-01,LINE-005-03,PROD-005,2026-01-20,B,102,95,93.53
PRODREC-0003400,MCH-005-03-01,LINE-005-03,PROD-008,2026-01-20,C,142,131,92.43
PRODREC-0003401,MCH-005-03-01,LINE-005-03,PROD-003,2026-01-21,A,81,81,100.0
PRODREC-0003402,MCH-005-03-01,LINE-005-03,PROD-009,2026-01-21,B,127,126,99.66
PRODREC-0003403,MCH-005-03-01,LINE-005-03,PROD-009,2026-01-22,B,93,84,90.92
PRODREC-0003404,MCH-005-03-01,LINE-005-03,PROD-009,2026-01-22,A,107,105,98.85
PRODREC-0003405,MCH-005-03-01,LINE-005-03,PROD-003,2026-01-23,A,135,127,94.22
PRODREC-0003406,MCH-005-03-01,LINE-005-03,PROD-001,2026-01-23,B,120,110,91.76
PRODREC-0003407,MCH-005-03-01,LINE-005-03,PROD-004,2026-01-24,B,93,84,91.0
PRODREC-0003408,MCH-005-03-01,LINE-005-03,PROD-007,2026-01-24,C,107,107,100.0
PRODREC-0003409,MCH-005-03-01,LINE-005-03,PROD-007,2026-01-25,B,118,110,93.63
PRODREC-0003410,MCH-005-03-01,LINE-005-03,PROD-005,2026-01-25,B,95,93,98.75
PRODREC-0003411,MCH-005-03-01,LINE-005-03,PROD-003,2026-01-26,C,97,92,95.77
PRODREC-0003412,MCH-005-03-01,LINE-005-03,PROD-006,2026-01-26,B,88,82,93.28
PRODREC-0003413,MCH-005-03-01,LINE-005-03,PROD-001,2026-01-27,A,98,95,97.26
PRODREC-0003414,MCH-005-03-01,LINE-005-03,PROD-005,2026-01-27,A,109,95,87.55
PRODREC-0003415,MCH-005-03-01,LINE-005-03,PROD-003,2026-01-28,A,110,106,96.63
PRODREC-0003416,MCH-005-03-01,LINE-005-03,PROD-009,2026-01-28,B,98,97,98.99
PRODREC-0003417,MCH-005-03-01,LINE-005-03,PROD-010,2026-01-29,C,126,125,99.78
PRODREC-0003418,MCH-005-03-01,LINE-005-03,PROD-006,2026-01-29,B,94,92,98.18
PRODREC-0003419,MCH-005-03-01,LINE-005-03,PROD-003,2026-01-30,C,123,119,97.35
PRODREC-0003420,MCH-005-03-01,LINE-005-03,PROD-009,2026-01-30,A,114,111,97.81
PRODREC-0003421,MCH-005-03-02,LINE-005-03,PROD-009,2026-01-01,A,83,83,100.0
PRODREC-0003422,MCH-005-03-02,LINE-005-03,PROD-007,2026-01-01,B,120,120,100.0
PRODREC-0003423,MCH-005-03-02,LINE-005-03,PROD-001,2026-01-02,C,148,148,100.0
PRODREC-0003424,MCH-005-03-02,LINE-005-03,PROD-007,2026-01-02,C,88,82,94.26
PRODREC-0003425,MCH-005-03-02,LINE-005-03,PROD-004,2026-01-03,A,81,81,100.0
PRODREC-0003426,MCH-005-03-02,LINE-005-03,PROD-002,2026-01-03,A,83,80,97.3
PRODREC-0003427,MCH-005-03-02,LINE-005-03,PROD-006,2026-01-04,A,102,99,97.4
PRODREC-0003428,MCH-005-03-02,LINE-005-03,PROD-010,2026-01-04,C,116,116,100.0
PRODREC-0003429,MCH-005-03-02,LINE-005-03,PROD-006,2026-01-05,B,147,140,95.68
PRODREC-0003430,MCH-005-03-02,LINE-005-03,PROD-006,2026-01-05,A,149,149,100.0
PRODREC-0003431,MCH-005-03-02,LINE-005-03,PROD-004,2026-01-06,C,117,117,100.0
PRODREC-0003432,MCH-005-03-02,LINE-005-03,PROD-003,2026-01-06,B,147,143,97.76
PRODREC-0003433,MCH-005-03-02,LINE-005-03,PROD-004,2026-01-07,C,101,96,95.58
PRODREC-0003434,MCH-005-03-02,LINE-005-03,PROD-002,2026-01-07,B,91,91,100.0
PRODREC-0003435,MCH-005-03-02,LINE-005-03,PROD-004,2026-01-08,C,82,78,95.24
PRODREC-0003436,MCH-005-03-02,LINE-005-03,PROD-006,2026-01-08,A,86,83,97.65
PRODREC-0003437,MCH-005-03-02,LINE-005-03,PROD-004,2026-01-09,A,146,146,100.0
PRODREC-0003438,MCH-005-03-02,LINE-005-03,PROD-006,2026-01-09,A,137,134,98.3
PRODREC-0003439,MCH-005-03-02,LINE-005-03,PROD-004,2026-01-10,A,127,124,98.34
PRODREC-0003440,MCH-005-03-02,LINE-005-03,PROD-010,2026-01-10,A,112,112,100.0
PRODREC-0003441,MCH-005-03-02,LINE-005-03,PROD-002,2026-01-11,A,145,142,98.02
PRODREC-0003442,MCH-005-03-02,LINE-005-03,PROD-001,2026-01-11,B,149,141,94.74
PRODREC-0003443,MCH-005-03-02,LINE-005-03,PROD-002,2026-01-12,A,92,92,100.0
PRODREC-0003444,MCH-005-03-02,LINE-005-03,PROD-002,2026-01-12,B,106,106,100.0
PRODREC-0003445,MCH-005-03-02,LINE-005-03,PROD-004,2026-01-13,C,129,127,98.67
PRODREC-0003446,MCH-005-03-02,LINE-005-03,PROD-001,2026-01-13,B,135,135,100.0
PRODREC-0003447,MCH-005-03-02,LINE-005-03,PROD-002,2026-01-14,A,82,77,94.65
PRODREC-0003448,MCH-005-03-02,LINE-005-03,PROD-009,2026-01-14,B,149,148,99.81
PRODREC-0003449,MCH-005-03-02,LINE-005-03,PROD-009,2026-01-15,A,88,88,100.0
PRODREC-0003450,MCH-005-03-02,LINE-005-03,PROD-007,2026-01-15,C,87,85,98.49
PRODREC-0003451,MCH-005-03-02,LINE-005-03,PROD-001,2026-01-16,A,124,101,81.93
PRODREC-0003452,MCH-005-03-02,LINE-005-03,PROD-007,2026-01-16,C,84,80,95.74
PRODREC-0003453,MCH-005-03-02,LINE-005-03,PROD-008,2026-01-17,B,95,90,95.76
PRODREC-0003454,MCH-005-03-02,LINE-005-03,PROD-002,2026-01-17,B,143,126,88.52
PRODREC-0003455,MCH-005-03-02,LINE-005-03,PROD-006,2026-01-18,B,145,142,98.59
PRODREC-0003456,MCH-005-03-02,LINE-005-03,PROD-004,2026-01-18,A,113,108,95.81
PRODREC-0003457,MCH-005-03-02,LINE-005-03,PROD-001,2026-01-19,C,114,108,95.57
PRODREC-0003458,MCH-005-03-02,LINE-005-03,PROD-001,2026-01-19,A,89,83,93.87
PRODREC-0003459,MCH-005-03-02,LINE-005-03,PROD-008,2026-01-20,C,94,94,100.0
PRODREC-0003460,MCH-005-03-02,LINE-005-03,PROD-010,2026-01-20,B,134,134,100.0
PRODREC-0003461,MCH-005-03-02,LINE-005-03,PROD-002,2026-01-21,A,125,123,99.13
PRODREC-0003462,MCH-005-03-02,LINE-005-03,PROD-007,2026-01-21,B,89,89,100.0
PRODREC-0003463,MCH-005-03-02,LINE-005-03,PROD-007,2026-01-22,C,88,88,100.0
PRODREC-0003464,MCH-005-03-02,LINE-005-03,PROD-001,2026-01-22,C,115,115,100.0
PRODREC-0003465,MCH-005-03-02,LINE-005-03,PROD-006,2026-01-23,C,149,142,95.46
PRODREC-0003466,MCH-005-03-02,LINE-005-03,PROD-003,2026-01-23,C,138,134,97.81
PRODREC-0003467,MCH-005-03-02,LINE-005-03,PROD-003,2026-01-24,A,111,104,93.7
PRODREC-0003468,MCH-005-03-02,LINE-005-03,PROD-001,2026-01-24,A,118,118,100.0
PRODREC-0003469,MCH-005-03-02,LINE-005-03,PROD-004,2026-01-25,B,106,103,97.53
PRODREC-0003470,MCH-005-03-02,LINE-005-03,PROD-001,2026-01-25,A,112,109,98.19
PRODREC-0003471,MCH-005-03-02,LINE-005-03,PROD-008,2026-01-26,C,94,94,100.0
PRODREC-0003472,MCH-005-03-02,LINE-005-03,PROD-002,2026-01-26,B,88,84,96.19
PRODREC-0003473,MCH-005-03-02,LINE-005-03,PROD-004,2026-01-27,C,135,131,97.17
PRODREC-0003474,MCH-005-03-02,LINE-005-03,PROD-003,2026-01-27,B,139,132,95.52
PRODREC-0003475,MCH-005-03-02,LINE-005-03,PROD-001,2026-01-28,A,81,81,100.0
PRODREC-0003476,MCH-005-03-02,LINE-005-03,PROD-007,2026-01-28,C,148,141,95.81
PRODREC-0003477,MCH-005-03-02,LINE-005-03,PROD-009,2026-01-29,B,121,117,97.18
PRODREC-0003478,MCH-005-03-02,LINE-005-03,PROD-005,2026-01-29,B,109,101,93.21
PRODREC-0003479,MCH-005-03-02,LINE-005-03,PROD-007,2026-01-30,C,103,101,98.32
PRODREC-0003480,MCH-005-03-02,LINE-005-03,PROD-007,2026-01-30,A,128,121,94.75
PRODREC-0003481,MCH-005-03-03,LINE-005-03,PROD-007,2026-01-01,A,108,102,94.95
PRODREC-0003482,MCH-005-03-03,LINE-005-03,PROD-009,2026-01-01,C,145,139,96.24
PRODREC-0003483,MCH-005-03-03,LINE-005-03,PROD-006,2026-01-02,C,93,91,98.89
PRODREC-0003484,MCH-005-03-03,LINE-005-03,PROD-004,2026-01-02,B,82,70,86.48
PRODREC-0003485,MCH-005-03-03,LINE-005-03,PROD-001,2026-01-03,A,134,87,65.64
PRODREC-0003486,MCH-005-03-03,LINE-005-03,PROD-007,2026-01-03,B,104,70,67.56
PRODREC-0003487,MCH-005-03-03,LINE-005-03,PROD-009,2026-01-04,B,81,74,92.56
PRODREC-0003488,MCH-005-03-03,LINE-005-03,PROD-006,2026-01-04,C,103,87,85.21
PRODREC-0003489,MCH-005-03-03,LINE-005-03,PROD-001,2026-01-05,C,135,124,92.13
PRODREC-0003490,MCH-005-03-03,LINE-005-03,PROD-005,2026-01-05,A,114,108,94.99
PRODREC-0003491,MCH-005-03-03,LINE-005-03,PROD-008,2026-01-06,A,117,63,54.27
PRODREC-0003492,MCH-005-03-03,LINE-005-03,PROD-007,2026-01-06,B,138,68,49.37
PRODREC-0003493,MCH-005-03-03,LINE-005-03,PROD-009,2026-01-07,C,110,110,100.0
PRODREC-0003494,MCH-005-03-03,LINE-005-03,PROD-008,2026-01-07,A,106,105,99.49
PRODREC-0003495,MCH-005-03-03,LINE-005-03,PROD-005,2026-01-08,A,125,116,92.99
PRODREC-0003496,MCH-005-03-03,LINE-005-03,PROD-003,2026-01-08,B,93,93,100.0
PRODREC-0003497,MCH-005-03-03,LINE-005-03,PROD-001,2026-01-09,A,105,95,90.99
PRODREC-0003498,MCH-005-03-03,LINE-005-03,PROD-008,2026-01-09,B,100,100,100.0
PRODREC-0003499,MCH-005-03-03,LINE-005-03,PROD-001,2026-01-10,B,147,129,88.06
PRODREC-0003500,MCH-005-03-03,LINE-005-03,PROD-007,2026-01-10,C,85,84,99.4
PRODREC-0003501,MCH-005-03-03,LINE-005-03,PROD-006,2026-01-11,C,133,133,100.0
PRODREC-0003502,MCH-005-03-03,LINE-005-03,PROD-003,2026-01-11,B,97,95,98.88
PRODREC-0003503,MCH-005-03-03,LINE-005-03,PROD-007,2026-01-12,A,133,118,89.21
PRODREC-0003504,MCH-005-03-03,LINE-005-03,PROD-004,2026-01-12,B,99,86,86.87
PRODREC-0003505,MCH-005-03-03,LINE-005-03,PROD-005,2026-01-13,B,127,113,89.35
PRODREC-0003506,MCH-005-03-03,LINE-005-03,PROD-010,2026-01-13,A,89,89,100.0
PRODREC-0003507,MCH-005-03-03,LINE-005-03,PROD-005,2026-01-14,C,131,125,95.47
PRODREC-0003508,MCH-005-03-03,LINE-005-03,PROD-007,2026-01-14,C,135,127,94.15
PRODREC-0003509,MCH-005-03-03,LINE-005-03,PROD-006,2026-01-15,A,147,144,98.17
PRODREC-0003510,MCH-005-03-03,LINE-005-03,PROD-009,2026-01-15,A,124,116,93.72
PRODREC-0003511,MCH-005-03-03,LINE-005-03,PROD-007,2026-01-16,C,119,117,98.39
PRODREC-0003512,MCH-005-03-03,LINE-005-03,PROD-007,2026-01-16,C,99,99,100.0
PRODREC-0003513,MCH-005-03-03,LINE-005-03,PROD-003,2026-01-17,A,140,129,92.32
PRODREC-0003514,MCH-005-03-03,LINE-005-03,PROD-010,2026-01-17,B,100,100,100.0
PRODREC-0003515,MCH-005-03-03,LINE-005-03,PROD-004,2026-01-18,C,101,92,91.89
PRODREC-0003516,MCH-005-03-03,LINE-005-03,PROD-003,2026-01-18,C,88,85,97.69
PRODREC-0003517,MCH-005-03-03,LINE-005-03,PROD-003,2026-01-19,A,138,112,81.39
PRODREC-0003518,MCH-005-03-03,LINE-005-03,PROD-008,2026-01-19,B,140,140,100.0
PRODREC-0003519,MCH-005-03-03,LINE-005-03,PROD-007,2026-01-20,A,88,78,89.37
PRODREC-0003520,MCH-005-03-03,LINE-005-03,PROD-003,2026-01-20,B,126,120,95.52
PRODREC-0003521,MCH-005-03-03,LINE-005-03,PROD-004,2026-01-21,C,96,90,94.35
PRODREC-0003522,MCH-005-03-03,LINE-005-03,PROD-008,2026-01-21,B,122,105,86.53
PRODREC-0003523,MCH-005-03-03,LINE-005-03,PROD-001,2026-01-22,A,117,109,93.88
PRODREC-0003524,MCH-005-03-03,LINE-005-03,PROD-004,2026-01-22,C,124,107,86.62
PRODREC-0003525,MCH-005-03-03,LINE-005-03,PROD-006,2026-01-23,A,149,149,100.0
PRODREC-0003526,MCH-005-03-03,LINE-005-03,PROD-002,2026-01-23,A,90,77,86.26
PRODREC-0003527,MCH-005-03-03,LINE-005-03,PROD-007,2026-01-24,B,86,80,93.68
PRODREC-0003528,MCH-005-03-03,LINE-005-03,PROD-006,2026-01-24,A,80,80,100.0
PRODREC-0003529,MCH-005-03-03,LINE-005-03,PROD-006,2026-01-25,C,102,88,87.19
PRODREC-0003530,MCH-005-03-03,LINE-005-03,PROD-008,2026-01-25,C,85,79,94.04
PRODREC-0003531,MCH-005-03-03,LINE-005-03,PROD-006,2026-01-26,A,127,119,93.9
PRODREC-0003532,MCH-005-03-03,LINE-005-03,PROD-010,2026-01-26,A,97,81,84.33
PRODREC-0003533,MCH-005-03-03,LINE-005-03,PROD-004,2026-01-27,B,107,97,90.86
PRODREC-0003534,MCH-005-03-03,LINE-005-03,PROD-008,2026-01-27,B,107,96,90.25
PRODREC-0003535,MCH-005-03-03,LINE-005-03,PROD-003,2026-01-28,B,109,104,95.94
PRODREC-0003536,MCH-005-03-03,LINE-005-03,PROD-007,2026-01-28,C,120,109,91.07
PRODREC-0003537,MCH-005-03-03,LINE-005-03,PROD-006,2026-01-29,B,100,87,87.72
PRODREC-0003538,MCH-005-03-03,LINE-005-03,PROD-004,2026-01-29,C,89,86,96.69
PRODREC-0003539,MCH-005-03-03,LINE-005-03,PROD-001,2026-01-30,B,120,118,98.52
PRODREC-0003540,MCH-005-03-03,LINE-005-03,PROD-003,2026-01-30,B,129,122,95.12
PRODREC-0003541,MCH-005-03-04,LINE-005-03,PROD-004,2026-01-01,C,132,132,100.0
PRODREC-0003542,MCH-005-03-04,LINE-005-03,PROD-007,2026-01-01,B,145,145,100.0
PRODREC-0003543,MCH-005-03-04,LINE-005-03,PROD-008,2026-01-02,C,148,147,99.72
PRODREC-0003544,MCH-005-03-04,LINE-005-03,PROD-009,2026-01-02,B,120,120,100.0
PRODREC-0003545,MCH-005-03-04,LINE-005-03,PROD-010,2026-01-03,C,131,128,98.32
PRODREC-0003546,MCH-005-03-04,LINE-005-03,PROD-004,2026-01-03,B,103,103,100.0
PRODREC-0003547,MCH-005-03-04,LINE-005-03,PROD-002,2026-01-04,C,83,79,95.71
PRODREC-0003548,MCH-005-03-04,LINE-005-03,PROD-004,2026-01-04,C,87,85,98.11
PRODREC-0003549,MCH-005-03-04,LINE-005-03,PROD-005,2026-01-05,C,109,105,96.96
PRODREC-0003550,MCH-005-03-04,LINE-005-03,PROD-004,2026-01-05,C,104,97,93.72
PRODREC-0003551,MCH-005-03-04,LINE-005-03,PROD-004,2026-01-06,B,82,79,96.73
PRODREC-0003552,MCH-005-03-04,LINE-005-03,PROD-006,2026-01-06,C,116,111,95.93
PRODREC-0003553,MCH-005-03-04,LINE-005-03,PROD-003,2026-01-07,C,125,118,95.1
PRODREC-0003554,MCH-005-03-04,LINE-005-03,PROD-008,2026-01-07,C,147,144,98.56
PRODREC-0003555,MCH-005-03-04,LINE-005-03,PROD-004,2026-01-08,C,85,85,100.0
PRODREC-0003556,MCH-005-03-04,LINE-005-03,PROD-001,2026-01-08,A,110,104,95.29
PRODREC-0003557,MCH-005-03-04,LINE-005-03,PROD-002,2026-01-09,C,139,139,100.0
PRODREC-0003558,MCH-005-03-04,LINE-005-03,PROD-007,2026-01-09,C,113,111,98.77
PRODREC-0003559,MCH-005-03-04,LINE-005-03,PROD-004,2026-01-10,B,125,80,64.31
PRODREC-0003560,MCH-005-03-04,LINE-005-03,PROD-009,2026-01-10,A,137,71,52.0
PRODREC-0003561,MCH-005-03-04,LINE-005-03,PROD-002,2026-01-11,B,97,97,100.0
PRODREC-0003562,MCH-005-03-04,LINE-005-03,PROD-003,2026-01-11,C,87,81,93.19
PRODREC-0003563,MCH-005-03-04,LINE-005-03,PROD-004,2026-01-12,B,138,123,89.41
PRODREC-0003564,MCH-005-03-04,LINE-005-03,PROD-003,2026-01-12,A,80,78,98.37
PRODREC-0003565,MCH-005-03-04,LINE-005-03,PROD-005,2026-01-13,C,119,114,95.98
PRODREC-0003566,MCH-005-03-04,LINE-005-03,PROD-004,2026-01-13,C,96,96,100.0
PRODREC-0003567,MCH-005-03-04,LINE-005-03,PROD-008,2026-01-14,C,113,113,100.0
PRODREC-0003568,MCH-005-03-04,LINE-005-03,PROD-007,2026-01-14,B,133,133,100.0
PRODREC-0003569,MCH-005-03-04,LINE-005-03,PROD-008,2026-01-15,C,137,137,100.0
PRODREC-0003570,MCH-005-03-04,LINE-005-03,PROD-002,2026-01-15,B,147,139,95.07
PRODREC-0003571,MCH-005-03-04,LINE-005-03,PROD-008,2026-01-16,B,105,105,100.0
PRODREC-0003572,MCH-005-03-04,LINE-005-03,PROD-007,2026-01-16,B,86,84,97.97
PRODREC-0003573,MCH-005-03-04,LINE-005-03,PROD-001,2026-01-17,A,107,101,94.97
PRODREC-0003574,MCH-005-03-04,LINE-005-03,PROD-005,2026-01-17,A,118,108,91.75
PRODREC-0003575,MCH-005-03-04,LINE-005-03,PROD-004,2026-01-18,C,83,80,97.07
PRODREC-0003576,MCH-005-03-04,LINE-005-03,PROD-005,2026-01-18,B,83,77,93.72
PRODREC-0003577,MCH-005-03-04,LINE-005-03,PROD-007,2026-01-19,A,115,112,97.87
PRODREC-0003578,MCH-005-03-04,LINE-005-03,PROD-010,2026-01-19,C,85,83,97.85
PRODREC-0003579,MCH-005-03-04,LINE-005-03,PROD-002,2026-01-20,B,96,96,100.0
PRODREC-0003580,MCH-005-03-04,LINE-005-03,PROD-008,2026-01-20,B,112,109,97.76
PRODREC-0003581,MCH-005-03-04,LINE-005-03,PROD-009,2026-01-21,C,88,84,95.52
PRODREC-0003582,MCH-005-03-04,LINE-005-03,PROD-006,2026-01-21,C,139,131,94.32
PRODREC-0003583,MCH-005-03-04,LINE-005-03,PROD-004,2026-01-22,B,85,84,99.15
PRODREC-0003584,MCH-005-03-04,LINE-005-03,PROD-009,2026-01-22,B,125,121,96.93
PRODREC-0003585,MCH-005-03-04,LINE-005-03,PROD-009,2026-01-23,A,122,116,95.14
PRODREC-0003586,MCH-005-03-04,LINE-005-03,PROD-009,2026-01-23,A,144,134,93.16
PRODREC-0003587,MCH-005-03-04,LINE-005-03,PROD-010,2026-01-24,A,95,89,94.41
PRODREC-0003588,MCH-005-03-04,LINE-005-03,PROD-005,2026-01-24,A,91,91,100.0
PRODREC-0003589,MCH-005-03-04,LINE-005-03,PROD-001,2026-01-25,B,121,121,100.0
PRODREC-0003590,MCH-005-03-04,LINE-005-03,PROD-009,2026-01-25,B,126,124,98.57
PRODREC-0003591,MCH-005-03-04,LINE-005-03,PROD-010,2026-01-26,A,115,113,98.77
PRODREC-0003592,MCH-005-03-04,LINE-005-03,PROD-008,2026-01-26,C,121,121,100.0
PRODREC-0003593,MCH-005-03-04,LINE-005-03,PROD-005,2026-01-27,A,115,109,94.8
PRODREC-0003594,MCH-005-03-04,LINE-005-03,PROD-004,2026-01-27,B,114,114,100.0
PRODREC-0003595,MCH-005-03-04,LINE-005-03,PROD-006,2026-01-28,B,113,113,100.0
PRODREC-0003596,MCH-005-03-04,LINE-005-03,PROD-001,2026-01-28,C,116,116,100.0
PRODREC-0003597,MCH-005-03-04,LINE-005-03,PROD-007,2026-01-29,C,100,92,92.74
PRODREC-0003598,MCH-005-03-04,LINE-005-03,PROD-008,2026-01-29,A,112,112,100.0
PRODREC-0003599,MCH-005-03-04,LINE-005-03,PROD-009,2026-01-30,B,144,133,92.52
PRODREC-0003600,MCH-005-03-04,LINE-005-03,PROD-010,2026-01-30,C,126,124,99.09
