sensor_reading_id,machine_id,recorded_at,temperature_celsius,vibration_mm_s,pressure_psi
SENSOR-00000001,MCH-001-01-01,2026-01-01 00:00:00,81.31,3.215,99.71
SENSOR-00000002,MCH-001-01-01,2026-01-01 04:00:00,92.57,3.529,101.16
SENSOR-00000003,MCH-001-01-01,2026-01-01 08:00:00,81.15,2.858,103.57
SENSOR-00000004,MCH-001-01-01,2026-01-01 12:00:00,85.25,3.256,94.77
SENSOR-00000005,MCH-001-01-01,2026-01-01 16:00:00,87.91,3.25,96.67
SENSOR-00000006,MCH-001-01-01,2026-01-01 20:00:00,82.31,3.202,100.16
SENSOR-00000007,MCH-001-01-01,2026-01-02 00:00:00,77.17,3.218,105.18
SENSOR-00000008,MCH-001-01-01,2026-01-02 04:00:00,78.06,3.352,99.01
SENSOR-00000009,MCH-001-01-01,2026-01-02 08:00:00,83.95,2.873,99.0
SENSOR-00000010,MCH-001-01-01,2026-01-02 12:00:00,89.4,3.282,105.2
SENSOR-00000011,MCH-001-01-01,2026-01-02 16:00:00,88.91,3.246,105.23
SENSOR-00000012,MCH-001-01-01,2026-01-02 20:00:00,85.96,3.343,99.11
SENSOR-00000013,MCH-001-01-01,2026-01-03 00:00:00,87.12,2.743,99.8
SENSOR-00000014,MCH-001-01-01,2026-01-03 04:00:00,79.51,3.006,104.53
SENSOR-00000015,MCH-001-01-01,2026-01-03 08:00:00,86.75,2.961,96.96
SENSOR-00000016,MCH-001-01-01,2026-01-03 12:00:00,84.33,2.832,97.99
SENSOR-00000017,MCH-001-01-01,2026-01-03 16:00:00,85.45,3.425,101.83
SENSOR-00000018,MCH-001-01-01,2026-01-03 20:00:00,75.03,3.212,100.22
SENSOR-00000019,MCH-001-01-01,2026-01-04 00:00:00,87.59,2.993,102.44
SENSOR-00000020,MCH-001-01-01,2026-01-04 04:00:00,88.47,3.194,100.7
SENSOR-00000021,MCH-001-01-01,2026-01-04 08:00:00,85.28,2.92,99.56
SENSOR-00000022,MCH-001-01-01,2026-01-04 12:00:00,83.59,3.232,103.0
SENSOR-00000023,MCH-001-01-01,2026-01-04 16:00:00,79.97,3.105,104.44
SENSOR-00000024,MCH-001-01-01,2026-01-04 20:00:00,81.22,2.93,100.61
SENSOR-00000025,MCH-001-01-01,2026-01-05 00:00:00,76.19,3.537,98.63
SENSOR-00000026,MCH-001-01-01,2026-01-05 04:00:00,84.63,3.463,95.19
SENSOR-00000027,MCH-001-01-01,2026-01-05 08:00:00,79.19,2.736,97.62
SENSOR-00000028,MCH-001-01-01,2026-01-05 12:00:00,85.96,3.267,100.83
SENSOR-00000029,MCH-001-01-01,2026-01-05 16:00:00,78.55,2.558,100.16
SENSOR-00000030,MCH-001-01-01,2026-01-05 20:00:00,82.31,3.251,102.11
SENSOR-00000031,MCH-001-01-01,2026-01-06 00:00:00,84.99,3.341,98.82
SENSOR-00000032,MCH-001-01-01,2026-01-06 04:00:00,86.28,3.069,99.65
SENSOR-00000033,MCH-001-01-01,2026-01-06 08:00:00,87.52,2.638,96.11
SENSOR-00000034,MCH-001-01-01,2026-01-06 12:00:00,78.27,2.553,97.97
SENSOR-00000035,MCH-001-01-01,2026-01-06 16:00:00,87.2,3.065,100.59
SENSOR-00000036,MCH-001-01-01,2026-01-06 20:00:00,88.56,3.468,99.79
SENSOR-00000037,MCH-001-01-01,2026-01-07 00:00:00,82.77,3.337,105.16
SENSOR-00000038,MCH-001-01-01,2026-01-07 04:00:00,78.67,3.234,96.88
SENSOR-00000039,MCH-001-01-01,2026-01-07 08:00:00,86.1,3.103,94.51
SENSOR-00000040,MCH-001-01-01,2026-01-07 12:00:00,87.91,2.985,98.4
SENSOR-00000041,MCH-001-01-01,2026-01-07 16:00:00,79.92,2.972,101.28
SENSOR-00000042,MCH-001-01-01,2026-01-07 20:00:00,83.44,3.218,101.09
SENSOR-00000043,MCH-001-01-01,2026-01-08 00:00:00,92.51,3.153,100.48
SENSOR-00000044,MCH-001-01-01,2026-01-08 04:00:00,88.5,2.925,101.0
SENSOR-00000045,MCH-001-01-01,2026-01-08 08:00:00,84.1,3.214,97.5
SENSOR-00000046,MCH-001-01-01,2026-01-08 12:00:00,77.84,2.618,96.65
SENSOR-00000047,MCH-001-01-01,2026-01-08 16:00:00,82.36,3.063,105.81
SENSOR-00000048,MCH-001-01-01,2026-01-08 20:00:00,88.62,2.895,101.04
SENSOR-00000049,MCH-001-01-01,2026-01-09 00:00:00,94.59,3.192,104.3
SENSOR-00000050,MCH-001-01-01,2026-01-09 04:00:00,84.57,3.281,99.83
SENSOR-00000051,MCH-001-01-01,2026-01-09 08:00:00,83.52,2.941,101.29
SENSOR-00000052,MCH-001-01-01,2026-01-09 12:00:00,80.79,3.302,103.26
SENSOR-00000053,MCH-001-01-01,2026-01-09 16:00:00,85.67,3.064,101.36
SENSOR-00000054,MCH-001-01-01,2026-01-09 20:00:00,82.96,3.37,94.51
SENSOR-00000055,MCH-001-01-01,2026-01-10 00:00:00,93.88,3.245,98.32
SENSOR-00000056,MCH-001-01-01,2026-01-10 04:00:00,86.06,2.746,99.11
SENSOR-00000057,MCH-001-01-01,2026-01-10 08:00:00,84.6,3.114,102.37
SENSOR-00000058,MCH-001-01-01,2026-01-10 12:00:00,85.58,3.303,97.93
SENSOR-00000059,MCH-001-01-01,2026-01-10 16:00:00,87.79,3.543,97.09
SENSOR-00000060,MCH-001-01-01,2026-01-10 20:00:00,80.65,3.47,99.43
SENSOR-00000061,MCH-001-01-01,2026-01-11 00:00:00,82.41,3.249,95.3
SENSOR-00000062,MCH-001-01-01,2026-01-11 04:00:00,86.75,3.001,103.44
SENSOR-00000063,MCH-001-01-01,2026-01-11 08:00:00,74.62,2.939,94.94
SENSOR-00000064,MCH-001-01-01,2026-01-11 12:00:00,80.89,3.198,99.46
SENSOR-00000065,MCH-001-01-01,2026-01-11 16:00:00,83.19,3.096,100.61
SENSOR-00000066,MCH-001-01-01,2026-01-11 20:00:00,80.17,3.313,101.99
SENSOR-00000067,MCH-001-01-01,2026-01-12 00:00:00,79.22,2.914,99.79
SENSOR-00000068,MCH-001-01-01,2026-01-12 04:00:00,85.54,3.149,97.7
SENSOR-00000069,MCH-001-01-01,2026-01-12 08:00:00,87.8,3.321,99.52
SENSOR-00000070,MCH-001-01-01,2026-01-12 12:00:00,81.59,3.273,100.56
SENSOR-00000071,MCH-001-01-01,2026-01-12 16:00:00,78.41,3.119,100.79
SENSOR-00000072,MCH-001-01-01,2026-01-12 20:00:00,80.6,3.183,95.64
SENSOR-00000073,MCH-001-01-01,2026-01-13 00:00:00,87.06,3.635,96.47
SENSOR-00000074,MCH-001-01-01,2026-01-13 04:00:00,80.85,3.195,104.83
SENSOR-00000075,MCH-001-01-01,2026-01-13 08:00:00,79.31,3.198,105.46
SENSOR-00000076,MCH-001-01-01,2026-01-13 12:00:00,77.59,2.816,98.73
SENSOR-00000077,MCH-001-01-01,2026-01-13 16:00:00,82.12,3.339,100.72
SENSOR-00000078,MCH-001-01-01,2026-01-13 20:00:00,77.1,3.265,98.27
SENSOR-00000079,MCH-001-01-01,2026-01-14 00:00:00,85.14,2.78,101.34
SENSOR-00000080,MCH-001-01-01,2026-01-14 04:00:00,80.97,2.815,102.14
SENSOR-00000081,MCH-001-01-01,2026-01-14 08:00:00,85.17,2.982,104.35
SENSOR-00000082,MCH-001-01-01,2026-01-14 12:00:00,82.44,3.144,100.81
SENSOR-00000083,MCH-001-01-01,2026-01-14 16:00:00,81.72,3.254,98.4
SENSOR-00000084,MCH-001-01-01,2026-01-14 20:00:00,82.55,3.477,96.88
SENSOR-00000085,MCH-001-01-01,2026-01-15 00:00:00,86.3,2.762,102.1
SENSOR-00000086,MCH-001-01-01,2026-01-15 04:00:00,92.41,3.179,98.99
SENSOR-00000087,MCH-001-01-01,2026-01-15 08:00:00,83.63,3.29,94.81
SENSOR-00000088,MCH-001-01-01,2026-01-15 12:00:00,84.86,3.038,105.54
SENSOR-00000089,MCH-001-01-01,2026-01-15 16:00:00,83.5,3.553,96.69
SENSOR-00000090,MCH-001-01-01,2026-01-15 20:00:00,86.55,3.216,97.39
SENSOR-00000091,MCH-001-01-01,2026-01-16 00:00:00,86.13,3.005,92.31
SENSOR-00000092,MCH-001-01-01,2026-01-16 04:00:00,87.34,3.204,97.86
SENSOR-00000093,MCH-001-01-01,2026-01-16 08:00:00,78.93,3.345,101.05
SENSOR-00000094,MCH-001-01-01,2026-01-16 12:00:00,93.73,3.241,101.16
SENSOR-00000095,MCH-001-01-01,2026-01-16 16:00:00,83.53,3.34,101.88
SENSOR-00000096,MCH-001-01-01,2026-01-16 20:00:00,89.21,3.006,98.69
SENSOR-00000097,MCH-001-01-01,2026-01-17 00:00:00,75.19,2.929,97.65
SENSOR-00000098,MCH-001-01-01,2026-01-17 04:00:00,74.92,2.895,97.25
SENSOR-00000099,MCH-001-01-01,2026-01-17 08:00:00,83.39,3.414,99.26
SENSOR-00000100,MCH-001-01-01,2026-01-17 12:00:00,80.08,3.122,103.15
SENSOR-00000101,MCH-001-01-01,2026-01-17 16:00:00,80.3,2.908,101.68
SENSOR-00000102,MCH-001-01-01,2026-01-17 20:00:00,83.31,3.298,99.96
SENSOR-00000103,MCH-001-01-01,2026-01-18 00:00:00,75.08,2.762,97.23
SENSOR-00000104,MCH-001-01-01,2026-01-18 04:00:00,90.04,3.207,102.3
SENSOR-00000105,MCH-001-01-01,2026-01-18 08:00:00,79.64,2.856,101.34
SENSOR-00000106,MCH-001-01-01,2026-01-18 12:00:00,84.43,3.273,99.44
SENSOR-00000107,MCH-001-01-01,2026-01-18 16:00:00,85.31,3.175,102.33
SENSOR-00000108,MCH-001-01-01,2026-01-18 20:00:00,87.43,2.731,93.26
SENSOR-00000109,MCH-001-01-01,2026-01-19 00:00:00,82.71,2.913,100.03
SENSOR-00000110,MCH-001-01-01,2026-01-19 04:00:00,83.0,2.882,106.15
SENSOR-00000111,MCH-001-01-01,2026-01-19 08:00:00,91.34,3.42,97.24
SENSOR-00000112,MCH-001-01-01,2026-01-19 12:00:00,87.62,3.296,101.33
SENSOR-00000113,MCH-001-01-01,2026-01-19 16:00:00,89.2,3.295,102.22
SENSOR-00000114,MCH-001-01-01,2026-01-19 20:00:00,86.75,3.221,94.65
SENSOR-00000115,MCH-001-01-01,2026-01-20 00:00:00,85.01,2.863,101.19
SENSOR-00000116,MCH-001-01-01,2026-01-20 04:00:00,84.44,2.81,99.85
SENSOR-00000117,MCH-001-01-01,2026-01-20 08:00:00,83.88,3.585,102.68
SENSOR-00000118,MCH-001-01-01,2026-01-20 12:00:00,84.25,3.198,100.13
SENSOR-00000119,MCH-001-01-01,2026-01-20 16:00:00,83.39,2.865,99.55
SENSOR-00000120,MCH-001-01-01,2026-01-20 20:00:00,81.21,2.823,101.53
SENSOR-00000121,MCH-001-01-01,2026-01-21 00:00:00,85.72,3.458,103.3
SENSOR-00000122,MCH-001-01-01,2026-01-21 04:00:00,83.67,2.825,99.04
SENSOR-00000123,MCH-001-01-01,2026-01-21 08:00:00,85.07,3.085,98.27
SENSOR-00000124,MCH-001-01-01,2026-01-21 12:00:00,85.21,3.01,98.12
SENSOR-00000125,MCH-001-01-01,2026-01-21 16:00:00,85.45,3.035,100.73
SENSOR-00000126,MCH-001-01-01,2026-01-21 20:00:00,85.29,2.851,98.56
SENSOR-00000127,MCH-001-01-01,2026-01-22 00:00:00,89.06,2.468,101.19
SENSOR-00000128,MCH-001-01-01,2026-01-22 04:00:00,90.45,2.854,98.86
SENSOR-00000129,MCH-001-01-01,2026-01-22 08:00:00,81.19,2.912,99.02
SENSOR-00000130,MCH-001-01-01,2026-01-22 12:00:00,89.91,3.595,98.99
SENSOR-00000131,MCH-001-01-01,2026-01-22 16:00:00,91.82,3.145,105.26
SENSOR-00000132,MCH-001-01-01,2026-01-22 20:00:00,83.83,3.169,101.1
SENSOR-00000133,MCH-001-01-01,2026-01-23 00:00:00,85.31,3.139,101.01
SENSOR-00000134,MCH-001-01-01,2026-01-23 04:00:00,85.9,2.652,102.0
SENSOR-00000135,MCH-001-01-01,2026-01-23 08:00:00,80.27,2.775,99.82
SENSOR-00000136,MCH-001-01-01,2026-01-23 12:00:00,84.54,2.963,102.49
SENSOR-00000137,MCH-001-01-01,2026-01-23 16:00:00,78.83,3.034,98.25
SENSOR-00000138,MCH-001-01-01,2026-01-23 20:00:00,84.01,3.206,96.98
SENSOR-00000139,MCH-001-01-01,2026-01-24 00:00:00,85.1,3.373,96.67
SENSOR-00000140,MCH-001-01-01,2026-01-24 04:00:00,79.51,2.863,100.87
SENSOR-00000141,MCH-001-01-01,2026-01-24 08:00:00,89.18,3.028,92.49
SENSOR-00000142,MCH-001-01-01,2026-01-24 12:00:00,77.38,2.928,98.33
SENSOR-00000143,MCH-001-01-01,2026-01-24 16:00:00,82.57,3.146,99.06
SENSOR-00000144,MCH-001-01-01,2026-01-24 20:00:00,88.4,2.967,97.41
SENSOR-00000145,MCH-001-01-01,2026-01-25 00:00:00,83.3,2.817,100.21
SENSOR-00000146,MCH-001-01-01,2026-01-25 04:00:00,79.89,2.948,101.19
SENSOR-00000147,MCH-001-01-01,2026-01-25 08:00:00,86.42,2.98,102.96
SENSOR-00000148,MCH-001-01-01,2026-01-25 12:00:00,88.83,3.495,101.59
SENSOR-00000149,MCH-001-01-01,2026-01-25 16:00:00,89.65,2.666,99.05
SENSOR-00000150,MCH-001-01-01,2026-01-25 20:00:00,80.73,3.166,98.29
SENSOR-00000151,MCH-001-01-01,2026-01-26 00:00:00,88.86,3.548,100.93
SENSOR-00000152,MCH-001-01-01,2026-01-26 04:00:00,86.56,2.848,99.74
SENSOR-00000153,MCH-001-01-01,2026-01-26 08:00:00,87.96,3.352,100.63
SENSOR-00000154,MCH-001-01-01,2026-01-26 12:00:00,87.74,3.259,103.6
SENSOR-00000155,MCH-001-01-01,2026-01-26 16:00:00,85.36,3.047,101.01
SENSOR-00000156,MCH-001-01-01,2026-01-26 20:00:00,72.48,3.232,89.05
SENSOR-00000157,MCH-001-01-01,2026-01-27 00:00:00,90.67,3.169,96.99
SENSOR-00000158,MCH-001-01-01,2026-01-27 04:00:00,83.76,3.127,95.91
SENSOR-00000159,MCH-001-01-01,2026-01-27 08:00:00,83.18,2.95,102.77
SENSOR-00000160,MCH-001-01-01,2026-01-27 12:00:00,84.34,3.065,99.68
SENSOR-00000161,MCH-001-01-01,2026-01-27 16:00:00,85.09,3.29,97.0
SENSOR-00000162,MCH-001-01-01,2026-01-27 20:00:00,80.03,3.412,98.76
SENSOR-00000163,MCH-001-01-01,2026-01-28 00:00:00,78.58,3.219,99.09
SENSOR-00000164,MCH-001-01-01,2026-01-28 04:00:00,82.27,3.354,104.44
SENSOR-00000165,MCH-001-01-01,2026-01-28 08:00:00,91.38,3.465,99.67
SENSOR-00000166,MCH-001-01-01,2026-01-28 12:00:00,85.61,3.328,100.36
SENSOR-00000167,MCH-001-01-01,2026-01-28 16:00:00,84.72,3.342,99.82
SENSOR-00000168,MCH-001-01-01,2026-01-28 20:00:00,81.28,3.032,101.9
SENSOR-00000169,MCH-001-01-01,2026-01-29 00:00:00,80.02,2.881,100.16
SENSOR-00000170,MCH-001-01-01,2026-01-29 04:00:00,83.1,3.052,101.86
SENSOR-00000171,MCH-001-01-01,2026-01-29 08:00:00,85.56,3.215,101.23
SENSOR-00000172,MCH-001-01-01,2026-01-29 12:00:00,86.66,2.609,98.91
SENSOR-00000173,MCH-001-01-01,2026-01-29 16:00:00,75.48,3.145,99.99
SENSOR-00000174,MCH-001-01-01,2026-01-29 20:00:00,88.38,3.433,100.61
SENSOR-00000175,MCH-001-01-01,2026-01-30 00:00:00,86.99,3.161,97.71
SENSOR-00000176,MCH-001-01-01,2026-01-30 04:00:00,80.76,3.002,101.63
SENSOR-00000177,MCH-001-01-01,2026-01-30 08:00:00,80.38,3.245,96.27
SENSOR-00000178,MCH-001-01-01,2026-01-30 12:00:00,83.38,3.163,107.34
SENSOR-00000179,MCH-001-01-01,2026-01-30 16:00:00,78.69,3.504,100.45
SENSOR-00000180,MCH-001-01-01,2026-01-30 20:00:00,85.84,3.166,101.33
SENSOR-00000181,MCH-001-01-02,2026-01-01 00:00:00,81.57,2.601,97.26
SENSOR-00000182,MCH-001-01-02,2026-01-01 04:00:00,83.39,3.329,108.43
SENSOR-00000183,MCH-001-01-02,2026-01-01 08:00:00,80.14,3.358,100.73
SENSOR-00000184,MCH-001-01-02,2026-01-01 12:00:00,81.88,3.107,100.19
SENSOR-00000185,MCH-001-01-02,2026-01-01 16:00:00,82.93,2.897,95.81
SENSOR-00000186,MCH-001-01-02,2026-01-01 20:00:00,76.31,3.162,99.17
SENSOR-00000187,MCH-001-01-02,2026-01-02 00:00:00,87.45,3.281,101.84
SENSOR-00000188,MCH-001-01-02,2026-01-02 04:00:00,84.88,3.129,96.71
SENSOR-00000189,MCH-001-01-02,2026-01-02 08:00:00,85.29,2.66,97.62
SENSOR-00000190,MCH-001-01-02,2026-01-02 12:00:00,87.7,3.209,104.46
SENSOR-00000191,MCH-001-01-02,2026-01-02 16:00:00,81.4,2.711,99.28
SENSOR-00000192,MCH-001-01-02,2026-01-02 20:00:00,82.89,3.019,103.4
SENSOR-00000193,MCH-001-01-02,2026-01-03 00:00:00,81.4,3.442,99.7
SENSOR-00000194,MCH-001-01-02,2026-01-03 04:00:00,81.51,2.474,97.32
SENSOR-00000195,MCH-001-01-02,2026-01-03 08:00:00,81.43,2.827,104.15
SENSOR-00000196,MCH-001-01-02,2026-01-03 12:00:00,81.82,3.321,100.19
SENSOR-00000197,MCH-001-01-02,2026-01-03 16:00:00,82.63,2.977,100.01
SENSOR-00000198,MCH-001-01-02,2026-01-03 20:00:00,89.36,2.419,94.0
SENSOR-00000199,MCH-001-01-02,2026-01-04 00:00:00,86.34,3.067,98.32
SENSOR-00000200,MCH-001-01-02,2026-01-04 04:00:00,85.28,3.026,100.0
SENSOR-00000201,MCH-001-01-02,2026-01-04 08:00:00,88.38,2.386,95.75
SENSOR-00000202,MCH-001-01-02,2026-01-04 12:00:00,77.74,2.908,99.24
SENSOR-00000203,MCH-001-01-02,2026-01-04 16:00:00,76.46,2.752,97.42
SENSOR-00000204,MCH-001-01-02,2026-01-04 20:00:00,92.31,3.449,98.76
SENSOR-00000205,MCH-001-01-02,2026-01-05 00:00:00,83.95,3.103,96.04
SENSOR-00000206,MCH-001-01-02,2026-01-05 04:00:00,85.9,2.799,101.9
SENSOR-00000207,MCH-001-01-02,2026-01-05 08:00:00,82.44,2.655,99.05
SENSOR-00000208,MCH-001-01-02,2026-01-05 12:00:00,83.95,3.152,99.58
SENSOR-00000209,MCH-001-01-02,2026-01-05 16:00:00,88.61,3.251,99.23
SENSOR-00000210,MCH-001-01-02,2026-01-05 20:00:00,85.48,3.482,105.88
SENSOR-00000211,MCH-001-01-02,2026-01-06 00:00:00,79.88,2.83,97.86
SENSOR-00000212,MCH-001-01-02,2026-01-06 04:00:00,78.97,3.569,100.89
SENSOR-00000213,MCH-001-01-02,2026-01-06 08:00:00,86.03,2.876,99.44
SENSOR-00000214,MCH-001-01-02,2026-01-06 12:00:00,79.63,2.336,95.87
SENSOR-00000215,MCH-001-01-02,2026-01-06 16:00:00,75.24,2.436,96.41
SENSOR-00000216,MCH-001-01-02,2026-01-06 20:00:00,87.78,2.988,103.87
SENSOR-00000217,MCH-001-01-02,2026-01-07 00:00:00,80.29,2.718,96.45
SENSOR-00000218,MCH-001-01-02,2026-01-07 04:00:00,82.83,3.081,97.62
SENSOR-00000219,MCH-001-01-02,2026-01-07 08:00:00,82.59,3.141,101.85
SENSOR-00000220,MCH-001-01-02,2026-01-07 12:00:00,88.69,3.318,97.0
SENSOR-00000221,MCH-001-01-02,2026-01-07 16:00:00,89.22,2.866,103.13
SENSOR-00000222,MCH-001-01-02,2026-01-07 20:00:00,82.76,2.896,94.58
SENSOR-00000223,MCH-001-01-02,2026-01-08 00:00:00,89.44,2.878,103.0
SENSOR-00000224,MCH-001-01-02,2026-01-08 04:00:00,82.87,3.198,98.66
SENSOR-00000225,MCH-001-01-02,2026-01-08 08:00:00,82.29,2.97,97.49
SENSOR-00000226,MCH-001-01-02,2026-01-08 12:00:00,85.13,3.161,101.78
SENSOR-00000227,MCH-001-01-02,2026-01-08 16:00:00,88.63,3.361,98.88
SENSOR-00000228,MCH-001-01-02,2026-01-08 20:00:00,83.98,2.843,100.07
SENSOR-00000229,MCH-001-01-02,2026-01-09 00:00:00,82.39,3.5,102.47
SENSOR-00000230,MCH-001-01-02,2026-01-09 04:00:00,83.16,2.889,98.82
SENSOR-00000231,MCH-001-01-02,2026-01-09 08:00:00,73.97,3.063,102.54
SENSOR-00000232,MCH-001-01-02,2026-01-09 12:00:00,76.18,2.833,96.53
SENSOR-00000233,MCH-001-01-02,2026-01-09 16:00:00,78.62,3.012,93.75
SENSOR-00000234,MCH-001-01-02,2026-01-09 20:00:00,84.94,3.187,99.25
SENSOR-00000235,MCH-001-01-02,2026-01-10 00:00:00,84.75,3.458,99.39
SENSOR-00000236,MCH-001-01-02,2026-01-10 04:00:00,83.99,2.627,103.57
SENSOR-00000237,MCH-001-01-02,2026-01-10 08:00:00,79.44,2.859,99.93
SENSOR-00000238,MCH-001-01-02,2026-01-10 12:00:00,76.23,3.056,102.9
SENSOR-00000239,MCH-001-01-02,2026-01-10 16:00:00,83.66,2.602,99.63
SENSOR-00000240,MCH-001-01-02,2026-01-10 20:00:00,85.45,2.529,96.78
SENSOR-00000241,MCH-001-01-02,2026-01-11 00:00:00,79.29,3.106,101.32
SENSOR-00000242,MCH-001-01-02,2026-01-11 04:00:00,80.38,2.741,106.93
SENSOR-00000243,MCH-001-01-02,2026-01-11 08:00:00,83.79,2.816,102.75
SENSOR-00000244,MCH-001-01-02,2026-01-11 12:00:00,82.05,2.936,101.69
SENSOR-00000245,MCH-001-01-02,2026-01-11 16:00:00,77.32,3.087,105.74
SENSOR-00000246,MCH-001-01-02,2026-01-11 20:00:00,84.35,2.905,98.48
SENSOR-00000247,MCH-001-01-02,2026-01-12 00:00:00,77.98,3.331,103.74
SENSOR-00000248,MCH-001-01-02,2026-01-12 04:00:00,86.32,2.62,102.49
SENSOR-00000249,MCH-001-01-02,2026-01-12 08:00:00,84.1,2.597,99.93
SENSOR-00000250,MCH-001-01-02,2026-01-12 12:00:00,83.94,3.138,100.53
SENSOR-00000251,MCH-001-01-02,2026-01-12 16:00:00,83.65,3.367,103.68
SENSOR-00000252,MCH-001-01-02,2026-01-12 20:00:00,71.02,2.919,99.51
SENSOR-00000253,MCH-001-01-02,2026-01-13 00:00:00,80.31,3.114,94.39
SENSOR-00000254,MCH-001-01-02,2026-01-13 04:00:00,89.93,3.149,99.45
SENSOR-00000255,MCH-001-01-02,2026-01-13 08:00:00,84.79,2.646,103.55
SENSOR-00000256,MCH-001-01-02,2026-01-13 12:00:00,81.19,2.948,98.53
SENSOR-00000257,MCH-001-01-02,2026-01-13 16:00:00,80.16,3.172,100.77
SENSOR-00000258,MCH-001-01-02,2026-01-13 20:00:00,85.09,2.997,101.54
SENSOR-00000259,MCH-001-01-02,2026-01-14 00:00:00,86.37,3.006,99.35
SENSOR-00000260,MCH-001-01-02,2026-01-14 04:00:00,81.65,3.096,104.2
SENSOR-00000261,MCH-001-01-02,2026-01-14 08:00:00,83.21,2.771,102.47
SENSOR-00000262,MCH-001-01-02,2026-01-14 12:00:00,86.17,3.162,102.24
SENSOR-00000263,MCH-001-01-02,2026-01-14 16:00:00,81.4,2.767,97.4
SENSOR-00000264,MCH-001-01-02,2026-01-14 20:00:00,75.94,3.058,99.75
SENSOR-00000265,MCH-001-01-02,2026-01-15 00:00:00,81.91,3.071,106.98
SENSOR-00000266,MCH-001-01-02,2026-01-15 04:00:00,88.55,2.922,98.22
SENSOR-00000267,MCH-001-01-02,2026-01-15 08:00:00,81.18,3.126,99.68
SENSOR-00000268,MCH-001-01-02,2026-01-15 12:00:00,80.9,3.366,99.66
SENSOR-00000269,MCH-001-01-02,2026-01-15 16:00:00,91.68,3.021,105.36
SENSOR-00000270,MCH-001-01-02,2026-01-15 20:00:00,83.91,3.24,97.83
SENSOR-00000271,MCH-001-01-02,2026-01-16 00:00:00,82.92,3.28,99.96
SENSOR-00000272,MCH-001-01-02,2026-01-16 04:00:00,73.44,2.951,99.51
SENSOR-00000273,MCH-001-01-02,2026-01-16 08:00:00,90.87,2.634,98.83
SENSOR-00000274,MCH-001-01-02,2026-01-16 12:00:00,89.31,3.111,101.69
SENSOR-00000275,MCH-001-01-02,2026-01-16 16:00:00,82.94,3.081,102.33
SENSOR-00000276,MCH-001-01-02,2026-01-16 20:00:00,79.25,3.218,95.88
SENSOR-00000277,MCH-001-01-02,2026-01-17 00:00:00,85.33,2.703,98.3
SENSOR-00000278,MCH-001-01-02,2026-01-17 04:00:00,79.99,3.33,100.99
SENSOR-00000279,MCH-001-01-02,2026-01-17 08:00:00,81.64,3.123,93.68
SENSOR-00000280,MCH-001-01-02,2026-01-17 12:00:00,82.31,3.498,100.4
SENSOR-00000281,MCH-001-01-02,2026-01-17 16:00:00,82.76,3.136,102.69
SENSOR-00000282,MCH-001-01-02,2026-01-17 20:00:00,74.49,2.578,100.63
SENSOR-00000283,MCH-001-01-02,2026-01-18 00:00:00,80.79,3.268,103.6
SENSOR-00000284,MCH-001-01-02,2026-01-18 04:00:00,81.8,2.465,101.85
SENSOR-00000285,MCH-001-01-02,2026-01-18 08:00:00,84.71,3.076,102.94
SENSOR-00000286,MCH-001-01-02,2026-01-18 12:00:00,77.83,3.501,97.12
SENSOR-00000287,MCH-001-01-02,2026-01-18 16:00:00,85.48,2.577,97.21
SENSOR-00000288,MCH-001-01-02,2026-01-18 20:00:00,88.55,2.934,102.52
SENSOR-00000289,MCH-001-01-02,2026-01-19 00:00:00,80.16,2.907,95.87
SENSOR-00000290,MCH-001-01-02,2026-01-19 04:00:00,79.97,2.817,102.31
SENSOR-00000291,MCH-001-01-02,2026-01-19 08:00:00,85.72,2.962,98.82
SENSOR-00000292,MCH-001-01-02,2026-01-19 12:00:00,83.04,2.795,96.56
SENSOR-00000293,MCH-001-01-02,2026-01-19 16:00:00,78.72,2.84,96.51
SENSOR-00000294,MCH-001-01-02,2026-01-19 20:00:00,83.13,3.181,95.24
SENSOR-00000295,MCH-001-01-02,2026-01-20 00:00:00,73.63,3.085,103.57
SENSOR-00000296,MCH-001-01-02,2026-01-20 04:00:00,81.87,3.136,97.89
SENSOR-00000297,MCH-001-01-02,2026-01-20 08:00:00,82.01,2.594,92.97
SENSOR-00000298,MCH-001-01-02,2026-01-20 12:00:00,86.26,2.753,98.63
SENSOR-00000299,MCH-001-01-02,2026-01-20 16:00:00,76.94,2.646,99.48
SENSOR-00000300,MCH-001-01-02,2026-01-20 20:00:00,79.57,3.093,101.36
SENSOR-00000301,MCH-001-01-02,2026-01-21 00:00:00,81.24,3.338,101.52
SENSOR-00000302,MCH-001-01-02,2026-01-21 04:00:00,83.27,2.944,98.85
SENSOR-00000303,MCH-001-01-02,2026-01-21 08:00:00,83.64,2.936,99.87
SENSOR-00000304,MCH-001-01-02,2026-01-21 12:00:00,82.8,2.829,101.6
SENSOR-00000305,MCH-001-01-02,2026-01-21 16:00:00,94.14,2.555,100.97
SENSOR-00000306,MCH-001-01-02,2026-01-21 20:00:00,79.44,3.143,100.14
SENSOR-00000307,MCH-001-01-02,2026-01-22 00:00:00,83.07,2.995,100.85
SENSOR-00000308,MCH-001-01-02,2026-01-22 04:00:00,86.82,2.557,102.92
SENSOR-00000309,MCH-001-01-02,2026-01-22 08:00:00,82.52,2.948,95.59
SENSOR-00000310,MCH-001-01-02,2026-01-22 12:00:00,84.5,2.395,101.95
SENSOR-00000311,MCH-001-01-02,2026-01-22 16:00:00,76.52,3.012,99.64
SENSOR-00000312,MCH-001-01-02,2026-01-22 20:00:00,87.16,2.954,97.92
SENSOR-00000313,MCH-001-01-02,2026-01-23 00:00:00,92.03,2.724,99.69
SENSOR-00000314,MCH-001-01-02,2026-01-23 04:00:00,89.68,3.297,97.91
SENSOR-00000315,MCH-001-01-02,2026-01-23 08:00:00,83.38,2.999,100.85
SENSOR-00000316,MCH-001-01-02,2026-01-23 12:00:00,79.69,2.976,95.21
SENSOR-00000317,MCH-001-01-02,2026-01-23 16:00:00,83.03,3.111,99.32
SENSOR-00000318,MCH-001-01-02,2026-01-23 20:00:00,76.02,3.246,101.09
SENSOR-00000319,MCH-001-01-02,2026-01-24 00:00:00,81.92,3.217,98.4
SENSOR-00000320,MCH-001-01-02,2026-01-24 04:00:00,76.19,2.653,98.4
SENSOR-00000321,MCH-001-01-02,2026-01-24 08:00:00,77.49,3.101,98.6
SENSOR-00000322,MCH-001-01-02,2026-01-24 12:00:00,91.98,2.564,100.61
SENSOR-00000323,MCH-001-01-02,2026-01-24 16:00:00,77.97,2.875,100.42
SENSOR-00000324,MCH-001-01-02,2026-01-24 20:00:00,73.18,3.058,105.71
SENSOR-00000325,MCH-001-01-02,2026-01-25 00:00:00,78.43,3.03,98.25
SENSOR-00000326,MCH-001-01-02,2026-01-25 04:00:00,80.37,3.15,95.98
SENSOR-00000327,MCH-001-01-02,2026-01-25 08:00:00,86.67,2.649,98.01
SENSOR-00000328,MCH-001-01-02,2026-01-25 12:00:00,90.18,3.281,100.29
SENSOR-00000329,MCH-001-01-02,2026-01-25 16:00:00,78.72,2.866,100.22
SENSOR-00000330,MCH-001-01-02,2026-01-25 20:00:00,82.63,2.976,99.91
SENSOR-00000331,MCH-001-01-02,2026-01-26 00:00:00,80.93,3.368,101.52
SENSOR-00000332,MCH-001-01-02,2026-01-26 04:00:00,77.24,3.167,97.68
SENSOR-00000333,MCH-001-01-02,2026-01-26 08:00:00,80.18,3.077,98.52
SENSOR-00000334,MCH-001-01-02,2026-01-26 12:00:00,86.06,2.805,98.14
SENSOR-00000335,MCH-001-01-02,2026-01-26 16:00:00,79.86,2.857,103.3
SENSOR-00000336,MCH-001-01-02,2026-01-26 20:00:00,85.0,3.426,106.8
SENSOR-00000337,MCH-001-01-02,2026-01-27 00:00:00,78.81,3.701,98.65
SENSOR-00000338,MCH-001-01-02,2026-01-27 04:00:00,82.77,2.675,105.12
SENSOR-00000339,MCH-001-01-02,2026-01-27 08:00:00,86.96,3.073,95.96
SENSOR-00000340,MCH-001-01-02,2026-01-27 12:00:00,83.33,2.718,104.39
SENSOR-00000341,MCH-001-01-02,2026-01-27 16:00:00,85.72,3.023,92.69
SENSOR-00000342,MCH-001-01-02,2026-01-27 20:00:00,78.55,3.171,103.64
SENSOR-00000343,MCH-001-01-02,2026-01-28 00:00:00,75.08,2.917,99.02
SENSOR-00000344,MCH-001-01-02,2026-01-28 04:00:00,81.89,2.858,98.67
SENSOR-00000345,MCH-001-01-02,2026-01-28 08:00:00,82.33,3.109,99.09
SENSOR-00000346,MCH-001-01-02,2026-01-28 12:00:00,80.85,3.022,94.24
SENSOR-00000347,MCH-001-01-02,2026-01-28 16:00:00,84.39,2.999,100.12
SENSOR-00000348,MCH-001-01-02,2026-01-28 20:00:00,86.33,2.511,94.08
SENSOR-00000349,MCH-001-01-02,2026-01-29 00:00:00,87.37,3.16,97.36
SENSOR-00000350,MCH-001-01-02,2026-01-29 04:00:00,85.18,3.214,104.68
SENSOR-00000351,MCH-001-01-02,2026-01-29 08:00:00,78.98,2.942,102.24
SENSOR-00000352,MCH-001-01-02,2026-01-29 12:00:00,82.71,2.719,101.24
SENSOR-00000353,MCH-001-01-02,2026-01-29 16:00:00,84.8,3.021,100.66
SENSOR-00000354,MCH-001-01-02,2026-01-29 20:00:00,81.45,3.368,97.3
SENSOR-00000355,MCH-001-01-02,2026-01-30 00:00:00,79.92,3.057,99.1
SENSOR-00000356,MCH-001-01-02,2026-01-30 04:00:00,85.17,3.118,97.92
SENSOR-00000357,MCH-001-01-02,2026-01-30 08:00:00,81.81,3.26,101.18
SENSOR-00000358,MCH-001-01-02,2026-01-30 12:00:00,76.9,3.163,96.75
SENSOR-00000359,MCH-001-01-02,2026-01-30 16:00:00,88.13,3.255,100.87
SENSOR-00000360,MCH-001-01-02,2026-01-30 20:00:00,83.11,2.947,102.04
SENSOR-00000361,MCH-001-01-03,2026-01-01 00:00:00,67.62,2.511,104.27
SENSOR-00000362,MCH-001-01-03,2026-01-01 04:00:00,72.3,2.356,93.98
SENSOR-00000363,MCH-001-01-03,2026-01-01 08:00:00,75.19,2.064,100.6
SENSOR-00000364,MCH-001-01-03,2026-01-01 12:00:00,67.88,2.466,103.07
SENSOR-00000365,MCH-001-01-03,2026-01-01 16:00:00,71.0,2.046,93.53
SENSOR-00000366,MCH-001-01-03,2026-01-01 20:00:00,73.06,2.185,95.35
SENSOR-00000367,MCH-001-01-03,2026-01-02 00:00:00,74.72,2.213,101.31
SENSOR-00000368,MCH-001-01-03,2026-01-02 04:00:00,71.01,2.458,101.66
SENSOR-00000369,MCH-001-01-03,2026-01-02 08:00:00,62.46,2.628,90.86
SENSOR-00000370,MCH-001-01-03,2026-01-02 12:00:00,71.66,2.587,99.05
SENSOR-00000371,MCH-001-01-03,2026-01-02 16:00:00,68.26,2.057,103.08
SENSOR-00000372,MCH-001-01-03,2026-01-02 20:00:00,66.44,2.612,99.83
SENSOR-00000373,MCH-001-01-03,2026-01-03 00:00:00,79.3,1.993,104.81
SENSOR-00000374,MCH-001-01-03,2026-01-03 04:00:00,73.99,2.04,97.97
SENSOR-00000375,MCH-001-01-03,2026-01-03 08:00:00,70.92,2.012,100.28
SENSOR-00000376,MCH-001-01-03,2026-01-03 12:00:00,69.22,1.785,98.86
SENSOR-00000377,MCH-001-01-03,2026-01-03 16:00:00,66.92,2.142,97.27
SENSOR-00000378,MCH-001-01-03,2026-01-03 20:00:00,70.64,2.83,100.17
SENSOR-00000379,MCH-001-01-03,2026-01-04 00:00:00,71.57,2.262,99.29
SENSOR-00000380,MCH-001-01-03,2026-01-04 04:00:00,71.19,2.451,100.72
SENSOR-00000381,MCH-001-01-03,2026-01-04 08:00:00,73.77,2.223,102.39
SENSOR-00000382,MCH-001-01-03,2026-01-04 12:00:00,73.18,2.254,100.31
SENSOR-00000383,MCH-001-01-03,2026-01-04 16:00:00,80.91,1.995,102.31
SENSOR-00000384,MCH-001-01-03,2026-01-04 20:00:00,66.56,2.385,104.73
SENSOR-00000385,MCH-001-01-03,2026-01-05 00:00:00,71.06,2.129,95.92
SENSOR-00000386,MCH-001-01-03,2026-01-05 04:00:00,75.69,2.467,100.69
SENSOR-00000387,MCH-001-01-03,2026-01-05 08:00:00,77.99,2.352,101.18
SENSOR-00000388,MCH-001-01-03,2026-01-05 12:00:00,75.34,2.307,98.41
SENSOR-00000389,MCH-001-01-03,2026-01-05 16:00:00,82.98,2.217,98.0
SENSOR-00000390,MCH-001-01-03,2026-01-05 20:00:00,75.86,2.393,95.79
SENSOR-00000391,MCH-001-01-03,2026-01-06 00:00:00,74.76,2.323,98.02
SENSOR-00000392,MCH-001-01-03,2026-01-06 04:00:00,76.46,2.449,100.04
SENSOR-00000393,MCH-001-01-03,2026-01-06 08:00:00,70.97,2.363,99.79
SENSOR-00000394,MCH-001-01-03,2026-01-06 12:00:00,68.79,1.962,101.7
SENSOR-00000395,MCH-001-01-03,2026-01-06 16:00:00,63.72,2.382,98.57
SENSOR-00000396,MCH-001-01-03,2026-01-06 20:00:00,79.36,2.207,101.98
SENSOR-00000397,MCH-001-01-03,2026-01-07 00:00:00,68.61,2.082,101.98
SENSOR-00000398,MCH-001-01-03,2026-01-07 04:00:00,76.12,2.356,96.63
SENSOR-00000399,MCH-001-01-03,2026-01-07 08:00:00,77.2,2.024,103.48
SENSOR-00000400,MCH-001-01-03,2026-01-07 12:00:00,85.56,2.422,101.75
SENSOR-00000401,MCH-001-01-03,2026-01-07 16:00:00,72.16,1.878,98.19
SENSOR-00000402,MCH-001-01-03,2026-01-07 20:00:00,69.76,1.968,105.17
SENSOR-00000403,MCH-001-01-03,2026-01-08 00:00:00,72.76,1.978,94.07
SENSOR-00000404,MCH-001-01-03,2026-01-08 04:00:00,73.08,2.344,96.14
SENSOR-00000405,MCH-001-01-03,2026-01-08 08:00:00,73.99,2.344,93.53
SENSOR-00000406,MCH-001-01-03,2026-01-08 12:00:00,70.47,2.432,101.16
SENSOR-00000407,MCH-001-01-03,2026-01-08 16:00:00,69.51,2.37,103.07
SENSOR-00000408,MCH-001-01-03,2026-01-08 20:00:00,77.24,2.306,98.6
SENSOR-00000409,MCH-001-01-03,2026-01-09 00:00:00,77.61,2.129,94.58
SENSOR-00000410,MCH-001-01-03,2026-01-09 04:00:00,80.3,2.394,94.86
SENSOR-00000411,MCH-001-01-03,2026-01-09 08:00:00,71.27,2.523,99.16
SENSOR-00000412,MCH-001-01-03,2026-01-09 12:00:00,72.08,2.68,96.86
SENSOR-00000413,MCH-001-01-03,2026-01-09 16:00:00,70.94,2.383,101.17
SENSOR-00000414,MCH-001-01-03,2026-01-09 20:00:00,76.11,2.558,100.6
SENSOR-00000415,MCH-001-01-03,2026-01-10 00:00:00,70.89,2.347,99.92
SENSOR-00000416,MCH-001-01-03,2026-01-10 04:00:00,74.9,2.882,98.43
SENSOR-00000417,MCH-001-01-03,2026-01-10 08:00:00,75.82,2.597,100.29
SENSOR-00000418,MCH-001-01-03,2026-01-10 12:00:00,83.48,2.236,100.97
SENSOR-00000419,MCH-001-01-03,2026-01-10 16:00:00,70.93,2.242,100.75
SENSOR-00000420,MCH-001-01-03,2026-01-10 20:00:00,77.51,2.41,103.78
SENSOR-00000421,MCH-001-01-03,2026-01-11 00:00:00,72.67,2.362,99.81
SENSOR-00000422,MCH-001-01-03,2026-01-11 04:00:00,77.05,2.119,96.77
SENSOR-00000423,MCH-001-01-03,2026-01-11 08:00:00,75.02,2.48,101.0
SENSOR-00000424,MCH-001-01-03,2026-01-11 12:00:00,70.89,2.5,97.77
SENSOR-00000425,MCH-001-01-03,2026-01-11 16:00:00,72.04,2.094,103.9
SENSOR-00000426,MCH-001-01-03,2026-01-11 20:00:00,76.66,2.481,103.74
SENSOR-00000427,MCH-001-01-03,2026-01-12 00:00:00,74.33,2.45,101.52
SENSOR-00000428,MCH-001-01-03,2026-01-12 04:00:00,76.54,2.237,106.36
SENSOR-00000429,MCH-001-01-03,2026-01-12 08:00:00,75.07,1.865,96.99
SENSOR-00000430,MCH-001-01-03,2026-01-12 12:00:00,67.17,2.335,99.63
SENSOR-00000431,MCH-001-01-03,2026-01-12 16:00:00,72.25,2.833,101.65
SENSOR-00000432,MCH-001-01-03,2026-01-12 20:00:00,77.03,2.097,97.0
SENSOR-00000433,MCH-001-01-03,2026-01-13 00:00:00,73.42,2.353,101.81
SENSOR-00000434,MCH-001-01-03,2026-01-13 04:00:00,78.45,2.257,98.63
SENSOR-00000435,MCH-001-01-03,2026-01-13 08:00:00,75.88,2.483,98.7
SENSOR-00000436,MCH-001-01-03,2026-01-13 12:00:00,77.29,2.575,103.88
SENSOR-00000437,MCH-001-01-03,2026-01-13 16:00:00,81.24,2.114,100.04
SENSOR-00000438,MCH-001-01-03,2026-01-13 20:00:00,74.17,2.306,98.05
SENSOR-00000439,MCH-001-01-03,2026-01-14 00:00:00,76.44,2.877,100.83
SENSOR-00000440,MCH-001-01-03,2026-01-14 04:00:00,76.07,2.061,96.14
SENSOR-00000441,MCH-001-01-03,2026-01-14 08:00:00,80.46,2.099,96.87
SENSOR-00000442,MCH-001-01-03,2026-01-14 12:00:00,73.97,2.308,97.29
SENSOR-00000443,MCH-001-01-03,2026-01-14 16:00:00,72.91,2.638,97.58
SENSOR-00000444,MCH-001-01-03,2026-01-14 20:00:00,68.55,2.566,101.48
SENSOR-00000445,MCH-001-01-03,2026-01-15 00:00:00,75.46,2.392,103.25
SENSOR-00000446,MCH-001-01-03,2026-01-15 04:00:00,76.33,1.736,97.65
SENSOR-00000447,MCH-001-01-03,2026-01-15 08:00:00,74.68,2.281,101.43
SENSOR-00000448,MCH-001-01-03,2026-01-15 12:00:00,77.29,2.482,99.36
SENSOR-00000449,MCH-001-01-03,2026-01-15 16:00:00,66.74,2.216,101.25
SENSOR-00000450,MCH-001-01-03,2026-01-15 20:00:00,69.77,2.488,102.73
SENSOR-00000451,MCH-001-01-03,2026-01-16 00:00:00,78.55,2.399,101.38
SENSOR-00000452,MCH-001-01-03,2026-01-16 04:00:00,75.58,2.505,106.83
SENSOR-00000453,MCH-001-01-03,2026-01-16 08:00:00,78.01,1.935,101.34
SENSOR-00000454,MCH-001-01-03,2026-01-16 12:00:00,78.69,2.631,98.72
SENSOR-00000455,MCH-001-01-03,2026-01-16 16:00:00,78.79,2.562,107.72
SENSOR-00000456,MCH-001-01-03,2026-01-16 20:00:00,71.13,2.203,99.08
SENSOR-00000457,MCH-001-01-03,2026-01-17 00:00:00,75.24,2.672,100.17
SENSOR-00000458,MCH-001-01-03,2026-01-17 04:00:00,76.11,2.422,99.14
SENSOR-00000459,MCH-001-01-03,2026-01-17 08:00:00,75.75,2.889,99.19
SENSOR-00000460,MCH-001-01-03,2026-01-17 12:00:00,75.81,2.645,103.42
SENSOR-00000461,MCH-001-01-03,2026-01-17 16:00:00,74.17,1.734,101.55
SENSOR-00000462,MCH-001-01-03,2026-01-17 20:00:00,65.25,2.698,100.51
SENSOR-00000463,MCH-001-01-03,2026-01-18 00:00:00,77.47,2.593,102.53
SENSOR-00000464,MCH-001-01-03,2026-01-18 04:00:00,80.05,2.283,93.84
SENSOR-00000465,MCH-001-01-03,2026-01-18 08:00:00,73.37,2.533,97.09
SENSOR-00000466,MCH-001-01-03,2026-01-18 12:00:00,73.42,2.157,104.51
SENSOR-00000467,MCH-001-01-03,2026-01-18 16:00:00,77.13,2.493,101.86
SENSOR-00000468,MCH-001-01-03,2026-01-18 20:00:00,73.98,2.38,96.44
SENSOR-00000469,MCH-001-01-03,2026-01-19 00:00:00,76.05,2.963,104.44
SENSOR-00000470,MCH-001-01-03,2026-01-19 04:00:00,78.61,2.233,97.35
SENSOR-00000471,MCH-001-01-03,2026-01-19 08:00:00,77.28,2.055,99.28
SENSOR-00000472,MCH-001-01-03,2026-01-19 12:00:00,73.67,2.728,98.94
SENSOR-00000473,MCH-001-01-03,2026-01-19 16:00:00,64.37,2.456,97.9
SENSOR-00000474,MCH-001-01-03,2026-01-19 20:00:00,74.3,2.309,99.18
SENSOR-00000475,MCH-001-01-03,2026-01-20 00:00:00,73.95,1.84,102.12
SENSOR-00000476,MCH-001-01-03,2026-01-20 04:00:00,67.49,2.407,97.34
SENSOR-00000477,MCH-001-01-03,2026-01-20 08:00:00,69.49,2.22,99.45
SENSOR-00000478,MCH-001-01-03,2026-01-20 12:00:00,71.55,2.477,98.66
SENSOR-00000479,MCH-001-01-03,2026-01-20 16:00:00,78.05,2.401,97.91
SENSOR-00000480,MCH-001-01-03,2026-01-20 20:00:00,70.66,1.918,100.87
SENSOR-00000481,MCH-001-01-03,2026-01-21 00:00:00,79.55,2.144,98.1
SENSOR-00000482,MCH-001-01-03,2026-01-21 04:00:00,76.59,1.748,94.42
SENSOR-00000483,MCH-001-01-03,2026-01-21 08:00:00,73.0,2.718,98.69
SENSOR-00000484,MCH-001-01-03,2026-01-21 12:00:00,74.53,2.614,106.32
SENSOR-00000485,MCH-001-01-03,2026-01-21 16:00:00,71.82,2.326,105.47
SENSOR-00000486,MCH-001-01-03,2026-01-21 20:00:00,68.04,2.587,96.95
SENSOR-00000487,MCH-001-01-03,2026-01-22 00:00:00,73.61,2.348,101.71
SENSOR-00000488,MCH-001-01-03,2026-01-22 04:00:00,70.24,2.515,102.46
SENSOR-00000489,MCH-001-01-03,2026-01-22 08:00:00,84.54,2.236,98.63
SENSOR-00000490,MCH-001-01-03,2026-01-22 12:00:00,77.2,2.535,98.39
SENSOR-00000491,MCH-001-01-03,2026-01-22 16:00:00,72.52,2.466,97.52
SENSOR-00000492,MCH-001-01-03,2026-01-22 20:00:00,72.49,2.353,102.99
SENSOR-00000493,MCH-001-01-03,2026-01-23 00:00:00,79.42,2.496,100.05
SENSOR-00000494,MCH-001-01-03,2026-01-23 04:00:00,72.28,2.222,100.98
SENSOR-00000495,MCH-001-01-03,2026-01-23 08:00:00,76.46,2.103,100.11
SENSOR-00000496,MCH-001-01-03,2026-01-23 12:00:00,66.0,2.383,102.29
SENSOR-00000497,MCH-001-01-03,2026-01-23 16:00:00,73.01,2.784,97.36
SENSOR-00000498,MCH-001-01-03,2026-01-23 20:00:00,75.0,2.321,99.7
SENSOR-00000499,MCH-001-01-03,2026-01-24 00:00:00,71.08,2.603,106.63
SENSOR-00000500,MCH-001-01-03,2026-01-24 04:00:00,73.64,1.782,98.36
SENSOR-00000501,MCH-001-01-03,2026-01-24 08:00:00,79.06,2.468,100.75
SENSOR-00000502,MCH-001-01-03,2026-01-24 12:00:00,78.16,2.451,103.65
SENSOR-00000503,MCH-001-01-03,2026-01-24 16:00:00,77.81,2.711,101.08
SENSOR-00000504,MCH-001-01-03,2026-01-24 20:00:00,77.75,2.253,98.2
SENSOR-00000505,MCH-001-01-03,2026-01-25 00:00:00,73.27,1.88,105.68
SENSOR-00000506,MCH-001-01-03,2026-01-25 04:00:00,76.86,2.313,98.89
SENSOR-00000507,MCH-001-01-03,2026-01-25 08:00:00,78.46,2.195,103.44
SENSOR-00000508,MCH-001-01-03,2026-01-25 12:00:00,76.3,2.391,100.44
SENSOR-00000509,MCH-001-01-03,2026-01-25 16:00:00,73.43,2.592,97.4
SENSOR-00000510,MCH-001-01-03,2026-01-25 20:00:00,67.64,2.484,101.89
SENSOR-00000511,MCH-001-01-03,2026-01-26 00:00:00,76.13,1.91,99.68
SENSOR-00000512,MCH-001-01-03,2026-01-26 04:00:00,72.39,1.809,101.17
SENSOR-00000513,MCH-001-01-03,2026-01-26 08:00:00,72.61,1.805,102.52
SENSOR-00000514,MCH-001-01-03,2026-01-26 12:00:00,79.87,2.703,101.08
SENSOR-00000515,MCH-001-01-03,2026-01-26 16:00:00,74.31,2.662,105.05
SENSOR-00000516,MCH-001-01-03,2026-01-26 20:00:00,78.66,2.095,100.6
SENSOR-00000517,MCH-001-01-03,2026-01-27 00:00:00,70.27,2.647,104.12
SENSOR-00000518,MCH-001-01-03,2026-01-27 04:00:00,70.16,2.572,99.74
SENSOR-00000519,MCH-001-01-03,2026-01-27 08:00:00,75.49,2.445,102.98
SENSOR-00000520,MCH-001-01-03,2026-01-27 12:00:00,74.46,2.683,100.93
SENSOR-00000521,MCH-001-01-03,2026-01-27 16:00:00,76.62,2.122,106.48
SENSOR-00000522,MCH-001-01-03,2026-01-27 20:00:00,76.01,2.508,95.18
SENSOR-00000523,MCH-001-01-03,2026-01-28 00:00:00,74.95,2.625,97.31
SENSOR-00000524,MCH-001-01-03,2026-01-28 04:00:00,70.16,2.281,102.48
SENSOR-00000525,MCH-001-01-03,2026-01-28 08:00:00,68.8,1.913,102.47
SENSOR-00000526,MCH-001-01-03,2026-01-28 12:00:00,71.72,2.232,94.43
SENSOR-00000527,MCH-001-01-03,2026-01-28 16:00:00,71.41,2.328,102.79
SENSOR-00000528,MCH-001-01-03,2026-01-28 20:00:00,71.04,2.745,97.95
SENSOR-00000529,MCH-001-01-03,2026-01-29 00:00:00,73.96,2.353,97.04
SENSOR-00000530,MCH-001-01-03,2026-01-29 04:00:00,73.91,2.332,103.42
SENSOR-00000531,MCH-001-01-03,2026-01-29 08:00:00,78.96,2.248,99.36
SENSOR-00000532,MCH-001-01-03,2026-01-29 12:00:00,76.78,2.184,101.77
SENSOR-00000533,MCH-001-01-03,2026-01-29 16:00:00,73.78,2.088,97.13
SENSOR-00000534,MCH-001-01-03,2026-01-29 20:00:00,79.92,2.291,104.92
SENSOR-00000535,MCH-001-01-03,2026-01-30 00:00:00,71.78,2.397,97.15
SENSOR-00000536,MCH-001-01-03,2026-01-30 04:00:00,73.41,2.443,96.98
SENSOR-00000537,MCH-001-01-03,2026-01-30 08:00:00,71.33,2.243,95.71
SENSOR-00000538,MCH-001-01-03,2026-01-30 12:00:00,72.44,2.36,98.8
SENSOR-00000539,MCH-001-01-03,2026-01-30 16:00:00,73.04,2.325,98.03
SENSOR-00000540,MCH-001-01-03,2026-01-30 20:00:00,76.89,2.689,98.61
SENSOR-00000541,MCH-001-01-04,2026-01-01 00:00:00,70.43,2.545,94.73
SENSOR-00000542,MCH-001-01-04,2026-01-01 04:00:00,75.41,2.831,94.27
SENSOR-00000543,MCH-001-01-04,2026-01-01 08:00:00,71.25,2.252,99.81
SENSOR-00000544,MCH-001-01-04,2026-01-01 12:00:00,74.91,2.859,102.86
SENSOR-00000545,MCH-001-01-04,2026-01-01 16:00:00,78.35,2.546,101.18
SENSOR-00000546,MCH-001-01-04,2026-01-01 20:00:00,72.92,2.724,96.66
SENSOR-00000547,MCH-001-01-04,2026-01-02 00:00:00,79.2,2.491,96.58
SENSOR-00000548,MCH-001-01-04,2026-01-02 04:00:00,75.8,2.527,100.34
SENSOR-00000549,MCH-001-01-04,2026-01-02 08:00:00,77.02,2.769,96.74
SENSOR-00000550,MCH-001-01-04,2026-01-02 12:00:00,77.07,2.832,94.8
SENSOR-00000551,MCH-001-01-04,2026-01-02 16:00:00,77.09,2.363,98.89
SENSOR-00000552,MCH-001-01-04,2026-01-02 20:00:00,72.75,2.467,105.52
SENSOR-00000553,MCH-001-01-04,2026-01-03 00:00:00,86.2,2.858,97.44
SENSOR-00000554,MCH-001-01-04,2026-01-03 04:00:00,78.96,2.302,94.67
SENSOR-00000555,MCH-001-01-04,2026-01-03 08:00:00,80.45,2.8,103.14
SENSOR-00000556,MCH-001-01-04,2026-01-03 12:00:00,74.49,2.468,102.25
SENSOR-00000557,MCH-001-01-04,2026-01-03 16:00:00,77.94,2.411,95.14
SENSOR-00000558,MCH-001-01-04,2026-01-03 20:00:00,76.83,2.779,96.41
SENSOR-00000559,MCH-001-01-04,2026-01-04 00:00:00,69.09,2.948,102.48
SENSOR-00000560,MCH-001-01-04,2026-01-04 04:00:00,79.45,2.752,101.73
SENSOR-00000561,MCH-001-01-04,2026-01-04 08:00:00,75.39,2.469,98.72
SENSOR-00000562,MCH-001-01-04,2026-01-04 12:00:00,86.91,2.649,98.61
SENSOR-00000563,MCH-001-01-04,2026-01-04 16:00:00,78.23,2.257,104.51
SENSOR-00000564,MCH-001-01-04,2026-01-04 20:00:00,73.73,2.635,103.2
SENSOR-00000565,MCH-001-01-04,2026-01-05 00:00:00,74.31,2.785,102.03
SENSOR-00000566,MCH-001-01-04,2026-01-05 04:00:00,78.61,2.445,101.72
SENSOR-00000567,MCH-001-01-04,2026-01-05 08:00:00,73.8,2.445,102.91
SENSOR-00000568,MCH-001-01-04,2026-01-05 12:00:00,79.87,2.264,97.43
SENSOR-00000569,MCH-001-01-04,2026-01-05 16:00:00,76.81,2.941,94.25
SENSOR-00000570,MCH-001-01-04,2026-01-05 20:00:00,77.48,2.166,98.1
SENSOR-00000571,MCH-001-01-04,2026-01-06 00:00:00,79.74,2.124,100.9
SENSOR-00000572,MCH-001-01-04,2026-01-06 04:00:00,79.07,2.252,100.03
SENSOR-00000573,MCH-001-01-04,2026-01-06 08:00:00,75.91,2.97,105.77
SENSOR-00000574,MCH-001-01-04,2026-01-06 12:00:00,69.71,3.133,97.25
SENSOR-00000575,MCH-001-01-04,2026-01-06 16:00:00,80.29,2.752,97.01
SENSOR-00000576,MCH-001-01-04,2026-01-06 20:00:00,78.34,2.483,101.66
SENSOR-00000577,MCH-001-01-04,2026-01-07 00:00:00,72.19,2.368,98.14
SENSOR-00000578,MCH-001-01-04,2026-01-07 04:00:00,79.52,2.754,99.53
SENSOR-00000579,MCH-001-01-04,2026-01-07 08:00:00,82.09,2.852,100.73
SENSOR-00000580,MCH-001-01-04,2026-01-07 12:00:00,73.08,2.903,99.82
SENSOR-00000581,MCH-001-01-04,2026-01-07 16:00:00,76.88,2.425,97.33
SENSOR-00000582,MCH-001-01-04,2026-01-07 20:00:00,70.5,2.668,97.65
SENSOR-00000583,MCH-001-01-04,2026-01-08 00:00:00,73.66,2.241,94.31
SENSOR-00000584,MCH-001-01-04,2026-01-08 04:00:00,76.84,1.949,96.03
SENSOR-00000585,MCH-001-01-04,2026-01-08 08:00:00,74.22,2.302,101.19
SENSOR-00000586,MCH-001-01-04,2026-01-08 12:00:00,77.59,2.733,102.26
SENSOR-00000587,MCH-001-01-04,2026-01-08 16:00:00,80.93,2.509,100.91
SENSOR-00000588,MCH-001-01-04,2026-01-08 20:00:00,78.42,2.545,98.81
SENSOR-00000589,MCH-001-01-04,2026-01-09 00:00:00,76.69,2.294,102.43
SENSOR-00000590,MCH-001-01-04,2026-01-09 04:00:00,74.13,2.158,103.06
SENSOR-00000591,MCH-001-01-04,2026-01-09 08:00:00,74.22,2.407,100.12
SENSOR-00000592,MCH-001-01-04,2026-01-09 12:00:00,80.94,2.515,96.4
SENSOR-00000593,MCH-001-01-04,2026-01-09 16:00:00,78.55,2.388,105.66
SENSOR-00000594,MCH-001-01-04,2026-01-09 20:00:00,76.37,1.951,101.07
SENSOR-00000595,MCH-001-01-04,2026-01-10 00:00:00,79.57,2.579,95.95
SENSOR-00000596,MCH-001-01-04,2026-01-10 04:00:00,75.12,2.323,102.61
SENSOR-00000597,MCH-001-01-04,2026-01-10 08:00:00,81.08,2.774,97.73
SENSOR-00000598,MCH-001-01-04,2026-01-10 12:00:00,65.41,2.068,104.26
SENSOR-00000599,MCH-001-01-04,2026-01-10 16:00:00,74.77,2.322,104.93
SENSOR-00000600,MCH-001-01-04,2026-01-10 20:00:00,81.43,2.516,99.12
SENSOR-00000601,MCH-001-01-04,2026-01-11 00:00:00,75.19,1.881,93.62
SENSOR-00000602,MCH-001-01-04,2026-01-11 04:00:00,72.3,2.642,100.34
SENSOR-00000603,MCH-001-01-04,2026-01-11 08:00:00,77.11,2.997,96.19
SENSOR-00000604,MCH-001-01-04,2026-01-11 12:00:00,76.26,2.586,97.79
SENSOR-00000605,MCH-001-01-04,2026-01-11 16:00:00,76.48,2.11,104.23
SENSOR-00000606,MCH-001-01-04,2026-01-11 20:00:00,73.64,3.017,99.9
SENSOR-00000607,MCH-001-01-04,2026-01-12 00:00:00,73.93,3.085,99.73
SENSOR-00000608,MCH-001-01-04,2026-01-12 04:00:00,82.55,2.461,100.78
SENSOR-00000609,MCH-001-01-04,2026-01-12 08:00:00,71.09,2.398,100.63
SENSOR-00000610,MCH-001-01-04,2026-01-12 12:00:00,82.71,2.565,104.15
SENSOR-00000611,MCH-001-01-04,2026-01-12 16:00:00,78.93,2.916,99.82
SENSOR-00000612,MCH-001-01-04,2026-01-12 20:00:00,85.93,2.388,97.7
SENSOR-00000613,MCH-001-01-04,2026-01-13 00:00:00,75.31,2.394,94.08
SENSOR-00000614,MCH-001-01-04,2026-01-13 04:00:00,80.61,2.442,102.22
SENSOR-00000615,MCH-001-01-04,2026-01-13 08:00:00,85.81,2.421,98.74
SENSOR-00000616,MCH-001-01-04,2026-01-13 12:00:00,76.85,2.756,98.3
SENSOR-00000617,MCH-001-01-04,2026-01-13 16:00:00,73.85,2.774,101.14
SENSOR-00000618,MCH-001-01-04,2026-01-13 20:00:00,68.19,2.203,104.5
SENSOR-00000619,MCH-001-01-04,2026-01-14 00:00:00,75.97,2.653,96.31
SENSOR-00000620,MCH-001-01-04,2026-01-14 04:00:00,77.8,2.783,101.46
SENSOR-00000621,MCH-001-01-04,2026-01-14 08:00:00,76.93,2.486,97.5
SENSOR-00000622,MCH-001-01-04,2026-01-14 12:00:00,76.08,2.825,99.64
SENSOR-00000623,MCH-001-01-04,2026-01-14 16:00:00,72.81,2.387,100.6
SENSOR-00000624,MCH-001-01-04,2026-01-14 20:00:00,74.88,2.631,101.57
SENSOR-00000625,MCH-001-01-04,2026-01-15 00:00:00,74.6,2.391,97.98
SENSOR-00000626,MCH-001-01-04,2026-01-15 04:00:00,75.11,2.804,100.6
SENSOR-00000627,MCH-001-01-04,2026-01-15 08:00:00,86.26,2.552,99.13
SENSOR-00000628,MCH-001-01-04,2026-01-15 12:00:00,76.39,2.574,101.31
SENSOR-00000629,MCH-001-01-04,2026-01-15 16:00:00,84.68,2.298,102.58
SENSOR-00000630,MCH-001-01-04,2026-01-15 20:00:00,77.2,2.117,102.31
SENSOR-00000631,MCH-001-01-04,2026-01-16 00:00:00,74.49,2.694,96.51
SENSOR-00000632,MCH-001-01-04,2026-01-16 04:00:00,72.75,2.548,102.91
SENSOR-00000633,MCH-001-01-04,2026-01-16 08:00:00,81.32,2.343,102.81
SENSOR-00000634,MCH-001-01-04,2026-01-16 12:00:00,73.23,2.966,96.6
SENSOR-00000635,MCH-001-01-04,2026-01-16 16:00:00,81.68,2.346,106.04
SENSOR-00000636,MCH-001-01-04,2026-01-16 20:00:00,78.74,2.256,98.43
SENSOR-00000637,MCH-001-01-04,2026-01-17 00:00:00,82.83,2.705,100.86
SENSOR-00000638,MCH-001-01-04,2026-01-17 04:00:00,79.37,2.343,99.54
SENSOR-00000639,MCH-001-01-04,2026-01-17 08:00:00,73.07,2.197,101.0
SENSOR-00000640,MCH-001-01-04,2026-01-17 12:00:00,77.11,2.682,101.64
SENSOR-00000641,MCH-001-01-04,2026-01-17 16:00:00,77.34,2.649,99.87
SENSOR-00000642,MCH-001-01-04,2026-01-17 20:00:00,78.02,2.328,101.11
SENSOR-00000643,MCH-001-01-04,2026-01-18 00:00:00,88.5,2.453,100.77
SENSOR-00000644,MCH-001-01-04,2026-01-18 04:00:00,74.78,2.603,102.51
SENSOR-00000645,MCH-001-01-04,2026-01-18 08:00:00,75.91,2.954,100.72
SENSOR-00000646,MCH-001-01-04,2026-01-18 12:00:00,77.45,2.282,101.26
SENSOR-00000647,MCH-001-01-04,2026-01-18 16:00:00,75.83,2.358,97.67
SENSOR-00000648,MCH-001-01-04,2026-01-18 20:00:00,87.06,2.444,95.63
SENSOR-00000649,MCH-001-01-04,2026-01-19 00:00:00,71.62,2.776,102.07
SENSOR-00000650,MCH-001-01-04,2026-01-19 04:00:00,80.28,2.519,102.33
SENSOR-00000651,MCH-001-01-04,2026-01-19 08:00:00,69.33,2.725,100.53
SENSOR-00000652,MCH-001-01-04,2026-01-19 12:00:00,78.88,2.605,97.04
SENSOR-00000653,MCH-001-01-04,2026-01-19 16:00:00,70.38,2.332,101.69
SENSOR-00000654,MCH-001-01-04,2026-01-19 20:00:00,79.13,2.168,97.06
SENSOR-00000655,MCH-001-01-04,2026-01-20 00:00:00,80.47,2.405,98.28
SENSOR-00000656,MCH-001-01-04,2026-01-20 04:00:00,81.02,2.433,103.31
SENSOR-00000657,MCH-001-01-04,2026-01-20 08:00:00,78.09,2.424,101.44
SENSOR-00000658,MCH-001-01-04,2026-01-20 12:00:00,77.65,2.765,98.35
SENSOR-00000659,MCH-001-01-04,2026-01-20 16:00:00,76.54,2.494,102.11
SENSOR-00000660,MCH-001-01-04,2026-01-20 20:00:00,72.27,2.764,101.4
SENSOR-00000661,MCH-001-01-04,2026-01-21 00:00:00,77.39,2.362,97.26
SENSOR-00000662,MCH-001-01-04,2026-01-21 04:00:00,76.12,2.664,95.64
SENSOR-00000663,MCH-001-01-04,2026-01-21 08:00:00,74.58,2.887,96.77
SENSOR-00000664,MCH-001-01-04,2026-01-21 12:00:00,79.85,2.388,101.64
SENSOR-00000665,MCH-001-01-04,2026-01-21 16:00:00,80.76,2.695,102.73
SENSOR-00000666,MCH-001-01-04,2026-01-21 20:00:00,71.76,2.788,97.44
SENSOR-00000667,MCH-001-01-04,2026-01-22 00:00:00,70.75,2.751,98.89
SENSOR-00000668,MCH-001-01-04,2026-01-22 04:00:00,77.74,2.348,104.93
SENSOR-00000669,MCH-001-01-04,2026-01-22 08:00:00,72.86,2.425,100.32
SENSOR-00000670,MCH-001-01-04,2026-01-22 12:00:00,72.0,2.592,104.84
SENSOR-00000671,MCH-001-01-04,2026-01-22 16:00:00,74.41,2.608,91.75
SENSOR-00000672,MCH-001-01-04,2026-01-22 20:00:00,76.21,2.431,97.54
SENSOR-00000673,MCH-001-01-04,2026-01-23 00:00:00,73.31,2.41,105.23
SENSOR-00000674,MCH-001-01-04,2026-01-23 04:00:00,79.44,2.37,103.91
SENSOR-00000675,MCH-001-01-04,2026-01-23 08:00:00,73.41,2.762,95.92
SENSOR-00000676,MCH-001-01-04,2026-01-23 12:00:00,80.66,2.408,96.91
SENSOR-00000677,MCH-001-01-04,2026-01-23 16:00:00,75.5,2.579,98.52
SENSOR-00000678,MCH-001-01-04,2026-01-23 20:00:00,78.59,2.364,101.86
SENSOR-00000679,MCH-001-01-04,2026-01-24 00:00:00,88.72,2.639,101.45
SENSOR-00000680,MCH-001-01-04,2026-01-24 04:00:00,79.19,2.257,98.67
SENSOR-00000681,MCH-001-01-04,2026-01-24 08:00:00,74.35,2.672,99.48
SENSOR-00000682,MCH-001-01-04,2026-01-24 12:00:00,76.92,2.782,102.59
SENSOR-00000683,MCH-001-01-04,2026-01-24 16:00:00,75.72,2.342,103.41
SENSOR-00000684,MCH-001-01-04,2026-01-24 20:00:00,79.47,2.108,99.06
SENSOR-00000685,MCH-001-01-04,2026-01-25 00:00:00,68.83,2.41,100.17
SENSOR-00000686,MCH-001-01-04,2026-01-25 04:00:00,75.25,2.448,101.46
SENSOR-00000687,MCH-001-01-04,2026-01-25 08:00:00,72.05,2.103,98.96
SENSOR-00000688,MCH-001-01-04,2026-01-25 12:00:00,79.43,2.932,102.35
SENSOR-00000689,MCH-001-01-04,2026-01-25 16:00:00,70.5,2.452,100.77
SENSOR-00000690,MCH-001-01-04,2026-01-25 20:00:00,77.08,2.644,97.25
SENSOR-00000691,MCH-001-01-04,2026-01-26 00:00:00,74.27,2.255,100.5
SENSOR-00000692,MCH-001-01-04,2026-01-26 04:00:00,76.15,1.945,100.65
SENSOR-00000693,MCH-001-01-04,2026-01-26 08:00:00,72.66,2.631,96.15
SENSOR-00000694,MCH-001-01-04,2026-01-26 12:00:00,76.49,2.439,100.91
SENSOR-00000695,MCH-001-01-04,2026-01-26 16:00:00,76.87,2.446,95.39
SENSOR-00000696,MCH-001-01-04,2026-01-26 20:00:00,70.46,2.364,99.98
SENSOR-00000697,MCH-001-01-04,2026-01-27 00:00:00,76.08,2.616,99.93
SENSOR-00000698,MCH-001-01-04,2026-01-27 04:00:00,74.37,2.122,98.47
SENSOR-00000699,MCH-001-01-04,2026-01-27 08:00:00,72.08,2.078,97.61
SENSOR-00000700,MCH-001-01-04,2026-01-27 12:00:00,72.18,2.656,101.8
SENSOR-00000701,MCH-001-01-04,2026-01-27 16:00:00,72.76,2.445,94.43
SENSOR-00000702,MCH-001-01-04,2026-01-27 20:00:00,74.39,2.609,102.47
SENSOR-00000703,MCH-001-01-04,2026-01-28 00:00:00,78.34,2.5,93.41
SENSOR-00000704,MCH-001-01-04,2026-01-28 04:00:00,68.28,2.542,98.93
SENSOR-00000705,MCH-001-01-04,2026-01-28 08:00:00,71.95,2.526,100.35
SENSOR-00000706,MCH-001-01-04,2026-01-28 12:00:00,80.15,2.544,103.69
SENSOR-00000707,MCH-001-01-04,2026-01-28 16:00:00,76.4,2.481,103.19
SENSOR-00000708,MCH-001-01-04,2026-01-28 20:00:00,72.46,3.213,101.13
SENSOR-00000709,MCH-001-01-04,2026-01-29 00:00:00,73.77,2.535,99.15
SENSOR-00000710,MCH-001-01-04,2026-01-29 04:00:00,84.07,3.005,100.14
SENSOR-00000711,MCH-001-01-04,2026-01-29 08:00:00,76.63,2.416,103.32
SENSOR-00000712,MCH-001-01-04,2026-01-29 12:00:00,75.05,2.404,102.94
SENSOR-00000713,MCH-001-01-04,2026-01-29 16:00:00,74.22,2.5,95.26
SENSOR-00000714,MCH-001-01-04,2026-01-29 20:00:00,79.19,2.995,102.16
SENSOR-00000715,MCH-001-01-04,2026-01-30 00:00:00,71.11,2.164,101.47
SENSOR-00000716,MCH-001-01-04,2026-01-30 04:00:00,84.63,2.85,94.31
SENSOR-00000717,MCH-001-01-04,2026-01-30 08:00:00,82.05,2.744,95.36
SENSOR-00000718,MCH-001-01-04,2026-01-30 12:00:00,75.16,2.784,101.65
SENSOR-00000719,MCH-001-01-04,2026-01-30 16:00:00,71.13,2.662,93.59
SENSOR-00000720,MCH-001-01-04,2026-01-30 20:00:00,75.48,2.794,100.06
SENSOR-00000721,MCH-001-02-01,2026-01-01 00:00:00,68.27,2.097,100.72
SENSOR-00000722,MCH-001-02-01,2026-01-01 04:00:00,77.85,2.157,103.01
SENSOR-00000723,MCH-001-02-01,2026-01-01 08:00:00,76.41,2.109,101.78
SENSOR-00000724,MCH-001-02-01,2026-01-01 12:00:00,71.11,2.498,101.91
SENSOR-00000725,MCH-001-02-01,2026-01-01 16:00:00,67.33,2.208,104.94
SENSOR-00000726,MCH-001-02-01,2026-01-01 20:00:00,71.36,2.279,101.64
SENSOR-00000727,MCH-001-02-01,2026-01-02 00:00:00,70.87,2.279,99.82
SENSOR-00000728,MCH-001-02-01,2026-01-02 04:00:00,72.14,2.331,97.82
SENSOR-00000729,MCH-001-02-01,2026-01-02 08:00:00,72.25,2.089,95.24
SENSOR-00000730,MCH-001-02-01,2026-01-02 12:00:00,68.41,2.559,101.15
SENSOR-00000731,MCH-001-02-01,2026-01-02 16:00:00,66.79,1.782,99.66
SENSOR-00000732,MCH-001-02-01,2026-01-02 20:00:00,78.33,2.12,103.92
SENSOR-00000733,MCH-001-02-01,2026-01-03 00:00:00,73.71,2.101,98.05
SENSOR-00000734,MCH-001-02-01,2026-01-03 04:00:00,78.51,2.429,97.72
SENSOR-00000735,MCH-001-02-01,2026-01-03 08:00:00,74.36,1.981,96.45
SENSOR-00000736,MCH-001-02-01,2026-01-03 12:00:00,76.22,1.741,102.78
SENSOR-00000737,MCH-001-02-01,2026-01-03 16:00:00,71.08,2.114,101.23
SENSOR-00000738,MCH-001-02-01,2026-01-03 20:00:00,74.41,1.961,102.15
SENSOR-00000739,MCH-001-02-01,2026-01-04 00:00:00,75.49,2.349,102.35
SENSOR-00000740,MCH-001-02-01,2026-01-04 04:00:00,73.54,2.149,98.17
SENSOR-00000741,MCH-001-02-01,2026-01-04 08:00:00,64.5,2.252,100.56
SENSOR-00000742,MCH-001-02-01,2026-01-04 12:00:00,74.32,1.833,101.94
SENSOR-00000743,MCH-001-02-01,2026-01-04 16:00:00,80.31,2.187,99.82
SENSOR-00000744,MCH-001-02-01,2026-01-04 20:00:00,73.33,2.675,96.93
SENSOR-00000745,MCH-001-02-01,2026-01-05 00:00:00,69.8,1.723,104.19
SENSOR-00000746,MCH-001-02-01,2026-01-05 04:00:00,75.96,2.772,95.83
SENSOR-00000747,MCH-001-02-01,2026-01-05 08:00:00,77.92,2.185,102.42
SENSOR-00000748,MCH-001-02-01,2026-01-05 12:00:00,65.5,2.534,102.36
SENSOR-00000749,MCH-001-02-01,2026-01-05 16:00:00,71.93,2.328,97.7
SENSOR-00000750,MCH-001-02-01,2026-01-05 20:00:00,69.77,2.051,94.44
SENSOR-00000751,MCH-001-02-01,2026-01-06 00:00:00,76.3,2.151,106.07
SENSOR-00000752,MCH-001-02-01,2026-01-06 04:00:00,72.27,1.936,103.68
SENSOR-00000753,MCH-001-02-01,2026-01-06 08:00:00,74.61,2.349,103.57
SENSOR-00000754,MCH-001-02-01,2026-01-06 12:00:00,69.48,2.135,99.49
SENSOR-00000755,MCH-001-02-01,2026-01-06 16:00:00,66.93,2.101,104.01
SENSOR-00000756,MCH-001-02-01,2026-01-06 20:00:00,73.04,1.831,95.33
SENSOR-00000757,MCH-001-02-01,2026-01-07 00:00:00,72.3,2.525,100.77
SENSOR-00000758,MCH-001-02-01,2026-01-07 04:00:00,75.5,2.347,101.87
SENSOR-00000759,MCH-001-02-01,2026-01-07 08:00:00,73.48,2.109,105.75
SENSOR-00000760,MCH-001-02-01,2026-01-07 12:00:00,68.46,2.168,100.04
SENSOR-00000761,MCH-001-02-01,2026-01-07 16:00:00,73.7,2.06,100.94
SENSOR-00000762,MCH-001-02-01,2026-01-07 20:00:00,71.41,1.772,100.03
SENSOR-00000763,MCH-001-02-01,2026-01-08 00:00:00,74.53,1.995,100.24
SENSOR-00000764,MCH-001-02-01,2026-01-08 04:00:00,69.56,2.308,100.41
SENSOR-00000765,MCH-001-02-01,2026-01-08 08:00:00,70.3,1.905,100.8
SENSOR-00000766,MCH-001-02-01,2026-01-08 12:00:00,67.24,2.274,107.88
SENSOR-00000767,MCH-001-02-01,2026-01-08 16:00:00,77.49,2.347,99.74
SENSOR-00000768,MCH-001-02-01,2026-01-08 20:00:00,64.33,1.837,103.85
SENSOR-00000769,MCH-001-02-01,2026-01-09 00:00:00,71.16,2.122,101.79
SENSOR-00000770,MCH-001-02-01,2026-01-09 04:00:00,71.52,2.098,101.41
SENSOR-00000771,MCH-001-02-01,2026-01-09 08:00:00,74.76,2.13,100.24
SENSOR-00000772,MCH-001-02-01,2026-01-09 12:00:00,68.96,1.952,102.31
SENSOR-00000773,MCH-001-02-01,2026-01-09 16:00:00,73.87,2.281,100.84
SENSOR-00000774,MCH-001-02-01,2026-01-09 20:00:00,72.27,2.341,102.81
SENSOR-00000775,MCH-001-02-01,2026-01-10 00:00:00,70.59,2.185,98.66
SENSOR-00000776,MCH-001-02-01,2026-01-10 04:00:00,70.14,2.553,97.98
SENSOR-00000777,MCH-001-02-01,2026-01-10 08:00:00,70.19,1.77,97.73
SENSOR-00000778,MCH-001-02-01,2026-01-10 12:00:00,65.26,2.325,108.4
SENSOR-00000779,MCH-001-02-01,2026-01-10 16:00:00,70.62,1.75,102.7
SENSOR-00000780,MCH-001-02-01,2026-01-10 20:00:00,69.18,2.492,99.15
SENSOR-00000781,MCH-001-02-01,2026-01-11 00:00:00,70.31,2.357,100.91
SENSOR-00000782,MCH-001-02-01,2026-01-11 04:00:00,74.45,2.151,103.51
SENSOR-00000783,MCH-001-02-01,2026-01-11 08:00:00,75.79,2.279,102.78
SENSOR-00000784,MCH-001-02-01,2026-01-11 12:00:00,75.09,2.057,95.97
SENSOR-00000785,MCH-001-02-01,2026-01-11 16:00:00,73.77,2.304,103.27
SENSOR-00000786,MCH-001-02-01,2026-01-11 20:00:00,68.34,1.941,101.38
SENSOR-00000787,MCH-001-02-01,2026-01-12 00:00:00,70.77,2.178,105.34
SENSOR-00000788,MCH-001-02-01,2026-01-12 04:00:00,70.12,2.048,104.65
SENSOR-00000789,MCH-001-02-01,2026-01-12 08:00:00,70.59,2.348,95.57
SENSOR-00000790,MCH-001-02-01,2026-01-12 12:00:00,71.4,1.752,96.83
SENSOR-00000791,MCH-001-02-01,2026-01-12 16:00:00,75.45,2.155,99.04
SENSOR-00000792,MCH-001-02-01,2026-01-12 20:00:00,69.09,2.112,100.9
SENSOR-00000793,MCH-001-02-01,2026-01-13 00:00:00,69.98,2.106,103.45
SENSOR-00000794,MCH-001-02-01,2026-01-13 04:00:00,69.16,2.151,100.55
SENSOR-00000795,MCH-001-02-01,2026-01-13 08:00:00,78.33,2.092,102.88
SENSOR-00000796,MCH-001-02-01,2026-01-13 12:00:00,77.02,2.151,99.37
SENSOR-00000797,MCH-001-02-01,2026-01-13 16:00:00,70.77,2.103,102.56
SENSOR-00000798,MCH-001-02-01,2026-01-13 20:00:00,73.01,2.226,96.62
SENSOR-00000799,MCH-001-02-01,2026-01-14 00:00:00,66.56,2.145,100.89
SENSOR-00000800,MCH-001-02-01,2026-01-14 04:00:00,79.49,2.189,93.0
SENSOR-00000801,MCH-001-02-01,2026-01-14 08:00:00,71.71,2.852,102.6
SENSOR-00000802,MCH-001-02-01,2026-01-14 12:00:00,68.85,2.315,97.77
SENSOR-00000803,MCH-001-02-01,2026-01-14 16:00:00,66.67,2.08,100.27
SENSOR-00000804,MCH-001-02-01,2026-01-14 20:00:00,64.6,1.88,100.03
SENSOR-00000805,MCH-001-02-01,2026-01-15 00:00:00,73.76,2.583,100.95
SENSOR-00000806,MCH-001-02-01,2026-01-15 04:00:00,74.34,2.172,96.92
SENSOR-00000807,MCH-001-02-01,2026-01-15 08:00:00,70.13,1.864,96.16
SENSOR-00000808,MCH-001-02-01,2026-01-15 12:00:00,73.7,1.886,100.96
SENSOR-00000809,MCH-001-02-01,2026-01-15 16:00:00,66.88,2.241,98.53
SENSOR-00000810,MCH-001-02-01,2026-01-15 20:00:00,77.72,2.248,103.71
SENSOR-00000811,MCH-001-02-01,2026-01-16 00:00:00,67.86,2.324,95.2
SENSOR-00000812,MCH-001-02-01,2026-01-16 04:00:00,66.62,2.615,98.09
SENSOR-00000813,MCH-001-02-01,2026-01-16 08:00:00,73.37,2.328,101.99
SENSOR-00000814,MCH-001-02-01,2026-01-16 12:00:00,66.0,2.109,95.15
SENSOR-00000815,MCH-001-02-01,2026-01-16 16:00:00,81.87,1.768,96.86
SENSOR-00000816,MCH-001-02-01,2026-01-16 20:00:00,67.93,1.793,104.06
SENSOR-00000817,MCH-001-02-01,2026-01-17 00:00:00,73.67,2.248,99.05
SENSOR-00000818,MCH-001-02-01,2026-01-17 04:00:00,67.68,2.334,100.04
SENSOR-00000819,MCH-001-02-01,2026-01-17 08:00:00,75.64,2.365,95.73
SENSOR-00000820,MCH-001-02-01,2026-01-17 12:00:00,66.35,1.978,96.83
SENSOR-00000821,MCH-001-02-01,2026-01-17 16:00:00,75.11,2.255,103.3
SENSOR-00000822,MCH-001-02-01,2026-01-17 20:00:00,73.67,2.219,103.6
SENSOR-00000823,MCH-001-02-01,2026-01-18 00:00:00,77.04,2.154,103.92
SENSOR-00000824,MCH-001-02-01,2026-01-18 04:00:00,64.21,2.153,99.88
SENSOR-00000825,MCH-001-02-01,2026-01-18 08:00:00,69.18,2.763,99.8
SENSOR-00000826,MCH-001-02-01,2026-01-18 12:00:00,70.46,2.174,93.99
SENSOR-00000827,MCH-001-02-01,2026-01-18 16:00:00,69.05,2.413,98.11
SENSOR-00000828,MCH-001-02-01,2026-01-18 20:00:00,68.77,2.495,104.02
SENSOR-00000829,MCH-001-02-01,2026-01-19 00:00:00,65.83,2.222,100.7
SENSOR-00000830,MCH-001-02-01,2026-01-19 04:00:00,78.89,2.0,100.89
SENSOR-00000831,MCH-001-02-01,2026-01-19 08:00:00,73.34,2.104,102.23
SENSOR-00000832,MCH-001-02-01,2026-01-19 12:00:00,75.19,2.249,99.23
SENSOR-00000833,MCH-001-02-01,2026-01-19 16:00:00,70.66,1.825,97.58
SENSOR-00000834,MCH-001-02-01,2026-01-19 20:00:00,69.6,1.886,101.32
SENSOR-00000835,MCH-001-02-01,2026-01-20 00:00:00,69.49,1.854,100.76
SENSOR-00000836,MCH-001-02-01,2026-01-20 04:00:00,75.67,2.235,106.72
SENSOR-00000837,MCH-001-02-01,2026-01-20 08:00:00,77.81,2.09,99.05
SENSOR-00000838,MCH-001-02-01,2026-01-20 12:00:00,73.97,1.958,103.5
SENSOR-00000839,MCH-001-02-01,2026-01-20 16:00:00,73.54,2.231,102.06
SENSOR-00000840,MCH-001-02-01,2026-01-20 20:00:00,78.98,2.21,99.66
SENSOR-00000841,MCH-001-02-01,2026-01-21 00:00:00,68.54,1.926,98.07
SENSOR-00000842,MCH-001-02-01,2026-01-21 04:00:00,74.63,2.125,100.59
SENSOR-00000843,MCH-001-02-01,2026-01-21 08:00:00,67.19,2.052,101.76
SENSOR-00000844,MCH-001-02-01,2026-01-21 12:00:00,74.47,1.986,100.48
SENSOR-00000845,MCH-001-02-01,2026-01-21 16:00:00,80.88,2.163,97.92
SENSOR-00000846,MCH-001-02-01,2026-01-21 20:00:00,71.39,2.19,99.55
SENSOR-00000847,MCH-001-02-01,2026-01-22 00:00:00,75.65,2.142,101.2
SENSOR-00000848,MCH-001-02-01,2026-01-22 04:00:00,69.92,2.31,101.13
SENSOR-00000849,MCH-001-02-01,2026-01-22 08:00:00,75.55,2.345,101.77
SENSOR-00000850,MCH-001-02-01,2026-01-22 12:00:00,71.7,2.228,103.19
SENSOR-00000851,MCH-001-02-01,2026-01-22 16:00:00,69.48,2.01,100.54
SENSOR-00000852,MCH-001-02-01,2026-01-22 20:00:00,73.75,1.961,99.78
SENSOR-00000853,MCH-001-02-01,2026-01-23 00:00:00,70.05,2.444,102.58
SENSOR-00000854,MCH-001-02-01,2026-01-23 04:00:00,72.4,2.074,103.08
SENSOR-00000855,MCH-001-02-01,2026-01-23 08:00:00,72.01,1.963,94.85
SENSOR-00000856,MCH-001-02-01,2026-01-23 12:00:00,70.32,2.356,106.83
SENSOR-00000857,MCH-001-02-01,2026-01-23 16:00:00,72.34,1.976,96.45
SENSOR-00000858,MCH-001-02-01,2026-01-23 20:00:00,74.3,1.726,101.65
SENSOR-00000859,MCH-001-02-01,2026-01-24 00:00:00,77.19,2.534,100.09
SENSOR-00000860,MCH-001-02-01,2026-01-24 04:00:00,74.32,2.307,98.07
SENSOR-00000861,MCH-001-02-01,2026-01-24 08:00:00,74.28,1.965,98.17
SENSOR-00000862,MCH-001-02-01,2026-01-24 12:00:00,76.6,2.411,97.88
SENSOR-00000863,MCH-001-02-01,2026-01-24 16:00:00,69.15,2.006,102.2
SENSOR-00000864,MCH-001-02-01,2026-01-24 20:00:00,68.09,2.256,102.24
SENSOR-00000865,MCH-001-02-01,2026-01-25 00:00:00,77.62,2.218,96.97
SENSOR-00000866,MCH-001-02-01,2026-01-25 04:00:00,73.31,2.131,110.36
SENSOR-00000867,MCH-001-02-01,2026-01-25 08:00:00,73.23,2.072,104.26
SENSOR-00000868,MCH-001-02-01,2026-01-25 12:00:00,64.72,2.191,105.98
SENSOR-00000869,MCH-001-02-01,2026-01-25 16:00:00,71.62,1.734,98.81
SENSOR-00000870,MCH-001-02-01,2026-01-25 20:00:00,77.91,2.261,97.48
SENSOR-00000871,MCH-001-02-01,2026-01-26 00:00:00,71.19,2.243,96.59
SENSOR-00000872,MCH-001-02-01,2026-01-26 04:00:00,67.99,2.144,101.51
SENSOR-00000873,MCH-001-02-01,2026-01-26 08:00:00,76.34,2.319,100.22
SENSOR-00000874,MCH-001-02-01,2026-01-26 12:00:00,69.1,1.899,98.47
SENSOR-00000875,MCH-001-02-01,2026-01-26 16:00:00,73.73,2.251,93.7
SENSOR-00000876,MCH-001-02-01,2026-01-26 20:00:00,68.95,2.468,100.24
SENSOR-00000877,MCH-001-02-01,2026-01-27 00:00:00,76.1,2.373,101.73
SENSOR-00000878,MCH-001-02-01,2026-01-27 04:00:00,68.08,2.487,97.47
SENSOR-00000879,MCH-001-02-01,2026-01-27 08:00:00,73.22,1.757,93.88
SENSOR-00000880,MCH-001-02-01,2026-01-27 12:00:00,73.36,1.965,94.03
SENSOR-00000881,MCH-001-02-01,2026-01-27 16:00:00,74.25,2.697,104.17
SENSOR-00000882,MCH-001-02-01,2026-01-27 20:00:00,71.06,2.169,102.66
SENSOR-00000883,MCH-001-02-01,2026-01-28 00:00:00,76.93,2.286,105.16
SENSOR-00000884,MCH-001-02-01,2026-01-28 04:00:00,70.54,2.573,101.63
SENSOR-00000885,MCH-001-02-01,2026-01-28 08:00:00,85.17,1.869,97.93
SENSOR-00000886,MCH-001-02-01,2026-01-28 12:00:00,73.76,2.266,105.85
SENSOR-00000887,MCH-001-02-01,2026-01-28 16:00:00,69.42,2.393,103.49
SENSOR-00000888,MCH-001-02-01,2026-01-28 20:00:00,74.91,1.927,104.22
SENSOR-00000889,MCH-001-02-01,2026-01-29 00:00:00,67.89,1.979,100.67
SENSOR-00000890,MCH-001-02-01,2026-01-29 04:00:00,71.98,2.221,101.5
SENSOR-00000891,MCH-001-02-01,2026-01-29 08:00:00,69.58,2.534,99.2
SENSOR-00000892,MCH-001-02-01,2026-01-29 12:00:00,70.36,2.288,94.49
SENSOR-00000893,MCH-001-02-01,2026-01-29 16:00:00,68.93,2.412,94.79
SENSOR-00000894,MCH-001-02-01,2026-01-29 20:00:00,76.56,2.545,98.89
SENSOR-00000895,MCH-001-02-01,2026-01-30 00:00:00,73.46,2.457,99.45
SENSOR-00000896,MCH-001-02-01,2026-01-30 04:00:00,67.0,1.896,101.18
SENSOR-00000897,MCH-001-02-01,2026-01-30 08:00:00,79.47,2.266,98.84
SENSOR-00000898,MCH-001-02-01,2026-01-30 12:00:00,75.15,2.107,98.87
SENSOR-00000899,MCH-001-02-01,2026-01-30 16:00:00,68.26,2.519,92.38
SENSOR-00000900,MCH-001-02-01,2026-01-30 20:00:00,75.28,2.051,98.77
SENSOR-00000901,MCH-001-02-02,2026-01-01 00:00:00,82.28,3.072,99.22
SENSOR-00000902,MCH-001-02-02,2026-01-01 04:00:00,79.35,3.378,99.44
SENSOR-00000903,MCH-001-02-02,2026-01-01 08:00:00,80.21,3.233,97.83
SENSOR-00000904,MCH-001-02-02,2026-01-01 12:00:00,79.61,2.961,100.0
SENSOR-00000905,MCH-001-02-02,2026-01-01 16:00:00,83.02,3.482,101.01
SENSOR-00000906,MCH-001-02-02,2026-01-01 20:00:00,72.47,3.04,100.11
SENSOR-00000907,MCH-001-02-02,2026-01-02 00:00:00,82.39,2.585,100.35
SENSOR-00000908,MCH-001-02-02,2026-01-02 04:00:00,78.25,2.848,103.14
SENSOR-00000909,MCH-001-02-02,2026-01-02 08:00:00,83.87,3.101,94.69
SENSOR-00000910,MCH-001-02-02,2026-01-02 12:00:00,89.33,2.661,104.59
SENSOR-00000911,MCH-001-02-02,2026-01-02 16:00:00,86.07,3.103,97.44
SENSOR-00000912,MCH-001-02-02,2026-01-02 20:00:00,82.59,2.841,100.09
SENSOR-00000913,MCH-001-02-02,2026-01-03 00:00:00,84.06,2.909,96.56
SENSOR-00000914,MCH-001-02-02,2026-01-03 04:00:00,82.34,2.593,96.92
SENSOR-00000915,MCH-001-02-02,2026-01-03 08:00:00,78.98,3.17,98.91
SENSOR-00000916,MCH-001-02-02,2026-01-03 12:00:00,80.19,3.447,101.06
SENSOR-00000917,MCH-001-02-02,2026-01-03 16:00:00,83.34,2.866,98.21
SENSOR-00000918,MCH-001-02-02,2026-01-03 20:00:00,73.24,3.201,101.34
SENSOR-00000919,MCH-001-02-02,2026-01-04 00:00:00,73.17,2.58,99.6
SENSOR-00000920,MCH-001-02-02,2026-01-04 04:00:00,80.09,2.628,105.83
SENSOR-00000921,MCH-001-02-02,2026-01-04 08:00:00,83.23,3.077,97.92
SENSOR-00000922,MCH-001-02-02,2026-01-04 12:00:00,84.87,2.864,99.15
SENSOR-00000923,MCH-001-02-02,2026-01-04 16:00:00,84.43,2.552,104.79
SENSOR-00000924,MCH-001-02-02,2026-01-04 20:00:00,82.71,3.279,96.77
SENSOR-00000925,MCH-001-02-02,2026-01-05 00:00:00,80.12,2.787,104.64
SENSOR-00000926,MCH-001-02-02,2026-01-05 04:00:00,81.66,3.276,98.4
SENSOR-00000927,MCH-001-02-02,2026-01-05 08:00:00,82.96,2.945,94.91
SENSOR-00000928,MCH-001-02-02,2026-01-05 12:00:00,87.7,2.925,102.24
SENSOR-00000929,MCH-001-02-02,2026-01-05 16:00:00,78.98,2.918,97.4
SENSOR-00000930,MCH-001-02-02,2026-01-05 20:00:00,86.93,3.037,101.1
SENSOR-00000931,MCH-001-02-02,2026-01-06 00:00:00,76.42,2.912,95.52
SENSOR-00000932,MCH-001-02-02,2026-01-06 04:00:00,81.77,2.545,101.59
SENSOR-00000933,MCH-001-02-02,2026-01-06 08:00:00,83.5,3.436,102.54
SENSOR-00000934,MCH-001-02-02,2026-01-06 12:00:00,80.29,3.163,95.81
SENSOR-00000935,MCH-001-02-02,2026-01-06 16:00:00,78.13,3.042,93.53
SENSOR-00000936,MCH-001-02-02,2026-01-06 20:00:00,81.84,2.704,100.3
SENSOR-00000937,MCH-001-02-02,2026-01-07 00:00:00,79.5,2.892,98.27
SENSOR-00000938,MCH-001-02-02,2026-01-07 04:00:00,82.83,3.054,99.84
SENSOR-00000939,MCH-001-02-02,2026-01-07 08:00:00,86.33,2.805,102.96
SENSOR-00000940,MCH-001-02-02,2026-01-07 12:00:00,84.14,2.956,99.06
SENSOR-00000941,MCH-001-02-02,2026-01-07 16:00:00,91.69,2.755,100.89
SENSOR-00000942,MCH-001-02-02,2026-01-07 20:00:00,78.98,3.405,102.66
SENSOR-00000943,MCH-001-02-02,2026-01-08 00:00:00,82.9,2.974,98.08
SENSOR-00000944,MCH-001-02-02,2026-01-08 04:00:00,88.76,2.696,101.28
SENSOR-00000945,MCH-001-02-02,2026-01-08 08:00:00,80.7,3.399,97.29
SENSOR-00000946,MCH-001-02-02,2026-01-08 12:00:00,79.04,2.716,100.97
SENSOR-00000947,MCH-001-02-02,2026-01-08 16:00:00,76.49,2.839,93.54
SENSOR-00000948,MCH-001-02-02,2026-01-08 20:00:00,82.95,2.834,95.54
SENSOR-00000949,MCH-001-02-02,2026-01-09 00:00:00,81.31,3.277,97.75
SENSOR-00000950,MCH-001-02-02,2026-01-09 04:00:00,82.35,3.197,102.43
SENSOR-00000951,MCH-001-02-02,2026-01-09 08:00:00,81.35,2.887,94.78
SENSOR-00000952,MCH-001-02-02,2026-01-09 12:00:00,77.76,3.038,99.59
SENSOR-00000953,MCH-001-02-02,2026-01-09 16:00:00,82.28,3.219,96.44
SENSOR-00000954,MCH-001-02-02,2026-01-09 20:00:00,81.04,3.006,97.89
SENSOR-00000955,MCH-001-02-02,2026-01-10 00:00:00,83.19,2.682,102.07
SENSOR-00000956,MCH-001-02-02,2026-01-10 04:00:00,86.22,3.027,94.44
SENSOR-00000957,MCH-001-02-02,2026-01-10 08:00:00,78.12,3.1,100.06
SENSOR-00000958,MCH-001-02-02,2026-01-10 12:00:00,71.21,3.269,100.41
SENSOR-00000959,MCH-001-02-02,2026-01-10 16:00:00,78.71,3.208,97.97
SENSOR-00000960,MCH-001-02-02,2026-01-10 20:00:00,79.23,3.048,105.34
SENSOR-00000961,MCH-001-02-02,2026-01-11 00:00:00,83.99,2.988,90.78
SENSOR-00000962,MCH-001-02-02,2026-01-11 04:00:00,82.7,3.119,101.34
SENSOR-00000963,MCH-001-02-02,2026-01-11 08:00:00,81.57,3.369,100.93
SENSOR-00000964,MCH-001-02-02,2026-01-11 12:00:00,83.74,3.22,101.09
SENSOR-00000965,MCH-001-02-02,2026-01-11 16:00:00,78.39,2.349,98.57
SENSOR-00000966,MCH-001-02-02,2026-01-11 20:00:00,85.03,2.871,102.4
SENSOR-00000967,MCH-001-02-02,2026-01-12 00:00:00,81.27,3.171,104.64
SENSOR-00000968,MCH-001-02-02,2026-01-12 04:00:00,82.95,2.886,102.27
SENSOR-00000969,MCH-001-02-02,2026-01-12 08:00:00,85.46,2.869,100.99
SENSOR-00000970,MCH-001-02-02,2026-01-12 12:00:00,86.71,3.431,102.23
SENSOR-00000971,MCH-001-02-02,2026-01-12 16:00:00,82.16,2.945,101.67
SENSOR-00000972,MCH-001-02-02,2026-01-12 20:00:00,81.52,3.006,96.83
SENSOR-00000973,MCH-001-02-02,2026-01-13 00:00:00,70.74,2.708,108.19
SENSOR-00000974,MCH-001-02-02,2026-01-13 04:00:00,84.35,2.682,99.87
SENSOR-00000975,MCH-001-02-02,2026-01-13 08:00:00,82.25,3.17,105.52
SENSOR-00000976,MCH-001-02-02,2026-01-13 12:00:00,83.54,2.824,102.36
SENSOR-00000977,MCH-001-02-02,2026-01-13 16:00:00,79.19,2.7,94.72
SENSOR-00000978,MCH-001-02-02,2026-01-13 20:00:00,75.72,2.735,96.47
SENSOR-00000979,MCH-001-02-02,2026-01-14 00:00:00,85.51,2.954,99.87
SENSOR-00000980,MCH-001-02-02,2026-01-14 04:00:00,78.64,2.944,97.7
SENSOR-00000981,MCH-001-02-02,2026-01-14 08:00:00,82.66,2.9,97.17
SENSOR-00000982,MCH-001-02-02,2026-01-14 12:00:00,85.95,3.065,98.66
SENSOR-00000983,MCH-001-02-02,2026-01-14 16:00:00,82.57,2.938,97.4
SENSOR-00000984,MCH-001-02-02,2026-01-14 20:00:00,82.27,2.804,97.17
SENSOR-00000985,MCH-001-02-02,2026-01-15 00:00:00,78.84,2.319,98.66
SENSOR-00000986,MCH-001-02-02,2026-01-15 04:00:00,84.22,2.997,100.83
SENSOR-00000987,MCH-001-02-02,2026-01-15 08:00:00,87.27,3.054,102.4
SENSOR-00000988,MCH-001-02-02,2026-01-15 12:00:00,78.23,2.685,104.84
SENSOR-00000989,MCH-001-02-02,2026-01-15 16:00:00,82.39,2.803,98.14
SENSOR-00000990,MCH-001-02-02,2026-01-15 20:00:00,79.39,2.782,96.15
SENSOR-00000991,MCH-001-02-02,2026-01-16 00:00:00,83.43,3.138,99.72
SENSOR-00000992,MCH-001-02-02,2026-01-16 04:00:00,86.3,2.961,102.38
SENSOR-00000993,MCH-001-02-02,2026-01-16 08:00:00,80.03,2.506,100.81
SENSOR-00000994,MCH-001-02-02,2026-01-16 12:00:00,84.89,3.103,101.27
SENSOR-00000995,MCH-001-02-02,2026-01-16 16:00:00,80.59,2.757,101.66
SENSOR-00000996,MCH-001-02-02,2026-01-16 20:00:00,83.69,2.819,103.33
SENSOR-00000997,MCH-001-02-02,2026-01-17 00:00:00,78.36,2.946,98.93
SENSOR-00000998,MCH-001-02-02,2026-01-17 04:00:00,82.97,3.241,99.04
SENSOR-00000999,MCH-001-02-02,2026-01-17 08:00:00,77.75,3.04,99.02
SENSOR-00001000,MCH-001-02-02,2026-01-17 12:00:00,81.36,2.886,106.73
SENSOR-00001001,MCH-001-02-02,2026-01-17 16:00:00,73.02,2.862,99.99
SENSOR-00001002,MCH-001-02-02,2026-01-17 20:00:00,78.86,3.184,102.44
SENSOR-00001003,MCH-001-02-02,2026-01-18 00:00:00,74.99,3.175,100.75
SENSOR-00001004,MCH-001-02-02,2026-01-18 04:00:00,84.01,2.601,105.35
SENSOR-00001005,MCH-001-02-02,2026-01-18 08:00:00,79.55,3.001,102.56
SENSOR-00001006,MCH-001-02-02,2026-01-18 12:00:00,78.04,2.822,100.54
SENSOR-00001007,MCH-001-02-02,2026-01-18 16:00:00,93.41,3.034,104.82
SENSOR-00001008,MCH-001-02-02,2026-01-18 20:00:00,86.81,3.051,97.03
SENSOR-00001009,MCH-001-02-02,2026-01-19 00:00:00,78.58,2.632,99.79
SENSOR-00001010,MCH-001-02-02,2026-01-19 04:00:00,82.11,2.872,103.68
SENSOR-00001011,MCH-001-02-02,2026-01-19 08:00:00,78.58,3.037,100.2
SENSOR-00001012,MCH-001-02-02,2026-01-19 12:00:00,75.76,2.629,100.04
SENSOR-00001013,MCH-001-02-02,2026-01-19 16:00:00,89.91,3.104,94.82
SENSOR-00001014,MCH-001-02-02,2026-01-19 20:00:00,69.54,3.142,99.71
SENSOR-00001015,MCH-001-02-02,2026-01-20 00:00:00,81.93,3.202,98.61
SENSOR-00001016,MCH-001-02-02,2026-01-20 04:00:00,76.67,3.453,98.19
SENSOR-00001017,MCH-001-02-02,2026-01-20 08:00:00,79.71,2.942,100.2
SENSOR-00001018,MCH-001-02-02,2026-01-20 12:00:00,80.44,2.954,99.88
SENSOR-00001019,MCH-001-02-02,2026-01-20 16:00:00,82.68,2.369,105.64
SENSOR-00001020,MCH-001-02-02,2026-01-20 20:00:00,81.4,3.104,95.87
SENSOR-00001021,MCH-001-02-02,2026-01-21 00:00:00,74.43,2.63,94.16
SENSOR-00001022,MCH-001-02-02,2026-01-21 04:00:00,77.63,2.756,95.16
SENSOR-00001023,MCH-001-02-02,2026-01-21 08:00:00,79.05,2.455,96.95
SENSOR-00001024,MCH-001-02-02,2026-01-21 12:00:00,86.79,3.06,100.56
SENSOR-00001025,MCH-001-02-02,2026-01-21 16:00:00,77.97,2.575,96.58
SENSOR-00001026,MCH-001-02-02,2026-01-21 20:00:00,81.81,3.176,102.71
SENSOR-00001027,MCH-001-02-02,2026-01-22 00:00:00,76.12,2.798,98.41
SENSOR-00001028,MCH-001-02-02,2026-01-22 04:00:00,81.09,2.56,101.79
SENSOR-00001029,MCH-001-02-02,2026-01-22 08:00:00,84.65,3.086,97.39
SENSOR-00001030,MCH-001-02-02,2026-01-22 12:00:00,82.33,2.734,99.0
SENSOR-00001031,MCH-001-02-02,2026-01-22 16:00:00,90.6,2.983,96.44
SENSOR-00001032,MCH-001-02-02,2026-01-22 20:00:00,82.71,2.621,96.4
SENSOR-00001033,MCH-001-02-02,2026-01-23 00:00:00,83.75,2.872,100.68
SENSOR-00001034,MCH-001-02-02,2026-01-23 04:00:00,88.36,2.916,103.54
SENSOR-00001035,MCH-001-02-02,2026-01-23 08:00:00,84.22,2.592,96.69
SENSOR-00001036,MCH-001-02-02,2026-01-23 12:00:00,78.65,2.745,99.73
SENSOR-00001037,MCH-001-02-02,2026-01-23 16:00:00,84.44,3.273,100.92
SENSOR-00001038,MCH-001-02-02,2026-01-23 20:00:00,80.2,2.438,100.21
SENSOR-00001039,MCH-001-02-02,2026-01-24 00:00:00,78.88,3.084,101.07
SENSOR-00001040,MCH-001-02-02,2026-01-24 04:00:00,77.63,3.258,100.31
SENSOR-00001041,MCH-001-02-02,2026-01-24 08:00:00,75.07,2.946,100.84
SENSOR-00001042,MCH-001-02-02,2026-01-24 12:00:00,85.88,2.874,102.48
SENSOR-00001043,MCH-001-02-02,2026-01-24 16:00:00,82.73,2.63,95.75
SENSOR-00001044,MCH-001-02-02,2026-01-24 20:00:00,86.47,3.258,100.97
SENSOR-00001045,MCH-001-02-02,2026-01-25 00:00:00,84.78,2.72,101.11
SENSOR-00001046,MCH-001-02-02,2026-01-25 04:00:00,79.9,2.893,97.73
SENSOR-00001047,MCH-001-02-02,2026-01-25 08:00:00,81.34,3.431,104.16
SENSOR-00001048,MCH-001-02-02,2026-01-25 12:00:00,83.4,2.952,102.53
SENSOR-00001049,MCH-001-02-02,2026-01-25 16:00:00,86.5,2.751,99.77
SENSOR-00001050,MCH-001-02-02,2026-01-25 20:00:00,74.7,3.24,106.2
SENSOR-00001051,MCH-001-02-02,2026-01-26 00:00:00,80.35,2.681,99.0
SENSOR-00001052,MCH-001-02-02,2026-01-26 04:00:00,83.34,2.914,95.76
SENSOR-00001053,MCH-001-02-02,2026-01-26 08:00:00,85.94,2.274,98.66
SENSOR-00001054,MCH-001-02-02,2026-01-26 12:00:00,79.5,2.996,101.68
SENSOR-00001055,MCH-001-02-02,2026-01-26 16:00:00,86.49,2.781,101.76
SENSOR-00001056,MCH-001-02-02,2026-01-26 20:00:00,82.77,2.531,105.7
SENSOR-00001057,MCH-001-02-02,2026-01-27 00:00:00,83.7,3.228,98.97
SENSOR-00001058,MCH-001-02-02,2026-01-27 04:00:00,85.11,2.971,97.32
SENSOR-00001059,MCH-001-02-02,2026-01-27 08:00:00,80.95,2.884,97.91
SENSOR-00001060,MCH-001-02-02,2026-01-27 12:00:00,83.7,3.017,95.23
SENSOR-00001061,MCH-001-02-02,2026-01-27 16:00:00,75.38,3.065,97.55
SENSOR-00001062,MCH-001-02-02,2026-01-27 20:00:00,83.19,3.154,96.19
SENSOR-00001063,MCH-001-02-02,2026-01-28 00:00:00,85.52,2.765,103.28
SENSOR-00001064,MCH-001-02-02,2026-01-28 04:00:00,80.38,2.698,98.72
SENSOR-00001065,MCH-001-02-02,2026-01-28 08:00:00,71.49,2.929,99.49
SENSOR-00001066,MCH-001-02-02,2026-01-28 12:00:00,85.28,2.487,103.49
SENSOR-00001067,MCH-001-02-02,2026-01-28 16:00:00,85.27,3.272,99.84
SENSOR-00001068,MCH-001-02-02,2026-01-28 20:00:00,86.04,2.591,102.14
SENSOR-00001069,MCH-001-02-02,2026-01-29 00:00:00,87.47,3.185,96.85
SENSOR-00001070,MCH-001-02-02,2026-01-29 04:00:00,81.97,3.214,101.26
SENSOR-00001071,MCH-001-02-02,2026-01-29 08:00:00,82.58,3.233,97.81
SENSOR-00001072,MCH-001-02-02,2026-01-29 12:00:00,82.11,2.954,99.18
SENSOR-00001073,MCH-001-02-02,2026-01-29 16:00:00,80.43,2.977,100.1
SENSOR-00001074,MCH-001-02-02,2026-01-29 20:00:00,77.79,3.159,97.07
SENSOR-00001075,MCH-001-02-02,2026-01-30 00:00:00,89.64,2.889,103.72
SENSOR-00001076,MCH-001-02-02,2026-01-30 04:00:00,82.14,3.063,100.21
SENSOR-00001077,MCH-001-02-02,2026-01-30 08:00:00,85.38,2.787,97.05
SENSOR-00001078,MCH-001-02-02,2026-01-30 12:00:00,79.43,2.984,99.34
SENSOR-00001079,MCH-001-02-02,2026-01-30 16:00:00,84.83,3.285,97.07
SENSOR-00001080,MCH-001-02-02,2026-01-30 20:00:00,79.05,2.6,106.09
SENSOR-00001081,MCH-001-02-03,2026-01-01 00:00:00,74.18,2.442,104.82
SENSOR-00001082,MCH-001-02-03,2026-01-01 04:00:00,82.44,2.628,100.11
SENSOR-00001083,MCH-001-02-03,2026-01-01 08:00:00,75.0,2.884,98.86
SENSOR-00001084,MCH-001-02-03,2026-01-01 12:00:00,77.23,2.814,99.44
SENSOR-00001085,MCH-001-02-03,2026-01-01 16:00:00,77.33,2.664,102.39
SENSOR-00001086,MCH-001-02-03,2026-01-01 20:00:00,84.85,2.808,102.41
SENSOR-00001087,MCH-001-02-03,2026-01-02 00:00:00,83.76,2.727,100.24
SENSOR-00001088,MCH-001-02-03,2026-01-02 04:00:00,74.52,2.665,100.04
SENSOR-00001089,MCH-001-02-03,2026-01-02 08:00:00,72.8,2.527,99.03
SENSOR-00001090,MCH-001-02-03,2026-01-02 12:00:00,79.92,2.777,98.26
SENSOR-00001091,MCH-001-02-03,2026-01-02 16:00:00,80.14,2.616,91.39
SENSOR-00001092,MCH-001-02-03,2026-01-02 20:00:00,76.33,2.931,94.95
SENSOR-00001093,MCH-001-02-03,2026-01-03 00:00:00,83.69,2.827,97.37
SENSOR-00001094,MCH-001-02-03,2026-01-03 04:00:00,75.68,2.785,98.13
SENSOR-00001095,MCH-001-02-03,2026-01-03 08:00:00,69.8,2.648,95.56
SENSOR-00001096,MCH-001-02-03,2026-01-03 12:00:00,84.73,2.706,97.28
SENSOR-00001097,MCH-001-02-03,2026-01-03 16:00:00,75.47,2.189,96.7
SENSOR-00001098,MCH-001-02-03,2026-01-03 20:00:00,82.33,3.219,102.18
SENSOR-00001099,MCH-001-02-03,2026-01-04 00:00:00,75.61,2.494,99.76
SENSOR-00001100,MCH-001-02-03,2026-01-04 04:00:00,78.03,3.411,96.77
SENSOR-00001101,MCH-001-02-03,2026-01-04 08:00:00,79.18,2.816,100.0
SENSOR-00001102,MCH-001-02-03,2026-01-04 12:00:00,78.71,2.4,100.32
SENSOR-00001103,MCH-001-02-03,2026-01-04 16:00:00,80.31,2.743,101.71
SENSOR-00001104,MCH-001-02-03,2026-01-04 20:00:00,83.92,2.896,100.21
SENSOR-00001105,MCH-001-02-03,2026-01-05 00:00:00,74.27,2.563,95.99
SENSOR-00001106,MCH-001-02-03,2026-01-05 04:00:00,79.79,2.847,98.35
SENSOR-00001107,MCH-001-02-03,2026-01-05 08:00:00,76.52,2.796,97.86
SENSOR-00001108,MCH-001-02-03,2026-01-05 12:00:00,75.14,2.961,102.65
SENSOR-00001109,MCH-001-02-03,2026-01-05 16:00:00,80.68,2.893,94.07
SENSOR-00001110,MCH-001-02-03,2026-01-05 20:00:00,83.68,2.76,103.03
SENSOR-00001111,MCH-001-02-03,2026-01-06 00:00:00,86.45,2.505,99.28
SENSOR-00001112,MCH-001-02-03,2026-01-06 04:00:00,74.74,2.745,97.79
SENSOR-00001113,MCH-001-02-03,2026-01-06 08:00:00,77.53,2.874,97.9
SENSOR-00001114,MCH-001-02-03,2026-01-06 12:00:00,81.42,2.867,103.16
SENSOR-00001115,MCH-001-02-03,2026-01-06 16:00:00,78.83,3.472,103.16
SENSOR-00001116,MCH-001-02-03,2026-01-06 20:00:00,79.57,2.443,99.71
SENSOR-00001117,MCH-001-02-03,2026-01-07 00:00:00,81.88,2.786,101.59
SENSOR-00001118,MCH-001-02-03,2026-01-07 04:00:00,74.33,2.635,95.48
SENSOR-00001119,MCH-001-02-03,2026-01-07 08:00:00,70.26,2.847,97.74
SENSOR-00001120,MCH-001-02-03,2026-01-07 12:00:00,81.76,2.939,98.14
SENSOR-00001121,MCH-001-02-03,2026-01-07 16:00:00,80.63,2.496,94.46
SENSOR-00001122,MCH-001-02-03,2026-01-07 20:00:00,78.76,2.544,98.68
SENSOR-00001123,MCH-001-02-03,2026-01-08 00:00:00,75.21,2.893,105.31
SENSOR-00001124,MCH-001-02-03,2026-01-08 04:00:00,80.19,2.437,101.02
SENSOR-00001125,MCH-001-02-03,2026-01-08 08:00:00,87.98,2.687,104.39
SENSOR-00001126,MCH-001-02-03,2026-01-08 12:00:00,75.31,2.651,101.86
SENSOR-00001127,MCH-001-02-03,2026-01-08 16:00:00,79.86,2.47,97.57
SENSOR-00001128,MCH-001-02-03,2026-01-08 20:00:00,82.22,2.959,104.54
SENSOR-00001129,MCH-001-02-03,2026-01-09 00:00:00,77.56,2.655,103.22
SENSOR-00001130,MCH-001-02-03,2026-01-09 04:00:00,81.31,2.994,94.21
SENSOR-00001131,MCH-001-02-03,2026-01-09 08:00:00,79.28,2.835,95.42
SENSOR-00001132,MCH-001-02-03,2026-01-09 12:00:00,75.65,2.451,100.07
SENSOR-00001133,MCH-001-02-03,2026-01-09 16:00:00,84.78,3.167,97.56
SENSOR-00001134,MCH-001-02-03,2026-01-09 20:00:00,80.38,2.801,101.16
SENSOR-00001135,MCH-001-02-03,2026-01-10 00:00:00,79.07,2.692,93.95
SENSOR-00001136,MCH-001-02-03,2026-01-10 04:00:00,77.95,2.494,96.44
SENSOR-00001137,MCH-001-02-03,2026-01-10 08:00:00,84.01,2.788,99.91
SENSOR-00001138,MCH-001-02-03,2026-01-10 12:00:00,76.01,2.736,102.97
SENSOR-00001139,MCH-001-02-03,2026-01-10 16:00:00,74.96,2.66,102.6
SENSOR-00001140,MCH-001-02-03,2026-01-10 20:00:00,70.53,2.647,98.71
SENSOR-00001141,MCH-001-02-03,2026-01-11 00:00:00,85.4,2.849,100.92
SENSOR-00001142,MCH-001-02-03,2026-01-11 04:00:00,78.01,2.506,100.23
SENSOR-00001143,MCH-001-02-03,2026-01-11 08:00:00,81.86,2.658,99.05
SENSOR-00001144,MCH-001-02-03,2026-01-11 12:00:00,77.27,2.91,103.68
SENSOR-00001145,MCH-001-02-03,2026-01-11 16:00:00,75.6,2.494,101.14
SENSOR-00001146,MCH-001-02-03,2026-01-11 20:00:00,84.38,2.948,96.24
SENSOR-00001147,MCH-001-02-03,2026-01-12 00:00:00,80.02,2.955,94.71
SENSOR-00001148,MCH-001-02-03,2026-01-12 04:00:00,83.02,2.583,102.19
SENSOR-00001149,MCH-001-02-03,2026-01-12 08:00:00,72.98,2.663,100.71
SENSOR-00001150,MCH-001-02-03,2026-01-12 12:00:00,82.89,2.265,100.09
SENSOR-00001151,MCH-001-02-03,2026-01-12 16:00:00,73.93,2.788,102.33
SENSOR-00001152,MCH-001-02-03,2026-01-12 20:00:00,83.42,2.528,102.78
SENSOR-00001153,MCH-001-02-03,2026-01-13 00:00:00,77.56,2.651,102.15
SENSOR-00001154,MCH-001-02-03,2026-01-13 04:00:00,75.76,2.49,100.3
SENSOR-00001155,MCH-001-02-03,2026-01-13 08:00:00,82.29,3.233,95.48
SENSOR-00001156,MCH-001-02-03,2026-01-13 12:00:00,79.53,2.39,103.06
SENSOR-00001157,MCH-001-02-03,2026-01-13 16:00:00,74.51,2.493,98.23
SENSOR-00001158,MCH-001-02-03,2026-01-13 20:00:00,77.96,2.742,101.45
SENSOR-00001159,MCH-001-02-03,2026-01-14 00:00:00,83.45,2.702,99.4
SENSOR-00001160,MCH-001-02-03,2026-01-14 04:00:00,74.79,3.101,96.91
SENSOR-00001161,MCH-001-02-03,2026-01-14 08:00:00,75.37,2.804,94.43
SENSOR-00001162,MCH-001-02-03,2026-01-14 12:00:00,83.37,2.818,102.7
SENSOR-00001163,MCH-001-02-03,2026-01-14 16:00:00,80.5,2.621,96.81
SENSOR-00001164,MCH-001-02-03,2026-01-14 20:00:00,77.71,2.418,101.46
SENSOR-00001165,MCH-001-02-03,2026-01-15 00:00:00,79.35,2.396,97.36
SENSOR-00001166,MCH-001-02-03,2026-01-15 04:00:00,80.81,2.883,97.04
SENSOR-00001167,MCH-001-02-03,2026-01-15 08:00:00,80.95,2.528,100.05
SENSOR-00001168,MCH-001-02-03,2026-01-15 12:00:00,83.94,2.863,102.39
SENSOR-00001169,MCH-001-02-03,2026-01-15 16:00:00,85.9,2.486,97.04
SENSOR-00001170,MCH-001-02-03,2026-01-15 20:00:00,75.38,2.598,92.94
SENSOR-00001171,MCH-001-02-03,2026-01-16 00:00:00,69.37,2.389,97.77
SENSOR-00001172,MCH-001-02-03,2026-01-16 04:00:00,78.57,2.425,98.46
SENSOR-00001173,MCH-001-02-03,2026-01-16 08:00:00,73.37,2.704,101.28
SENSOR-00001174,MCH-001-02-03,2026-01-16 12:00:00,79.88,2.665,95.38
SENSOR-00001175,MCH-001-02-03,2026-01-16 16:00:00,75.79,2.56,98.79
SENSOR-00001176,MCH-001-02-03,2026-01-16 20:00:00,78.57,3.018,102.44
SENSOR-00001177,MCH-001-02-03,2026-01-17 00:00:00,78.12,2.482,101.83
SENSOR-00001178,MCH-001-02-03,2026-01-17 04:00:00,78.1,2.703,101.07
SENSOR-00001179,MCH-001-02-03,2026-01-17 08:00:00,73.65,2.438,93.37
SENSOR-00001180,MCH-001-02-03,2026-01-17 12:00:00,80.53,2.358,100.4
SENSOR-00001181,MCH-001-02-03,2026-01-17 16:00:00,79.75,2.812,96.39
SENSOR-00001182,MCH-001-02-03,2026-01-17 20:00:00,78.01,3.079,105.14
SENSOR-00001183,MCH-001-02-03,2026-01-18 00:00:00,75.95,2.326,104.87
SENSOR-00001184,MCH-001-02-03,2026-01-18 04:00:00,88.23,2.773,96.03
SENSOR-00001185,MCH-001-02-03,2026-01-18 08:00:00,75.18,2.789,104.02
SENSOR-00001186,MCH-001-02-03,2026-01-18 12:00:00,73.42,2.63,100.59
SENSOR-00001187,MCH-001-02-03,2026-01-18 16:00:00,81.73,2.576,95.31
SENSOR-00001188,MCH-001-02-03,2026-01-18 20:00:00,80.75,2.943,99.75
SENSOR-00001189,MCH-001-02-03,2026-01-19 00:00:00,78.9,2.52,102.35
SENSOR-00001190,MCH-001-02-03,2026-01-19 04:00:00,77.52,2.413,100.2
SENSOR-00001191,MCH-001-02-03,2026-01-19 08:00:00,78.95,2.895,101.18
SENSOR-00001192,MCH-001-02-03,2026-01-19 12:00:00,80.11,2.742,99.44
SENSOR-00001193,MCH-001-02-03,2026-01-19 16:00:00,75.4,2.734,99.0
SENSOR-00001194,MCH-001-02-03,2026-01-19 20:00:00,85.03,2.997,101.9
SENSOR-00001195,MCH-001-02-03,2026-01-20 00:00:00,75.5,2.491,104.35
SENSOR-00001196,MCH-001-02-03,2026-01-20 04:00:00,81.35,2.564,99.68
SENSOR-00001197,MCH-001-02-03,2026-01-20 08:00:00,77.86,2.669,101.42
SENSOR-00001198,MCH-001-02-03,2026-01-20 12:00:00,88.41,2.709,101.99
SENSOR-00001199,MCH-001-02-03,2026-01-20 16:00:00,71.52,2.54,103.69
SENSOR-00001200,MCH-001-02-03,2026-01-20 20:00:00,79.88,1.564,102.02
SENSOR-00001201,MCH-001-02-03,2026-01-21 00:00:00,82.87,2.752,101.75
SENSOR-00001202,MCH-001-02-03,2026-01-21 04:00:00,76.62,2.196,102.08
SENSOR-00001203,MCH-001-02-03,2026-01-21 08:00:00,85.27,2.944,94.04
SENSOR-00001204,MCH-001-02-03,2026-01-21 12:00:00,72.21,2.45,95.22
SENSOR-00001205,MCH-001-02-03,2026-01-21 16:00:00,78.45,2.76,95.71
SENSOR-00001206,MCH-001-02-03,2026-01-21 20:00:00,81.38,2.812,98.36
SENSOR-00001207,MCH-001-02-03,2026-01-22 00:00:00,77.89,2.741,99.44
SENSOR-00001208,MCH-001-02-03,2026-01-22 04:00:00,75.68,2.792,98.33
SENSOR-00001209,MCH-001-02-03,2026-01-22 08:00:00,79.81,2.669,99.09
SENSOR-00001210,MCH-001-02-03,2026-01-22 12:00:00,76.96,2.534,95.06
SENSOR-00001211,MCH-001-02-03,2026-01-22 16:00:00,79.8,2.719,102.55
SENSOR-00001212,MCH-001-02-03,2026-01-22 20:00:00,76.14,3.135,98.86
SENSOR-00001213,MCH-001-02-03,2026-01-23 00:00:00,76.86,2.594,104.31
SENSOR-00001214,MCH-001-02-03,2026-01-23 04:00:00,80.9,3.212,100.75
SENSOR-00001215,MCH-001-02-03,2026-01-23 08:00:00,76.68,2.509,94.46
SENSOR-00001216,MCH-001-02-03,2026-01-23 12:00:00,77.15,2.948,101.8
SENSOR-00001217,MCH-001-02-03,2026-01-23 16:00:00,78.35,2.413,100.68
SENSOR-00001218,MCH-001-02-03,2026-01-23 20:00:00,82.32,2.769,100.5
SENSOR-00001219,MCH-001-02-03,2026-01-24 00:00:00,80.16,2.7,102.39
SENSOR-00001220,MCH-001-02-03,2026-01-24 04:00:00,78.34,3.456,100.45
SENSOR-00001221,MCH-001-02-03,2026-01-24 08:00:00,79.05,2.234,98.37
SENSOR-00001222,MCH-001-02-03,2026-01-24 12:00:00,82.86,2.328,93.53
SENSOR-00001223,MCH-001-02-03,2026-01-24 16:00:00,78.4,3.004,100.13
SENSOR-00001224,MCH-001-02-03,2026-01-24 20:00:00,76.92,2.197,101.36
SENSOR-00001225,MCH-001-02-03,2026-01-25 00:00:00,81.74,2.207,95.5
SENSOR-00001226,MCH-001-02-03,2026-01-25 04:00:00,75.32,2.629,101.16
SENSOR-00001227,MCH-001-02-03,2026-01-25 08:00:00,79.57,2.941,103.45
SENSOR-00001228,MCH-001-02-03,2026-01-25 12:00:00,74.78,2.721,97.46
SENSOR-00001229,MCH-001-02-03,2026-01-25 16:00:00,77.52,2.742,89.77
SENSOR-00001230,MCH-001-02-03,2026-01-25 20:00:00,87.91,2.803,98.21
SENSOR-00001231,MCH-001-02-03,2026-01-26 00:00:00,82.71,3.296,100.95
SENSOR-00001232,MCH-001-02-03,2026-01-26 04:00:00,78.74,2.704,103.93
SENSOR-00001233,MCH-001-02-03,2026-01-26 08:00:00,75.87,2.592,95.39
SENSOR-00001234,MCH-001-02-03,2026-01-26 12:00:00,73.53,2.532,99.83
SENSOR-00001235,MCH-001-02-03,2026-01-26 16:00:00,85.35,2.796,97.26
SENSOR-00001236,MCH-001-02-03,2026-01-26 20:00:00,75.36,3.005,103.38
SENSOR-00001237,MCH-001-02-03,2026-01-27 00:00:00,76.39,2.313,102.1
SENSOR-00001238,MCH-001-02-03,2026-01-27 04:00:00,82.74,2.584,98.87
SENSOR-00001239,MCH-001-02-03,2026-01-27 08:00:00,74.42,2.624,98.31
SENSOR-00001240,MCH-001-02-03,2026-01-27 12:00:00,74.22,3.135,101.4
SENSOR-00001241,MCH-001-02-03,2026-01-27 16:00:00,80.56,2.882,102.31
SENSOR-00001242,MCH-001-02-03,2026-01-27 20:00:00,76.62,2.73,99.19
SENSOR-00001243,MCH-001-02-03,2026-01-28 00:00:00,73.83,2.714,100.61
SENSOR-00001244,MCH-001-02-03,2026-01-28 04:00:00,75.02,2.618,94.06
SENSOR-00001245,MCH-001-02-03,2026-01-28 08:00:00,81.97,2.469,99.9
SENSOR-00001246,MCH-001-02-03,2026-01-28 12:00:00,72.56,2.516,99.16
SENSOR-00001247,MCH-001-02-03,2026-01-28 16:00:00,78.22,2.781,104.32
SENSOR-00001248,MCH-001-02-03,2026-01-28 20:00:00,81.2,2.902,104.34
SENSOR-00001249,MCH-001-02-03,2026-01-29 00:00:00,78.18,2.946,103.95
SENSOR-00001250,MCH-001-02-03,2026-01-29 04:00:00,83.07,2.963,96.89
SENSOR-00001251,MCH-001-02-03,2026-01-29 08:00:00,80.2,2.51,95.05
SENSOR-00001252,MCH-001-02-03,2026-01-29 12:00:00,77.12,2.993,101.38
SENSOR-00001253,MCH-001-02-03,2026-01-29 16:00:00,86.34,2.706,107.34
SENSOR-00001254,MCH-001-02-03,2026-01-29 20:00:00,78.98,2.667,96.16
SENSOR-00001255,MCH-001-02-03,2026-01-30 00:00:00,81.4,3.05,101.1
SENSOR-00001256,MCH-001-02-03,2026-01-30 04:00:00,86.17,2.886,99.3
SENSOR-00001257,MCH-001-02-03,2026-01-30 08:00:00,81.58,3.088,105.99
SENSOR-00001258,MCH-001-02-03,2026-01-30 12:00:00,83.02,2.668,99.35
SENSOR-00001259,MCH-001-02-03,2026-01-30 16:00:00,80.57,3.08,101.3
SENSOR-00001260,MCH-001-02-03,2026-01-30 20:00:00,80.09,2.674,99.02
SENSOR-00001261,MCH-001-02-04,2026-01-01 00:00:00,84.64,3.14,100.61
SENSOR-00001262,MCH-001-02-04,2026-01-01 04:00:00,81.47,2.696,101.58
SENSOR-00001263,MCH-001-02-04,2026-01-01 08:00:00,80.43,2.749,100.41
SENSOR-00001264,MCH-001-02-04,2026-01-01 12:00:00,80.98,2.661,99.27
SENSOR-00001265,MCH-001-02-04,2026-01-01 16:00:00,86.01,3.412,96.39
SENSOR-00001266,MCH-001-02-04,2026-01-01 20:00:00,74.14,2.495,99.69
SENSOR-00001267,MCH-001-02-04,2026-01-02 00:00:00,82.23,2.795,101.83
SENSOR-00001268,MCH-001-02-04,2026-01-02 04:00:00,71.82,2.363,101.99
SENSOR-00001269,MCH-001-02-04,2026-01-02 08:00:00,68.06,3.04,94.53
SENSOR-00001270,MCH-001-02-04,2026-01-02 12:00:00,82.55,2.512,103.15
SENSOR-00001271,MCH-001-02-04,2026-01-02 16:00:00,92.01,2.166,102.09
SENSOR-00001272,MCH-001-02-04,2026-01-02 20:00:00,71.94,2.841,99.38
SENSOR-00001273,MCH-001-02-04,2026-01-03 00:00:00,78.91,3.211,103.66
SENSOR-00001274,MCH-001-02-04,2026-01-03 04:00:00,75.98,2.713,100.36
SENSOR-00001275,MCH-001-02-04,2026-01-03 08:00:00,85.28,2.843,100.53
SENSOR-00001276,MCH-001-02-04,2026-01-03 12:00:00,78.38,2.721,103.91
SENSOR-00001277,MCH-001-02-04,2026-01-03 16:00:00,79.19,2.635,98.31
SENSOR-00001278,MCH-001-02-04,2026-01-03 20:00:00,76.96,2.384,97.75
SENSOR-00001279,MCH-001-02-04,2026-01-04 00:00:00,82.87,2.795,99.06
SENSOR-00001280,MCH-001-02-04,2026-01-04 04:00:00,75.31,2.367,100.67
SENSOR-00001281,MCH-001-02-04,2026-01-04 08:00:00,85.63,2.785,95.85
SENSOR-00001282,MCH-001-02-04,2026-01-04 12:00:00,80.08,2.721,102.59
SENSOR-00001283,MCH-001-02-04,2026-01-04 16:00:00,81.6,1.988,101.64
SENSOR-00001284,MCH-001-02-04,2026-01-04 20:00:00,75.16,2.379,99.43
SENSOR-00001285,MCH-001-02-04,2026-01-05 00:00:00,78.79,2.307,99.56
SENSOR-00001286,MCH-001-02-04,2026-01-05 04:00:00,81.63,2.4,101.5
SENSOR-00001287,MCH-001-02-04,2026-01-05 08:00:00,79.53,2.573,102.56
SENSOR-00001288,MCH-001-02-04,2026-01-05 12:00:00,70.37,2.821,104.86
SENSOR-00001289,MCH-001-02-04,2026-01-05 16:00:00,84.94,2.832,99.09
SENSOR-00001290,MCH-001-02-04,2026-01-05 20:00:00,76.63,2.658,101.63
SENSOR-00001291,MCH-001-02-04,2026-01-06 00:00:00,77.04,2.942,99.53
SENSOR-00001292,MCH-001-02-04,2026-01-06 04:00:00,76.25,2.634,96.41
SENSOR-00001293,MCH-001-02-04,2026-01-06 08:00:00,87.13,2.71,101.93
SENSOR-00001294,MCH-001-02-04,2026-01-06 12:00:00,77.03,2.471,99.3
SENSOR-00001295,MCH-001-02-04,2026-01-06 16:00:00,83.58,2.604,97.39
SENSOR-00001296,MCH-001-02-04,2026-01-06 20:00:00,79.8,2.859,104.93
SENSOR-00001297,MCH-001-02-04,2026-01-07 00:00:00,80.34,2.754,92.22
SENSOR-00001298,MCH-001-02-04,2026-01-07 04:00:00,87.4,2.511,106.16
SENSOR-00001299,MCH-001-02-04,2026-01-07 08:00:00,73.38,2.531,93.39
SENSOR-00001300,MCH-001-02-04,2026-01-07 12:00:00,80.62,2.459,96.78
SENSOR-00001301,MCH-001-02-04,2026-01-07 16:00:00,73.69,2.928,102.13
SENSOR-00001302,MCH-001-02-04,2026-01-07 20:00:00,86.42,2.563,100.66
SENSOR-00001303,MCH-001-02-04,2026-01-08 00:00:00,76.34,2.594,105.23
SENSOR-00001304,MCH-001-02-04,2026-01-08 04:00:00,80.41,2.778,99.21
SENSOR-00001305,MCH-001-02-04,2026-01-08 08:00:00,88.96,3.06,97.84
SENSOR-00001306,MCH-001-02-04,2026-01-08 12:00:00,78.08,2.681,100.44
SENSOR-00001307,MCH-001-02-04,2026-01-08 16:00:00,76.37,2.844,104.36
SENSOR-00001308,MCH-001-02-04,2026-01-08 20:00:00,73.92,2.452,98.55
SENSOR-00001309,MCH-001-02-04,2026-01-09 00:00:00,79.86,2.957,95.59
SENSOR-00001310,MCH-001-02-04,2026-01-09 04:00:00,82.12,2.729,96.82
SENSOR-00001311,MCH-001-02-04,2026-01-09 08:00:00,70.84,2.7,104.34
SENSOR-00001312,MCH-001-02-04,2026-01-09 12:00:00,85.87,2.823,105.89
SENSOR-00001313,MCH-001-02-04,2026-01-09 16:00:00,79.0,2.972,98.65
SENSOR-00001314,MCH-001-02-04,2026-01-09 20:00:00,77.12,2.565,93.82
SENSOR-00001315,MCH-001-02-04,2026-01-10 00:00:00,72.53,2.645,96.9
SENSOR-00001316,MCH-001-02-04,2026-01-10 04:00:00,83.13,2.806,98.09
SENSOR-00001317,MCH-001-02-04,2026-01-10 08:00:00,79.47,2.615,104.84
SENSOR-00001318,MCH-001-02-04,2026-01-10 12:00:00,81.36,2.902,92.0
SENSOR-00001319,MCH-001-02-04,2026-01-10 16:00:00,78.91,3.255,103.98
SENSOR-00001320,MCH-001-02-04,2026-01-10 20:00:00,71.79,2.656,96.4
SENSOR-00001321,MCH-001-02-04,2026-01-11 00:00:00,79.32,2.946,94.18
SENSOR-00001322,MCH-001-02-04,2026-01-11 04:00:00,77.65,2.987,95.65
SENSOR-00001323,MCH-001-02-04,2026-01-11 08:00:00,80.09,2.751,105.14
SENSOR-00001324,MCH-001-02-04,2026-01-11 12:00:00,78.26,2.691,102.56
SENSOR-00001325,MCH-001-02-04,2026-01-11 16:00:00,73.87,2.679,98.63
SENSOR-00001326,MCH-001-02-04,2026-01-11 20:00:00,78.62,2.946,101.66
SENSOR-00001327,MCH-001-02-04,2026-01-12 00:00:00,84.82,2.541,103.08
SENSOR-00001328,MCH-001-02-04,2026-01-12 04:00:00,76.69,2.578,103.64
SENSOR-00001329,MCH-001-02-04,2026-01-12 08:00:00,83.15,2.786,102.28
SENSOR-00001330,MCH-001-02-04,2026-01-12 12:00:00,78.02,2.732,98.02
SENSOR-00001331,MCH-001-02-04,2026-01-12 16:00:00,82.79,2.561,104.46
SENSOR-00001332,MCH-001-02-04,2026-01-12 20:00:00,77.91,2.739,102.28
SENSOR-00001333,MCH-001-02-04,2026-01-13 00:00:00,78.55,2.675,99.49
SENSOR-00001334,MCH-001-02-04,2026-01-13 04:00:00,73.91,2.475,98.41
SENSOR-00001335,MCH-001-02-04,2026-01-13 08:00:00,83.72,2.726,98.55
SENSOR-00001336,MCH-001-02-04,2026-01-13 12:00:00,84.08,3.122,103.77
SENSOR-00001337,MCH-001-02-04,2026-01-13 16:00:00,75.76,2.61,105.44
SENSOR-00001338,MCH-001-02-04,2026-01-13 20:00:00,80.14,2.667,102.16
SENSOR-00001339,MCH-001-02-04,2026-01-14 00:00:00,76.92,2.853,99.03
SENSOR-00001340,MCH-001-02-04,2026-01-14 04:00:00,76.58,2.747,96.56
SENSOR-00001341,MCH-001-02-04,2026-01-14 08:00:00,80.89,3.017,99.76
SENSOR-00001342,MCH-001-02-04,2026-01-14 12:00:00,78.37,2.827,93.91
SENSOR-00001343,MCH-001-02-04,2026-01-14 16:00:00,81.32,3.51,99.63
SENSOR-00001344,MCH-001-02-04,2026-01-14 20:00:00,78.7,2.92,104.94
SENSOR-00001345,MCH-001-02-04,2026-01-15 00:00:00,84.11,2.495,100.22
SENSOR-00001346,MCH-001-02-04,2026-01-15 04:00:00,75.74,2.597,104.46
SENSOR-00001347,MCH-001-02-04,2026-01-15 08:00:00,79.59,2.594,96.56
SENSOR-00001348,MCH-001-02-04,2026-01-15 12:00:00,71.69,2.421,100.34
SENSOR-00001349,MCH-001-02-04,2026-01-15 16:00:00,83.1,2.594,104.71
SENSOR-00001350,MCH-001-02-04,2026-01-15 20:00:00,76.31,2.675,96.76
SENSOR-00001351,MCH-001-02-04,2026-01-16 00:00:00,79.49,2.872,105.28
SENSOR-00001352,MCH-001-02-04,2026-01-16 04:00:00,86.97,2.719,98.4
SENSOR-00001353,MCH-001-02-04,2026-01-16 08:00:00,75.5,2.978,95.88
SENSOR-00001354,MCH-001-02-04,2026-01-16 12:00:00,78.17,2.76,98.49
SENSOR-00001355,MCH-001-02-04,2026-01-16 16:00:00,80.3,3.375,99.64
SENSOR-00001356,MCH-001-02-04,2026-01-16 20:00:00,77.43,2.988,100.72
SENSOR-00001357,MCH-001-02-04,2026-01-17 00:00:00,78.2,2.523,101.87
SENSOR-00001358,MCH-001-02-04,2026-01-17 04:00:00,75.96,2.488,103.57
SENSOR-00001359,MCH-001-02-04,2026-01-17 08:00:00,80.59,2.675,101.92
SENSOR-00001360,MCH-001-02-04,2026-01-17 12:00:00,79.21,2.83,97.55
SENSOR-00001361,MCH-001-02-04,2026-01-17 16:00:00,87.46,2.589,104.67
SENSOR-00001362,MCH-001-02-04,2026-01-17 20:00:00,78.42,2.936,102.2
SENSOR-00001363,MCH-001-02-04,2026-01-18 00:00:00,85.62,2.89,106.36
SENSOR-00001364,MCH-001-02-04,2026-01-18 04:00:00,77.37,2.766,98.02
SENSOR-00001365,MCH-001-02-04,2026-01-18 08:00:00,79.75,2.291,102.05
SENSOR-00001366,MCH-001-02-04,2026-01-18 12:00:00,80.47,2.72,98.83
SENSOR-00001367,MCH-001-02-04,2026-01-18 16:00:00,75.6,2.916,96.49
SENSOR-00001368,MCH-001-02-04,2026-01-18 20:00:00,81.22,3.253,104.46
SENSOR-00001369,MCH-001-02-04,2026-01-19 00:00:00,74.11,2.477,102.16
SENSOR-00001370,MCH-001-02-04,2026-01-19 04:00:00,83.51,2.495,100.07
SENSOR-00001371,MCH-001-02-04,2026-01-19 08:00:00,73.65,2.689,102.51
SENSOR-00001372,MCH-001-02-04,2026-01-19 12:00:00,77.44,2.672,96.61
SENSOR-00001373,MCH-001-02-04,2026-01-19 16:00:00,76.58,3.174,100.22
SENSOR-00001374,MCH-001-02-04,2026-01-19 20:00:00,75.17,2.655,95.21
SENSOR-00001375,MCH-001-02-04,2026-01-20 00:00:00,80.0,2.722,104.46
SENSOR-00001376,MCH-001-02-04,2026-01-20 04:00:00,83.03,2.451,103.73
SENSOR-00001377,MCH-001-02-04,2026-01-20 08:00:00,78.13,2.508,100.59
SENSOR-00001378,MCH-001-02-04,2026-01-20 12:00:00,78.37,3.119,101.02
SENSOR-00001379,MCH-001-02-04,2026-01-20 16:00:00,80.0,2.959,103.28
SENSOR-00001380,MCH-001-02-04,2026-01-20 20:00:00,82.31,3.089,101.83
SENSOR-00001381,MCH-001-02-04,2026-01-21 00:00:00,77.89,2.817,99.93
SENSOR-00001382,MCH-001-02-04,2026-01-21 04:00:00,76.52,2.766,100.8
SENSOR-00001383,MCH-001-02-04,2026-01-21 08:00:00,77.67,2.96,103.87
SENSOR-00001384,MCH-001-02-04,2026-01-21 12:00:00,83.06,2.665,102.27
SENSOR-00001385,MCH-001-02-04,2026-01-21 16:00:00,79.49,2.425,102.02
SENSOR-00001386,MCH-001-02-04,2026-01-21 20:00:00,79.76,3.382,104.37
SENSOR-00001387,MCH-001-02-04,2026-01-22 00:00:00,78.31,2.569,98.98
SENSOR-00001388,MCH-001-02-04,2026-01-22 04:00:00,86.07,2.9,98.32
SENSOR-00001389,MCH-001-02-04,2026-01-22 08:00:00,78.9,2.727,97.7
SENSOR-00001390,MCH-001-02-04,2026-01-22 12:00:00,76.1,2.987,98.74
SENSOR-00001391,MCH-001-02-04,2026-01-22 16:00:00,74.8,2.723,100.35
SENSOR-00001392,MCH-001-02-04,2026-01-22 20:00:00,71.29,2.724,102.6
SENSOR-00001393,MCH-001-02-04,2026-01-23 00:00:00,80.77,2.571,97.94
SENSOR-00001394,MCH-001-02-04,2026-01-23 04:00:00,80.83,2.7,94.22
SENSOR-00001395,MCH-001-02-04,2026-01-23 08:00:00,73.35,2.447,97.35
SENSOR-00001396,MCH-001-02-04,2026-01-23 12:00:00,80.83,2.789,103.2
SENSOR-00001397,MCH-001-02-04,2026-01-23 16:00:00,82.19,3.002,101.83
SENSOR-00001398,MCH-001-02-04,2026-01-23 20:00:00,80.01,3.009,102.76
SENSOR-00001399,MCH-001-02-04,2026-01-24 00:00:00,74.61,2.676,99.05
SENSOR-00001400,MCH-001-02-04,2026-01-24 04:00:00,72.94,2.897,102.04
SENSOR-00001401,MCH-001-02-04,2026-01-24 08:00:00,83.39,2.626,99.88
SENSOR-00001402,MCH-001-02-04,2026-01-24 12:00:00,79.05,3.156,91.5
SENSOR-00001403,MCH-001-02-04,2026-01-24 16:00:00,75.35,2.735,96.74
SENSOR-00001404,MCH-001-02-04,2026-01-24 20:00:00,78.14,2.703,98.03
SENSOR-00001405,MCH-001-02-04,2026-01-25 00:00:00,77.37,3.049,101.77
SENSOR-00001406,MCH-001-02-04,2026-01-25 04:00:00,83.86,2.481,98.89
SENSOR-00001407,MCH-001-02-04,2026-01-25 08:00:00,74.21,2.558,103.76
SENSOR-00001408,MCH-001-02-04,2026-01-25 12:00:00,85.13,2.447,98.63
SENSOR-00001409,MCH-001-02-04,2026-01-25 16:00:00,78.87,2.88,94.72
SENSOR-00001410,MCH-001-02-04,2026-01-25 20:00:00,72.76,2.856,94.15
SENSOR-00001411,MCH-001-02-04,2026-01-26 00:00:00,86.05,2.931,103.64
SENSOR-00001412,MCH-001-02-04,2026-01-26 04:00:00,76.73,2.603,99.29
SENSOR-00001413,MCH-001-02-04,2026-01-26 08:00:00,78.6,2.482,103.8
SENSOR-00001414,MCH-001-02-04,2026-01-26 12:00:00,82.71,2.658,101.93
SENSOR-00001415,MCH-001-02-04,2026-01-26 16:00:00,80.07,2.914,95.97
SENSOR-00001416,MCH-001-02-04,2026-01-26 20:00:00,78.59,2.72,101.87
SENSOR-00001417,MCH-001-02-04,2026-01-27 00:00:00,79.05,3.01,98.23
SENSOR-00001418,MCH-001-02-04,2026-01-27 04:00:00,78.61,2.462,104.26
SENSOR-00001419,MCH-001-02-04,2026-01-27 08:00:00,80.75,2.557,99.66
SENSOR-00001420,MCH-001-02-04,2026-01-27 12:00:00,81.21,2.671,98.4
SENSOR-00001421,MCH-001-02-04,2026-01-27 16:00:00,76.56,2.819,98.93
SENSOR-00001422,MCH-001-02-04,2026-01-27 20:00:00,77.36,2.4,100.23
SENSOR-00001423,MCH-001-02-04,2026-01-28 00:00:00,75.0,2.586,100.06
SENSOR-00001424,MCH-001-02-04,2026-01-28 04:00:00,76.03,2.758,97.1
SENSOR-00001425,MCH-001-02-04,2026-01-28 08:00:00,72.53,2.939,98.58
SENSOR-00001426,MCH-001-02-04,2026-01-28 12:00:00,75.83,2.461,101.27
SENSOR-00001427,MCH-001-02-04,2026-01-28 16:00:00,84.68,2.633,99.35
SENSOR-00001428,MCH-001-02-04,2026-01-28 20:00:00,83.46,2.281,105.9
SENSOR-00001429,MCH-001-02-04,2026-01-29 00:00:00,75.53,2.691,101.54
SENSOR-00001430,MCH-001-02-04,2026-01-29 04:00:00,74.44,2.323,105.98
SENSOR-00001431,MCH-001-02-04,2026-01-29 08:00:00,76.61,2.7,98.81
SENSOR-00001432,MCH-001-02-04,2026-01-29 12:00:00,81.37,3.177,101.74
SENSOR-00001433,MCH-001-02-04,2026-01-29 16:00:00,73.1,2.388,98.8
SENSOR-00001434,MCH-001-02-04,2026-01-29 20:00:00,78.1,2.304,102.46
SENSOR-00001435,MCH-001-02-04,2026-01-30 00:00:00,77.31,2.653,102.85
SENSOR-00001436,MCH-001-02-04,2026-01-30 04:00:00,76.03,3.168,96.02
SENSOR-00001437,MCH-001-02-04,2026-01-30 08:00:00,85.64,2.48,100.0
SENSOR-00001438,MCH-001-02-04,2026-01-30 12:00:00,77.22,2.648,102.4
SENSOR-00001439,MCH-001-02-04,2026-01-30 16:00:00,85.18,3.032,98.79
SENSOR-00001440,MCH-001-02-04,2026-01-30 20:00:00,79.91,2.539,97.03
SENSOR-00001441,MCH-001-03-01,2026-01-01 00:00:00,82.87,2.303,103.33
SENSOR-00001442,MCH-001-03-01,2026-01-01 04:00:00,80.18,3.341,94.82
SENSOR-00001443,MCH-001-03-01,2026-01-01 08:00:00,84.71,2.858,99.01
SENSOR-00001444,MCH-001-03-01,2026-01-01 12:00:00,75.56,3.032,102.03
SENSOR-00001445,MCH-001-03-01,2026-01-01 16:00:00,88.18,3.135,98.22
SENSOR-00001446,MCH-001-03-01,2026-01-01 20:00:00,77.02,2.541,104.42
SENSOR-00001447,MCH-001-03-01,2026-01-02 00:00:00,80.97,2.791,102.09
SENSOR-00001448,MCH-001-03-01,2026-01-02 04:00:00,80.46,2.683,101.8
SENSOR-00001449,MCH-001-03-01,2026-01-02 08:00:00,80.78,3.005,98.64
SENSOR-00001450,MCH-001-03-01,2026-01-02 12:00:00,76.2,3.317,104.64
SENSOR-00001451,MCH-001-03-01,2026-01-02 16:00:00,84.57,2.786,99.1
SENSOR-00001452,MCH-001-03-01,2026-01-02 20:00:00,86.56,2.794,98.1
SENSOR-00001453,MCH-001-03-01,2026-01-03 00:00:00,85.36,2.69,99.72
SENSOR-00001454,MCH-001-03-01,2026-01-03 04:00:00,76.1,3.272,103.46
SENSOR-00001455,MCH-001-03-01,2026-01-03 08:00:00,80.91,2.594,104.61
SENSOR-00001456,MCH-001-03-01,2026-01-03 12:00:00,79.57,2.607,94.71
SENSOR-00001457,MCH-001-03-01,2026-01-03 16:00:00,78.45,2.519,98.13
SENSOR-00001458,MCH-001-03-01,2026-01-03 20:00:00,84.01,2.789,101.07
SENSOR-00001459,MCH-001-03-01,2026-01-04 00:00:00,79.13,3.145,99.63
SENSOR-00001460,MCH-001-03-01,2026-01-04 04:00:00,83.48,3.051,98.64
SENSOR-00001461,MCH-001-03-01,2026-01-04 08:00:00,85.4,2.693,102.33
SENSOR-00001462,MCH-001-03-01,2026-01-04 12:00:00,79.47,2.97,98.61
SENSOR-00001463,MCH-001-03-01,2026-01-04 16:00:00,81.23,2.614,100.74
SENSOR-00001464,MCH-001-03-01,2026-01-04 20:00:00,81.21,2.748,99.83
SENSOR-00001465,MCH-001-03-01,2026-01-05 00:00:00,73.12,2.243,98.8
SENSOR-00001466,MCH-001-03-01,2026-01-05 04:00:00,75.52,2.824,100.62
SENSOR-00001467,MCH-001-03-01,2026-01-05 08:00:00,84.72,2.598,101.2
SENSOR-00001468,MCH-001-03-01,2026-01-05 12:00:00,81.09,2.97,98.44
SENSOR-00001469,MCH-001-03-01,2026-01-05 16:00:00,86.57,2.857,105.32
SENSOR-00001470,MCH-001-03-01,2026-01-05 20:00:00,77.87,3.069,99.82
SENSOR-00001471,MCH-001-03-01,2026-01-06 00:00:00,75.86,2.778,100.03
SENSOR-00001472,MCH-001-03-01,2026-01-06 04:00:00,77.01,3.295,106.72
SENSOR-00001473,MCH-001-03-01,2026-01-06 08:00:00,82.95,2.88,96.12
SENSOR-00001474,MCH-001-03-01,2026-01-06 12:00:00,87.22,2.902,99.13
SENSOR-00001475,MCH-001-03-01,2026-01-06 16:00:00,82.96,2.736,100.44
SENSOR-00001476,MCH-001-03-01,2026-01-06 20:00:00,75.27,3.155,99.69
SENSOR-00001477,MCH-001-03-01,2026-01-07 00:00:00,81.52,2.456,99.31
SENSOR-00001478,MCH-001-03-01,2026-01-07 04:00:00,84.22,2.788,99.33
SENSOR-00001479,MCH-001-03-01,2026-01-07 08:00:00,81.68,2.851,96.91
SENSOR-00001480,MCH-001-03-01,2026-01-07 12:00:00,80.89,3.131,96.85
SENSOR-00001481,MCH-001-03-01,2026-01-07 16:00:00,79.54,2.537,102.82
SENSOR-00001482,MCH-001-03-01,2026-01-07 20:00:00,80.67,2.67,100.28
SENSOR-00001483,MCH-001-03-01,2026-01-08 00:00:00,84.07,2.626,100.12
SENSOR-00001484,MCH-001-03-01,2026-01-08 04:00:00,81.25,3.465,101.89
SENSOR-00001485,MCH-001-03-01,2026-01-08 08:00:00,78.66,3.054,106.41
SENSOR-00001486,MCH-001-03-01,2026-01-08 12:00:00,74.52,2.672,99.29
SENSOR-00001487,MCH-001-03-01,2026-01-08 16:00:00,79.37,2.8,96.09
SENSOR-00001488,MCH-001-03-01,2026-01-08 20:00:00,86.65,2.527,99.4
SENSOR-00001489,MCH-001-03-01,2026-01-09 00:00:00,81.79,3.243,98.69
SENSOR-00001490,MCH-001-03-01,2026-01-09 04:00:00,78.13,2.746,99.42
SENSOR-00001491,MCH-001-03-01,2026-01-09 08:00:00,80.67,2.675,93.93
SENSOR-00001492,MCH-001-03-01,2026-01-09 12:00:00,78.79,2.973,100.41
SENSOR-00001493,MCH-001-03-01,2026-01-09 16:00:00,85.83,3.372,102.28
SENSOR-00001494,MCH-001-03-01,2026-01-09 20:00:00,86.57,3.075,105.13
SENSOR-00001495,MCH-001-03-01,2026-01-10 00:00:00,87.93,2.828,101.37
SENSOR-00001496,MCH-001-03-01,2026-01-10 04:00:00,86.87,2.958,104.33
SENSOR-00001497,MCH-001-03-01,2026-01-10 08:00:00,76.07,3.482,103.26
SENSOR-00001498,MCH-001-03-01,2026-01-10 12:00:00,81.87,3.239,96.49
SENSOR-00001499,MCH-001-03-01,2026-01-10 16:00:00,79.88,3.244,94.4
SENSOR-00001500,MCH-001-03-01,2026-01-10 20:00:00,83.28,3.016,105.91
SENSOR-00001501,MCH-001-03-01,2026-01-11 00:00:00,84.0,2.717,96.36
SENSOR-00001502,MCH-001-03-01,2026-01-11 04:00:00,78.92,2.967,99.17
SENSOR-00001503,MCH-001-03-01,2026-01-11 08:00:00,81.17,3.057,103.25
SENSOR-00001504,MCH-001-03-01,2026-01-11 12:00:00,79.79,2.622,100.23
SENSOR-00001505,MCH-001-03-01,2026-01-11 16:00:00,82.92,2.518,97.33
SENSOR-00001506,MCH-001-03-01,2026-01-11 20:00:00,78.16,2.831,97.72
SENSOR-00001507,MCH-001-03-01,2026-01-12 00:00:00,79.46,2.921,98.02
SENSOR-00001508,MCH-001-03-01,2026-01-12 04:00:00,86.95,3.005,97.58
SENSOR-00001509,MCH-001-03-01,2026-01-12 08:00:00,81.41,2.914,103.64
SENSOR-00001510,MCH-001-03-01,2026-01-12 12:00:00,78.63,3.075,100.13
SENSOR-00001511,MCH-001-03-01,2026-01-12 16:00:00,87.0,3.206,100.59
SENSOR-00001512,MCH-001-03-01,2026-01-12 20:00:00,79.99,3.009,99.46
SENSOR-00001513,MCH-001-03-01,2026-01-13 00:00:00,75.86,2.915,103.45
SENSOR-00001514,MCH-001-03-01,2026-01-13 04:00:00,72.43,3.387,98.72
SENSOR-00001515,MCH-001-03-01,2026-01-13 08:00:00,81.6,3.026,102.18
SENSOR-00001516,MCH-001-03-01,2026-01-13 12:00:00,82.13,3.132,101.56
SENSOR-00001517,MCH-001-03-01,2026-01-13 16:00:00,88.08,3.013,105.89
SENSOR-00001518,MCH-001-03-01,2026-01-13 20:00:00,84.64,2.431,107.83
SENSOR-00001519,MCH-001-03-01,2026-01-14 00:00:00,82.79,3.117,93.51
SENSOR-00001520,MCH-001-03-01,2026-01-14 04:00:00,80.69,2.985,100.67
SENSOR-00001521,MCH-001-03-01,2026-01-14 08:00:00,84.88,2.791,100.15
SENSOR-00001522,MCH-001-03-01,2026-01-14 12:00:00,85.76,2.313,101.77
SENSOR-00001523,MCH-001-03-01,2026-01-14 16:00:00,79.7,2.655,101.01
SENSOR-00001524,MCH-001-03-01,2026-01-14 20:00:00,85.94,3.143,99.59
SENSOR-00001525,MCH-001-03-01,2026-01-15 00:00:00,84.36,2.746,100.99
SENSOR-00001526,MCH-001-03-01,2026-01-15 04:00:00,85.99,2.556,99.86
SENSOR-00001527,MCH-001-03-01,2026-01-15 08:00:00,80.35,2.978,103.72
SENSOR-00001528,MCH-001-03-01,2026-01-15 12:00:00,75.72,3.025,103.09
SENSOR-00001529,MCH-001-03-01,2026-01-15 16:00:00,80.29,2.848,101.26
SENSOR-00001530,MCH-001-03-01,2026-01-15 20:00:00,82.41,3.028,101.68
SENSOR-00001531,MCH-001-03-01,2026-01-16 00:00:00,75.4,3.035,100.5
SENSOR-00001532,MCH-001-03-01,2026-01-16 04:00:00,74.45,2.971,99.83
SENSOR-00001533,MCH-001-03-01,2026-01-16 08:00:00,83.1,2.785,97.6
SENSOR-00001534,MCH-001-03-01,2026-01-16 12:00:00,77.95,2.748,100.06
SENSOR-00001535,MCH-001-03-01,2026-01-16 16:00:00,81.63,2.835,98.73
SENSOR-00001536,MCH-001-03-01,2026-01-16 20:00:00,79.63,3.51,97.69
SENSOR-00001537,MCH-001-03-01,2026-01-17 00:00:00,79.28,3.285,101.7
SENSOR-00001538,MCH-001-03-01,2026-01-17 04:00:00,84.93,2.992,98.67
SENSOR-00001539,MCH-001-03-01,2026-01-17 08:00:00,83.48,3.185,100.4
SENSOR-00001540,MCH-001-03-01,2026-01-17 12:00:00,88.24,3.095,100.64
SENSOR-00001541,MCH-001-03-01,2026-01-17 16:00:00,82.04,2.917,96.25
SENSOR-00001542,MCH-001-03-01,2026-01-17 20:00:00,80.67,2.938,98.75
SENSOR-00001543,MCH-001-03-01,2026-01-18 00:00:00,80.71,2.797,98.53
SENSOR-00001544,MCH-001-03-01,2026-01-18 04:00:00,87.21,3.229,101.33
SENSOR-00001545,MCH-001-03-01,2026-01-18 08:00:00,80.61,3.038,100.22
SENSOR-00001546,MCH-001-03-01,2026-01-18 12:00:00,80.27,2.967,98.68
SENSOR-00001547,MCH-001-03-01,2026-01-18 16:00:00,82.04,2.934,101.81
SENSOR-00001548,MCH-001-03-01,2026-01-18 20:00:00,78.56,3.06,97.28
SENSOR-00001549,MCH-001-03-01,2026-01-19 00:00:00,80.28,2.63,102.5
SENSOR-00001550,MCH-001-03-01,2026-01-19 04:00:00,84.42,3.068,101.61
SENSOR-00001551,MCH-001-03-01,2026-01-19 08:00:00,81.33,2.752,97.56
SENSOR-00001552,MCH-001-03-01,2026-01-19 12:00:00,86.19,3.074,97.92
SENSOR-00001553,MCH-001-03-01,2026-01-19 16:00:00,81.19,2.808,96.62
SENSOR-00001554,MCH-001-03-01,2026-01-19 20:00:00,81.75,2.779,97.14
SENSOR-00001555,MCH-001-03-01,2026-01-20 00:00:00,80.77,3.027,99.45
SENSOR-00001556,MCH-001-03-01,2026-01-20 04:00:00,77.89,2.911,96.21
SENSOR-00001557,MCH-001-03-01,2026-01-20 08:00:00,83.19,2.649,102.75
SENSOR-00001558,MCH-001-03-01,2026-01-20 12:00:00,79.68,3.148,96.63
SENSOR-00001559,MCH-001-03-01,2026-01-20 16:00:00,78.32,2.978,103.51
SENSOR-00001560,MCH-001-03-01,2026-01-20 20:00:00,87.7,2.893,105.51
SENSOR-00001561,MCH-001-03-01,2026-01-21 00:00:00,77.16,2.764,97.1
SENSOR-00001562,MCH-001-03-01,2026-01-21 04:00:00,80.63,2.908,99.08
SENSOR-00001563,MCH-001-03-01,2026-01-21 08:00:00,87.73,2.703,104.17
SENSOR-00001564,MCH-001-03-01,2026-01-21 12:00:00,76.87,2.901,103.55
SENSOR-00001565,MCH-001-03-01,2026-01-21 16:00:00,85.56,2.778,101.67
SENSOR-00001566,MCH-001-03-01,2026-01-21 20:00:00,82.72,2.748,101.85
SENSOR-00001567,MCH-001-03-01,2026-01-22 00:00:00,78.07,3.171,97.16
SENSOR-00001568,MCH-001-03-01,2026-01-22 04:00:00,79.25,3.195,100.13
SENSOR-00001569,MCH-001-03-01,2026-01-22 08:00:00,74.79,3.019,98.81
SENSOR-00001570,MCH-001-03-01,2026-01-22 12:00:00,87.19,2.731,103.15
SENSOR-00001571,MCH-001-03-01,2026-01-22 16:00:00,88.14,2.67,99.42
SENSOR-00001572,MCH-001-03-01,2026-01-22 20:00:00,82.59,2.668,100.81
SENSOR-00001573,MCH-001-03-01,2026-01-23 00:00:00,80.56,2.872,98.68
SENSOR-00001574,MCH-001-03-01,2026-01-23 04:00:00,82.33,2.429,97.81
SENSOR-00001575,MCH-001-03-01,2026-01-23 08:00:00,79.92,2.669,104.89
SENSOR-00001576,MCH-001-03-01,2026-01-23 12:00:00,81.11,2.927,98.55
SENSOR-00001577,MCH-001-03-01,2026-01-23 16:00:00,80.97,2.579,99.49
SENSOR-00001578,MCH-001-03-01,2026-01-23 20:00:00,77.29,2.813,92.32
SENSOR-00001579,MCH-001-03-01,2026-01-24 00:00:00,85.62,2.899,107.48
SENSOR-00001580,MCH-001-03-01,2026-01-24 04:00:00,79.57,3.376,99.53
SENSOR-00001581,MCH-001-03-01,2026-01-24 08:00:00,86.38,3.307,96.93
SENSOR-00001582,MCH-001-03-01,2026-01-24 12:00:00,79.1,2.625,96.31
SENSOR-00001583,MCH-001-03-01,2026-01-24 16:00:00,83.7,2.834,100.16
SENSOR-00001584,MCH-001-03-01,2026-01-24 20:00:00,83.26,2.418,103.86
SENSOR-00001585,MCH-001-03-01,2026-01-25 00:00:00,79.59,2.547,102.01
SENSOR-00001586,MCH-001-03-01,2026-01-25 04:00:00,78.78,2.781,98.61
SENSOR-00001587,MCH-001-03-01,2026-01-25 08:00:00,85.98,2.873,100.24
SENSOR-00001588,MCH-001-03-01,2026-01-25 12:00:00,79.27,2.999,104.05
SENSOR-00001589,MCH-001-03-01,2026-01-25 16:00:00,83.63,3.055,101.82
SENSOR-00001590,MCH-001-03-01,2026-01-25 20:00:00,75.51,2.664,99.39
SENSOR-00001591,MCH-001-03-01,2026-01-26 00:00:00,80.39,3.057,100.61
SENSOR-00001592,MCH-001-03-01,2026-01-26 04:00:00,75.43,2.86,96.29
SENSOR-00001593,MCH-001-03-01,2026-01-26 08:00:00,80.6,2.697,101.15
SENSOR-00001594,MCH-001-03-01,2026-01-26 12:00:00,75.67,2.886,101.72
SENSOR-00001595,MCH-001-03-01,2026-01-26 16:00:00,84.67,2.692,100.05
SENSOR-00001596,MCH-001-03-01,2026-01-26 20:00:00,81.77,3.27,95.56
SENSOR-00001597,MCH-001-03-01,2026-01-27 00:00:00,77.39,2.765,102.77
SENSOR-00001598,MCH-001-03-01,2026-01-27 04:00:00,74.03,2.552,99.32
SENSOR-00001599,MCH-001-03-01,2026-01-27 08:00:00,78.03,2.809,96.21
SENSOR-00001600,MCH-001-03-01,2026-01-27 12:00:00,81.89,2.845,101.65
SENSOR-00001601,MCH-001-03-01,2026-01-27 16:00:00,81.84,2.934,95.66
SENSOR-00001602,MCH-001-03-01,2026-01-27 20:00:00,83.01,2.8,99.5
SENSOR-00001603,MCH-001-03-01,2026-01-28 00:00:00,85.73,2.667,98.73
SENSOR-00001604,MCH-001-03-01,2026-01-28 04:00:00,83.13,2.604,99.67
SENSOR-00001605,MCH-001-03-01,2026-01-28 08:00:00,85.39,2.936,103.74
SENSOR-00001606,MCH-001-03-01,2026-01-28 12:00:00,85.57,2.885,92.99
SENSOR-00001607,MCH-001-03-01,2026-01-28 16:00:00,76.61,3.074,95.35
SENSOR-00001608,MCH-001-03-01,2026-01-28 20:00:00,79.73,2.967,104.41
SENSOR-00001609,MCH-001-03-01,2026-01-29 00:00:00,82.82,2.783,102.52
SENSOR-00001610,MCH-001-03-01,2026-01-29 04:00:00,81.63,3.08,100.58
SENSOR-00001611,MCH-001-03-01,2026-01-29 08:00:00,82.54,2.725,98.11
SENSOR-00001612,MCH-001-03-01,2026-01-29 12:00:00,85.93,3.042,96.93
SENSOR-00001613,MCH-001-03-01,2026-01-29 16:00:00,81.76,2.289,98.28
SENSOR-00001614,MCH-001-03-01,2026-01-29 20:00:00,84.88,2.852,100.35
SENSOR-00001615,MCH-001-03-01,2026-01-30 00:00:00,73.64,2.612,104.53
SENSOR-00001616,MCH-001-03-01,2026-01-30 04:00:00,79.95,2.938,98.46
SENSOR-00001617,MCH-001-03-01,2026-01-30 08:00:00,73.87,3.117,93.48
SENSOR-00001618,MCH-001-03-01,2026-01-30 12:00:00,78.82,2.869,100.69
SENSOR-00001619,MCH-001-03-01,2026-01-30 16:00:00,78.13,2.423,97.6
SENSOR-00001620,MCH-001-03-01,2026-01-30 20:00:00,78.04,2.69,102.91
SENSOR-00001621,MCH-001-03-02,2026-01-01 00:00:00,77.09,2.548,98.43
SENSOR-00001622,MCH-001-03-02,2026-01-01 04:00:00,81.32,2.314,101.26
SENSOR-00001623,MCH-001-03-02,2026-01-01 08:00:00,77.74,2.859,99.05
SENSOR-00001624,MCH-001-03-02,2026-01-01 12:00:00,72.75,2.055,104.66
SENSOR-00001625,MCH-001-03-02,2026-01-01 16:00:00,77.05,2.543,109.35
SENSOR-00001626,MCH-001-03-02,2026-01-01 20:00:00,76.67,2.104,99.41
SENSOR-00001627,MCH-001-03-02,2026-01-02 00:00:00,76.47,2.6,100.4
SENSOR-00001628,MCH-001-03-02,2026-01-02 04:00:00,78.05,2.618,100.49
SENSOR-00001629,MCH-001-03-02,2026-01-02 08:00:00,74.48,2.812,98.57
SENSOR-00001630,MCH-001-03-02,2026-01-02 12:00:00,76.93,2.533,98.17
SENSOR-00001631,MCH-001-03-02,2026-01-02 16:00:00,72.13,2.341,98.52
SENSOR-00001632,MCH-001-03-02,2026-01-02 20:00:00,69.53,2.266,100.8
SENSOR-00001633,MCH-001-03-02,2026-01-03 00:00:00,80.74,2.424,103.26
SENSOR-00001634,MCH-001-03-02,2026-01-03 04:00:00,79.13,2.596,94.64
SENSOR-00001635,MCH-001-03-02,2026-01-03 08:00:00,79.83,2.315,102.15
SENSOR-00001636,MCH-001-03-02,2026-01-03 12:00:00,71.48,2.133,105.93
SENSOR-00001637,MCH-001-03-02,2026-01-03 16:00:00,71.54,2.716,100.36
SENSOR-00001638,MCH-001-03-02,2026-01-03 20:00:00,73.69,2.418,96.1
SENSOR-00001639,MCH-001-03-02,2026-01-04 00:00:00,73.2,2.616,99.5
SENSOR-00001640,MCH-001-03-02,2026-01-04 04:00:00,70.7,2.891,99.95
SENSOR-00001641,MCH-001-03-02,2026-01-04 08:00:00,75.04,2.328,103.54
SENSOR-00001642,MCH-001-03-02,2026-01-04 12:00:00,73.27,2.043,97.96
SENSOR-00001643,MCH-001-03-02,2026-01-04 16:00:00,80.67,2.637,99.23
SENSOR-00001644,MCH-001-03-02,2026-01-04 20:00:00,80.86,2.616,99.2
SENSOR-00001645,MCH-001-03-02,2026-01-05 00:00:00,79.48,1.968,98.86
SENSOR-00001646,MCH-001-03-02,2026-01-05 04:00:00,73.44,2.669,99.87
SENSOR-00001647,MCH-001-03-02,2026-01-05 08:00:00,82.55,2.595,98.77
SENSOR-00001648,MCH-001-03-02,2026-01-05 12:00:00,76.32,2.341,102.58
SENSOR-00001649,MCH-001-03-02,2026-01-05 16:00:00,70.04,2.223,101.37
SENSOR-00001650,MCH-001-03-02,2026-01-05 20:00:00,80.27,1.879,104.12
SENSOR-00001651,MCH-001-03-02,2026-01-06 00:00:00,70.93,2.326,100.1
SENSOR-00001652,MCH-001-03-02,2026-01-06 04:00:00,76.29,2.232,102.7
SENSOR-00001653,MCH-001-03-02,2026-01-06 08:00:00,72.88,2.212,98.37
SENSOR-00001654,MCH-001-03-02,2026-01-06 12:00:00,79.66,2.396,97.92
SENSOR-00001655,MCH-001-03-02,2026-01-06 16:00:00,79.07,2.965,100.63
SENSOR-00001656,MCH-001-03-02,2026-01-06 20:00:00,80.3,2.688,98.18
SENSOR-00001657,MCH-001-03-02,2026-01-07 00:00:00,74.22,2.562,99.64
SENSOR-00001658,MCH-001-03-02,2026-01-07 04:00:00,67.91,2.243,95.44
SENSOR-00001659,MCH-001-03-02,2026-01-07 08:00:00,76.34,2.555,100.77
SENSOR-00001660,MCH-001-03-02,2026-01-07 12:00:00,72.22,2.491,98.59
SENSOR-00001661,MCH-001-03-02,2026-01-07 16:00:00,70.81,2.615,102.45
SENSOR-00001662,MCH-001-03-02,2026-01-07 20:00:00,79.16,2.277,103.54
SENSOR-00001663,MCH-001-03-02,2026-01-08 00:00:00,82.39,2.139,98.31
SENSOR-00001664,MCH-001-03-02,2026-01-08 04:00:00,71.75,2.288,103.09
SENSOR-00001665,MCH-001-03-02,2026-01-08 08:00:00,81.28,2.254,97.83
SENSOR-00001666,MCH-001-03-02,2026-01-08 12:00:00,70.74,2.756,103.36
SENSOR-00001667,MCH-001-03-02,2026-01-08 16:00:00,74.94,2.08,96.08
SENSOR-00001668,MCH-001-03-02,2026-01-08 20:00:00,76.05,2.567,93.8
SENSOR-00001669,MCH-001-03-02,2026-01-09 00:00:00,71.56,2.187,104.52
SENSOR-00001670,MCH-001-03-02,2026-01-09 04:00:00,71.46,2.699,98.69
SENSOR-00001671,MCH-001-03-02,2026-01-09 08:00:00,75.26,2.57,98.2
SENSOR-00001672,MCH-001-03-02,2026-01-09 12:00:00,77.64,1.918,101.32
SENSOR-00001673,MCH-001-03-02,2026-01-09 16:00:00,65.49,2.373,102.56
SENSOR-00001674,MCH-001-03-02,2026-01-09 20:00:00,77.85,2.105,96.49
SENSOR-00001675,MCH-001-03-02,2026-01-10 00:00:00,77.47,2.485,98.38
SENSOR-00001676,MCH-001-03-02,2026-01-10 04:00:00,67.62,2.463,97.14
SENSOR-00001677,MCH-001-03-02,2026-01-10 08:00:00,73.05,2.549,104.25
SENSOR-00001678,MCH-001-03-02,2026-01-10 12:00:00,75.21,2.568,95.67
SENSOR-00001679,MCH-001-03-02,2026-01-10 16:00:00,76.35,2.414,103.69
SENSOR-00001680,MCH-001-03-02,2026-01-10 20:00:00,73.2,2.369,103.18
SENSOR-00001681,MCH-001-03-02,2026-01-11 00:00:00,74.63,2.371,96.65
SENSOR-00001682,MCH-001-03-02,2026-01-11 04:00:00,83.97,2.374,101.79
SENSOR-00001683,MCH-001-03-02,2026-01-11 08:00:00,74.03,2.341,98.63
SENSOR-00001684,MCH-001-03-02,2026-01-11 12:00:00,69.17,2.389,98.78
SENSOR-00001685,MCH-001-03-02,2026-01-11 16:00:00,80.05,2.13,98.27
SENSOR-00001686,MCH-001-03-02,2026-01-11 20:00:00,71.77,2.79,97.39
SENSOR-00001687,MCH-001-03-02,2026-01-12 00:00:00,71.63,2.185,102.14
SENSOR-00001688,MCH-001-03-02,2026-01-12 04:00:00,72.85,1.742,101.95
SENSOR-00001689,MCH-001-03-02,2026-01-12 08:00:00,71.22,2.546,104.18
SENSOR-00001690,MCH-001-03-02,2026-01-12 12:00:00,75.43,2.678,100.46
SENSOR-00001691,MCH-001-03-02,2026-01-12 16:00:00,81.72,2.164,99.98
SENSOR-00001692,MCH-001-03-02,2026-01-12 20:00:00,78.06,2.382,103.46
SENSOR-00001693,MCH-001-03-02,2026-01-13 00:00:00,74.46,2.432,92.84
SENSOR-00001694,MCH-001-03-02,2026-01-13 04:00:00,74.6,2.241,102.75
SENSOR-00001695,MCH-001-03-02,2026-01-13 08:00:00,79.35,2.573,101.19
SENSOR-00001696,MCH-001-03-02,2026-01-13 12:00:00,69.38,2.577,101.89
SENSOR-00001697,MCH-001-03-02,2026-01-13 16:00:00,80.35,2.959,94.92
SENSOR-00001698,MCH-001-03-02,2026-01-13 20:00:00,73.81,2.244,100.52
SENSOR-00001699,MCH-001-03-02,2026-01-14 00:00:00,75.17,2.388,97.64
SENSOR-00001700,MCH-001-03-02,2026-01-14 04:00:00,78.86,2.414,103.19
SENSOR-00001701,MCH-001-03-02,2026-01-14 08:00:00,74.59,2.423,98.31
SENSOR-00001702,MCH-001-03-02,2026-01-14 12:00:00,75.34,2.607,98.77
SENSOR-00001703,MCH-001-03-02,2026-01-14 16:00:00,77.44,2.226,102.28
SENSOR-00001704,MCH-001-03-02,2026-01-14 20:00:00,73.05,2.642,100.18
SENSOR-00001705,MCH-001-03-02,2026-01-15 00:00:00,73.45,2.333,98.21
SENSOR-00001706,MCH-001-03-02,2026-01-15 04:00:00,81.97,2.245,96.03
SENSOR-00001707,MCH-001-03-02,2026-01-15 08:00:00,78.55,2.375,106.12
SENSOR-00001708,MCH-001-03-02,2026-01-15 12:00:00,73.26,2.641,103.25
SENSOR-00001709,MCH-001-03-02,2026-01-15 16:00:00,73.28,2.244,102.22
SENSOR-00001710,MCH-001-03-02,2026-01-15 20:00:00,77.67,2.077,96.61
SENSOR-00001711,MCH-001-03-02,2026-01-16 00:00:00,84.44,2.424,103.35
SENSOR-00001712,MCH-001-03-02,2026-01-16 04:00:00,72.05,2.011,98.94
SENSOR-00001713,MCH-001-03-02,2026-01-16 08:00:00,68.97,2.433,97.66
SENSOR-00001714,MCH-001-03-02,2026-01-16 12:00:00,67.55,2.863,98.39
SENSOR-00001715,MCH-001-03-02,2026-01-16 16:00:00,68.82,2.654,97.81
SENSOR-00001716,MCH-001-03-02,2026-01-16 20:00:00,79.73,2.246,98.38
SENSOR-00001717,MCH-001-03-02,2026-01-17 00:00:00,77.76,2.44,98.76
SENSOR-00001718,MCH-001-03-02,2026-01-17 04:00:00,80.48,2.072,104.93
SENSOR-00001719,MCH-001-03-02,2026-01-17 08:00:00,75.28,2.509,98.81
SENSOR-00001720,MCH-001-03-02,2026-01-17 12:00:00,68.7,2.394,101.0
SENSOR-00001721,MCH-001-03-02,2026-01-17 16:00:00,78.07,2.38,93.42
SENSOR-00001722,MCH-001-03-02,2026-01-17 20:00:00,69.2,2.942,96.72
SENSOR-00001723,MCH-001-03-02,2026-01-18 00:00:00,81.68,2.396,105.19
SENSOR-00001724,MCH-001-03-02,2026-01-18 04:00:00,72.92,2.62,101.47
SENSOR-00001725,MCH-001-03-02,2026-01-18 08:00:00,71.09,2.483,100.02
SENSOR-00001726,MCH-001-03-02,2026-01-18 12:00:00,71.95,2.519,100.44
SENSOR-00001727,MCH-001-03-02,2026-01-18 16:00:00,75.08,2.412,99.73
SENSOR-00001728,MCH-001-03-02,2026-01-18 20:00:00,73.89,2.464,98.07
SENSOR-00001729,MCH-001-03-02,2026-01-19 00:00:00,76.36,2.513,103.71
SENSOR-00001730,MCH-001-03-02,2026-01-19 04:00:00,80.23,2.317,100.58
SENSOR-00001731,MCH-001-03-02,2026-01-19 08:00:00,67.91,2.454,97.62
SENSOR-00001732,MCH-001-03-02,2026-01-19 12:00:00,74.62,2.008,101.21
SENSOR-00001733,MCH-001-03-02,2026-01-19 16:00:00,68.58,2.466,96.32
SENSOR-00001734,MCH-001-03-02,2026-01-19 20:00:00,71.97,2.718,101.76
SENSOR-00001735,MCH-001-03-02,2026-01-20 00:00:00,79.03,2.483,100.4
SENSOR-00001736,MCH-001-03-02,2026-01-20 04:00:00,77.47,2.505,101.62
SENSOR-00001737,MCH-001-03-02,2026-01-20 08:00:00,76.18,2.64,95.12
SENSOR-00001738,MCH-001-03-02,2026-01-20 12:00:00,74.84,2.083,100.83
SENSOR-00001739,MCH-001-03-02,2026-01-20 16:00:00,81.93,2.311,100.38
SENSOR-00001740,MCH-001-03-02,2026-01-20 20:00:00,78.39,1.912,98.43
SENSOR-00001741,MCH-001-03-02,2026-01-21 00:00:00,77.59,2.35,100.35
SENSOR-00001742,MCH-001-03-02,2026-01-21 04:00:00,72.84,2.745,104.56
SENSOR-00001743,MCH-001-03-02,2026-01-21 08:00:00,80.89,2.327,97.14
SENSOR-00001744,MCH-001-03-02,2026-01-21 12:00:00,80.47,2.565,100.99
SENSOR-00001745,MCH-001-03-02,2026-01-21 16:00:00,72.83,2.536,96.74
SENSOR-00001746,MCH-001-03-02,2026-01-21 20:00:00,77.9,2.774,104.89
SENSOR-00001747,MCH-001-03-02,2026-01-22 00:00:00,85.29,2.246,97.03
SENSOR-00001748,MCH-001-03-02,2026-01-22 04:00:00,80.26,2.13,99.41
SENSOR-00001749,MCH-001-03-02,2026-01-22 08:00:00,75.1,2.688,101.84
SENSOR-00001750,MCH-001-03-02,2026-01-22 12:00:00,77.19,2.329,103.65
SENSOR-00001751,MCH-001-03-02,2026-01-22 16:00:00,91.47,2.602,100.3
SENSOR-00001752,MCH-001-03-02,2026-01-22 20:00:00,70.17,2.27,99.36
SENSOR-00001753,MCH-001-03-02,2026-01-23 00:00:00,79.47,1.823,97.53
SENSOR-00001754,MCH-001-03-02,2026-01-23 04:00:00,74.92,2.613,98.45
SENSOR-00001755,MCH-001-03-02,2026-01-23 08:00:00,72.04,2.611,98.6
SENSOR-00001756,MCH-001-03-02,2026-01-23 12:00:00,77.53,2.151,95.94
SENSOR-00001757,MCH-001-03-02,2026-01-23 16:00:00,78.39,2.492,102.77
SENSOR-00001758,MCH-001-03-02,2026-01-23 20:00:00,73.24,2.23,104.08
SENSOR-00001759,MCH-001-03-02,2026-01-24 00:00:00,71.52,2.59,101.95
SENSOR-00001760,MCH-001-03-02,2026-01-24 04:00:00,71.17,2.598,101.36
SENSOR-00001761,MCH-001-03-02,2026-01-24 08:00:00,81.41,2.572,103.18
SENSOR-00001762,MCH-001-03-02,2026-01-24 12:00:00,77.27,2.674,96.14
SENSOR-00001763,MCH-001-03-02,2026-01-24 16:00:00,74.88,2.419,99.27
SENSOR-00001764,MCH-001-03-02,2026-01-24 20:00:00,77.14,2.588,101.18
SENSOR-00001765,MCH-001-03-02,2026-01-25 00:00:00,77.39,2.38,98.28
SENSOR-00001766,MCH-001-03-02,2026-01-25 04:00:00,81.7,2.14,102.12
SENSOR-00001767,MCH-001-03-02,2026-01-25 08:00:00,84.11,2.699,99.91
SENSOR-00001768,MCH-001-03-02,2026-01-25 12:00:00,70.83,2.089,98.77
SENSOR-00001769,MCH-001-03-02,2026-01-25 16:00:00,72.62,2.249,99.02
SENSOR-00001770,MCH-001-03-02,2026-01-25 20:00:00,74.96,2.551,96.29
SENSOR-00001771,MCH-001-03-02,2026-01-26 00:00:00,74.87,2.126,105.27
SENSOR-00001772,MCH-001-03-02,2026-01-26 04:00:00,71.09,2.594,100.6
SENSOR-00001773,MCH-001-03-02,2026-01-26 08:00:00,77.77,2.856,101.68
SENSOR-00001774,MCH-001-03-02,2026-01-26 12:00:00,73.13,2.706,98.11
SENSOR-00001775,MCH-001-03-02,2026-01-26 16:00:00,76.02,2.106,96.9
SENSOR-00001776,MCH-001-03-02,2026-01-26 20:00:00,75.57,2.521,94.89
SENSOR-00001777,MCH-001-03-02,2026-01-27 00:00:00,75.37,2.391,101.78
SENSOR-00001778,MCH-001-03-02,2026-01-27 04:00:00,71.35,2.107,101.23
SENSOR-00001779,MCH-001-03-02,2026-01-27 08:00:00,70.97,2.154,102.51
SENSOR-00001780,MCH-001-03-02,2026-01-27 12:00:00,77.47,2.116,98.14
SENSOR-00001781,MCH-001-03-02,2026-01-27 16:00:00,71.75,2.873,102.72
SENSOR-00001782,MCH-001-03-02,2026-01-27 20:00:00,73.68,2.573,95.93
SENSOR-00001783,MCH-001-03-02,2026-01-28 00:00:00,77.01,2.479,96.46
SENSOR-00001784,MCH-001-03-02,2026-01-28 04:00:00,71.37,2.529,104.42
SENSOR-00001785,MCH-001-03-02,2026-01-28 08:00:00,75.98,2.326,100.67
SENSOR-00001786,MCH-001-03-02,2026-01-28 12:00:00,70.82,2.756,100.56
SENSOR-00001787,MCH-001-03-02,2026-01-28 16:00:00,72.69,2.388,98.42
SENSOR-00001788,MCH-001-03-02,2026-01-28 20:00:00,80.61,2.379,100.47
SENSOR-00001789,MCH-001-03-02,2026-01-29 00:00:00,75.51,2.494,104.01
SENSOR-00001790,MCH-001-03-02,2026-01-29 04:00:00,70.65,2.344,102.0
SENSOR-00001791,MCH-001-03-02,2026-01-29 08:00:00,77.29,2.544,108.26
SENSOR-00001792,MCH-001-03-02,2026-01-29 12:00:00,77.82,2.712,99.08
SENSOR-00001793,MCH-001-03-02,2026-01-29 16:00:00,71.39,2.351,102.14
SENSOR-00001794,MCH-001-03-02,2026-01-29 20:00:00,76.99,2.53,99.36
SENSOR-00001795,MCH-001-03-02,2026-01-30 00:00:00,74.6,2.821,98.75
SENSOR-00001796,MCH-001-03-02,2026-01-30 04:00:00,76.08,2.581,97.38
SENSOR-00001797,MCH-001-03-02,2026-01-30 08:00:00,75.07,2.363,98.46
SENSOR-00001798,MCH-001-03-02,2026-01-30 12:00:00,73.61,2.707,98.2
SENSOR-00001799,MCH-001-03-02,2026-01-30 16:00:00,77.63,2.508,95.81
SENSOR-00001800,MCH-001-03-02,2026-01-30 20:00:00,77.44,2.076,101.88
SENSOR-00001801,MCH-001-03-03,2026-01-01 00:00:00,60.86,2.552,101.59
SENSOR-00001802,MCH-001-03-03,2026-01-01 04:00:00,73.39,2.012,94.43
SENSOR-00001803,MCH-001-03-03,2026-01-01 08:00:00,73.3,1.907,101.63
SENSOR-00001804,MCH-001-03-03,2026-01-01 12:00:00,69.72,2.107,97.68
SENSOR-00001805,MCH-001-03-03,2026-01-01 16:00:00,74.06,1.751,106.74
SENSOR-00001806,MCH-001-03-03,2026-01-01 20:00:00,79.55,2.456,103.83
SENSOR-00001807,MCH-001-03-03,2026-01-02 00:00:00,64.19,2.12,97.47
SENSOR-00001808,MCH-001-03-03,2026-01-02 04:00:00,64.89,2.108,99.0
SENSOR-00001809,MCH-001-03-03,2026-01-02 08:00:00,73.95,1.731,97.73
SENSOR-00001810,MCH-001-03-03,2026-01-02 12:00:00,61.05,1.502,105.39
SENSOR-00001811,MCH-001-03-03,2026-01-02 16:00:00,78.93,2.071,97.53
SENSOR-00001812,MCH-001-03-03,2026-01-02 20:00:00,69.41,2.266,98.46
SENSOR-00001813,MCH-001-03-03,2026-01-03 00:00:00,71.11,2.394,99.5
SENSOR-00001814,MCH-001-03-03,2026-01-03 04:00:00,74.28,1.6,98.59
SENSOR-00001815,MCH-001-03-03,2026-01-03 08:00:00,70.71,2.529,94.12
SENSOR-00001816,MCH-001-03-03,2026-01-03 12:00:00,70.21,2.412,97.64
SENSOR-00001817,MCH-001-03-03,2026-01-03 16:00:00,69.75,2.131,100.55
SENSOR-00001818,MCH-001-03-03,2026-01-03 20:00:00,76.86,2.16,103.98
SENSOR-00001819,MCH-001-03-03,2026-01-04 00:00:00,66.02,2.241,98.56
SENSOR-00001820,MCH-001-03-03,2026-01-04 04:00:00,75.24,1.95,101.9
SENSOR-00001821,MCH-001-03-03,2026-01-04 08:00:00,71.32,2.234,100.33
SENSOR-00001822,MCH-001-03-03,2026-01-04 12:00:00,63.95,2.3,99.74
SENSOR-00001823,MCH-001-03-03,2026-01-04 16:00:00,73.76,2.221,97.68
SENSOR-00001824,MCH-001-03-03,2026-01-04 20:00:00,66.94,2.212,99.09
SENSOR-00001825,MCH-001-03-03,2026-01-05 00:00:00,70.38,2.181,100.14
SENSOR-00001826,MCH-001-03-03,2026-01-05 04:00:00,71.1,2.479,103.61
SENSOR-00001827,MCH-001-03-03,2026-01-05 08:00:00,70.92,2.102,97.89
SENSOR-00001828,MCH-001-03-03,2026-01-05 12:00:00,69.91,2.125,102.55
SENSOR-00001829,MCH-001-03-03,2026-01-05 16:00:00,73.6,1.771,102.93
SENSOR-00001830,MCH-001-03-03,2026-01-05 20:00:00,70.24,1.801,104.01
SENSOR-00001831,MCH-001-03-03,2026-01-06 00:00:00,74.86,1.921,96.91
SENSOR-00001832,MCH-001-03-03,2026-01-06 04:00:00,72.62,1.978,100.99
SENSOR-00001833,MCH-001-03-03,2026-01-06 08:00:00,73.57,1.906,96.65
SENSOR-00001834,MCH-001-03-03,2026-01-06 12:00:00,72.14,1.915,100.44
SENSOR-00001835,MCH-001-03-03,2026-01-06 16:00:00,65.23,1.985,102.14
SENSOR-00001836,MCH-001-03-03,2026-01-06 20:00:00,73.02,1.851,96.5
SENSOR-00001837,MCH-001-03-03,2026-01-07 00:00:00,71.41,2.559,96.14
SENSOR-00001838,MCH-001-03-03,2026-01-07 04:00:00,70.72,1.991,100.29
SENSOR-00001839,MCH-001-03-03,2026-01-07 08:00:00,71.38,2.333,100.25
SENSOR-00001840,MCH-001-03-03,2026-01-07 12:00:00,75.71,2.019,98.95
SENSOR-00001841,MCH-001-03-03,2026-01-07 16:00:00,67.92,1.594,100.83
SENSOR-00001842,MCH-001-03-03,2026-01-07 20:00:00,78.82,2.163,102.06
SENSOR-00001843,MCH-001-03-03,2026-01-08 00:00:00,67.59,1.686,96.62
SENSOR-00001844,MCH-001-03-03,2026-01-08 04:00:00,70.8,1.975,95.59
SENSOR-00001845,MCH-001-03-03,2026-01-08 08:00:00,70.45,1.968,96.48
SENSOR-00001846,MCH-001-03-03,2026-01-08 12:00:00,69.12,1.968,98.15
SENSOR-00001847,MCH-001-03-03,2026-01-08 16:00:00,74.31,1.572,94.04
SENSOR-00001848,MCH-001-03-03,2026-01-08 20:00:00,70.61,2.072,101.21
SENSOR-00001849,MCH-001-03-03,2026-01-09 00:00:00,69.82,2.187,101.94
SENSOR-00001850,MCH-001-03-03,2026-01-09 04:00:00,73.53,2.12,100.58
SENSOR-00001851,MCH-001-03-03,2026-01-09 08:00:00,71.0,1.904,100.98
SENSOR-00001852,MCH-001-03-03,2026-01-09 12:00:00,78.71,2.351,100.91
SENSOR-00001853,MCH-001-03-03,2026-01-09 16:00:00,74.02,1.831,99.22
SENSOR-00001854,MCH-001-03-03,2026-01-09 20:00:00,74.39,2.42,97.69
SENSOR-00001855,MCH-001-03-03,2026-01-10 00:00:00,76.03,1.789,98.94
SENSOR-00001856,MCH-001-03-03,2026-01-10 04:00:00,74.26,2.016,98.52
SENSOR-00001857,MCH-001-03-03,2026-01-10 08:00:00,74.64,2.324,98.65
SENSOR-00001858,MCH-001-03-03,2026-01-10 12:00:00,71.45,1.746,97.31
SENSOR-00001859,MCH-001-03-03,2026-01-10 16:00:00,71.1,2.056,97.1
SENSOR-00001860,MCH-001-03-03,2026-01-10 20:00:00,67.74,1.782,101.37
SENSOR-00001861,MCH-001-03-03,2026-01-11 00:00:00,66.64,1.75,99.66
SENSOR-00001862,MCH-001-03-03,2026-01-11 04:00:00,75.51,2.198,97.85
SENSOR-00001863,MCH-001-03-03,2026-01-11 08:00:00,73.42,1.487,97.74
SENSOR-00001864,MCH-001-03-03,2026-01-11 12:00:00,67.3,2.068,99.39
SENSOR-00001865,MCH-001-03-03,2026-01-11 16:00:00,70.03,2.004,100.07
SENSOR-00001866,MCH-001-03-03,2026-01-11 20:00:00,72.76,2.085,99.15
SENSOR-00001867,MCH-001-03-03,2026-01-12 00:00:00,66.8,2.595,98.49
SENSOR-00001868,MCH-001-03-03,2026-01-12 04:00:00,68.6,1.955,100.29
SENSOR-00001869,MCH-001-03-03,2026-01-12 08:00:00,69.29,2.015,89.41
SENSOR-00001870,MCH-001-03-03,2026-01-12 12:00:00,70.83,2.052,103.12
SENSOR-00001871,MCH-001-03-03,2026-01-12 16:00:00,75.84,2.001,102.45
SENSOR-00001872,MCH-001-03-03,2026-01-12 20:00:00,66.19,2.24,98.28
SENSOR-00001873,MCH-001-03-03,2026-01-13 00:00:00,71.5,2.102,101.98
SENSOR-00001874,MCH-001-03-03,2026-01-13 04:00:00,71.6,1.863,102.64
SENSOR-00001875,MCH-001-03-03,2026-01-13 08:00:00,77.53,1.902,94.49
SENSOR-00001876,MCH-001-03-03,2026-01-13 12:00:00,72.6,1.965,99.61
SENSOR-00001877,MCH-001-03-03,2026-01-13 16:00:00,72.82,1.934,99.19
SENSOR-00001878,MCH-001-03-03,2026-01-13 20:00:00,70.2,2.415,100.09
SENSOR-00001879,MCH-001-03-03,2026-01-14 00:00:00,73.01,2.199,92.18
SENSOR-00001880,MCH-001-03-03,2026-01-14 04:00:00,69.64,2.177,98.77
SENSOR-00001881,MCH-001-03-03,2026-01-14 08:00:00,70.74,2.236,100.24
SENSOR-00001882,MCH-001-03-03,2026-01-14 12:00:00,76.63,2.33,99.64
SENSOR-00001883,MCH-001-03-03,2026-01-14 16:00:00,69.81,1.335,99.02
SENSOR-00001884,MCH-001-03-03,2026-01-14 20:00:00,65.19,2.103,100.46
SENSOR-00001885,MCH-001-03-03,2026-01-15 00:00:00,72.97,1.811,99.11
SENSOR-00001886,MCH-001-03-03,2026-01-15 04:00:00,69.96,1.936,102.43
SENSOR-00001887,MCH-001-03-03,2026-01-15 08:00:00,73.16,2.34,99.01
SENSOR-00001888,MCH-001-03-03,2026-01-15 12:00:00,75.41,1.707,95.83
SENSOR-00001889,MCH-001-03-03,2026-01-15 16:00:00,65.74,2.05,103.61
SENSOR-00001890,MCH-001-03-03,2026-01-15 20:00:00,68.19,1.929,99.35
SENSOR-00001891,MCH-001-03-03,2026-01-16 00:00:00,76.28,2.399,100.17
SENSOR-00001892,MCH-001-03-03,2026-01-16 04:00:00,64.61,2.62,101.16
SENSOR-00001893,MCH-001-03-03,2026-01-16 08:00:00,69.3,2.287,102.11
SENSOR-00001894,MCH-001-03-03,2026-01-16 12:00:00,75.84,1.882,100.96
SENSOR-00001895,MCH-001-03-03,2026-01-16 16:00:00,65.86,2.215,99.93
SENSOR-00001896,MCH-001-03-03,2026-01-16 20:00:00,71.72,2.011,99.25
SENSOR-00001897,MCH-001-03-03,2026-01-17 00:00:00,62.04,2.4,101.1
SENSOR-00001898,MCH-001-03-03,2026-01-17 04:00:00,70.48,1.5,94.53
SENSOR-00001899,MCH-001-03-03,2026-01-17 08:00:00,70.59,2.541,97.9
SENSOR-00001900,MCH-001-03-03,2026-01-17 12:00:00,74.05,1.928,100.17
SENSOR-00001901,MCH-001-03-03,2026-01-17 16:00:00,75.46,1.961,97.93
SENSOR-00001902,MCH-001-03-03,2026-01-17 20:00:00,76.27,2.059,103.27
SENSOR-00001903,MCH-001-03-03,2026-01-18 00:00:00,63.88,1.616,101.85
SENSOR-00001904,MCH-001-03-03,2026-01-18 04:00:00,65.99,2.123,100.41
SENSOR-00001905,MCH-001-03-03,2026-01-18 08:00:00,70.34,2.158,100.47
SENSOR-00001906,MCH-001-03-03,2026-01-18 12:00:00,59.76,1.967,101.28
SENSOR-00001907,MCH-001-03-03,2026-01-18 16:00:00,77.16,2.47,95.91
SENSOR-00001908,MCH-001-03-03,2026-01-18 20:00:00,69.2,1.656,104.56
SENSOR-00001909,MCH-001-03-03,2026-01-19 00:00:00,69.84,1.96,103.4
SENSOR-00001910,MCH-001-03-03,2026-01-19 04:00:00,77.26,1.861,99.21
SENSOR-00001911,MCH-001-03-03,2026-01-19 08:00:00,72.0,2.17,98.43
SENSOR-00001912,MCH-001-03-03,2026-01-19 12:00:00,78.13,2.153,101.59
SENSOR-00001913,MCH-001-03-03,2026-01-19 16:00:00,77.64,1.936,99.73
SENSOR-00001914,MCH-001-03-03,2026-01-19 20:00:00,65.59,2.005,95.53
SENSOR-00001915,MCH-001-03-03,2026-01-20 00:00:00,63.47,2.219,94.98
SENSOR-00001916,MCH-001-03-03,2026-01-20 04:00:00,70.13,1.757,104.29
SENSOR-00001917,MCH-001-03-03,2026-01-20 08:00:00,65.97,1.635,100.4
SENSOR-00001918,MCH-001-03-03,2026-01-20 12:00:00,68.94,1.672,101.58
SENSOR-00001919,MCH-001-03-03,2026-01-20 16:00:00,62.63,1.789,98.27
SENSOR-00001920,MCH-001-03-03,2026-01-20 20:00:00,73.81,2.372,103.31
SENSOR-00001921,MCH-001-03-03,2026-01-21 00:00:00,66.01,2.284,98.71
SENSOR-00001922,MCH-001-03-03,2026-01-21 04:00:00,65.87,2.43,101.38
SENSOR-00001923,MCH-001-03-03,2026-01-21 08:00:00,69.07,1.762,106.14
SENSOR-00001924,MCH-001-03-03,2026-01-21 12:00:00,70.5,2.397,102.68
SENSOR-00001925,MCH-001-03-03,2026-01-21 16:00:00,68.52,1.92,104.34
SENSOR-00001926,MCH-001-03-03,2026-01-21 20:00:00,76.45,1.579,101.65
SENSOR-00001927,MCH-001-03-03,2026-01-22 00:00:00,76.89,2.171,105.38
SENSOR-00001928,MCH-001-03-03,2026-01-22 04:00:00,69.96,1.911,105.28
SENSOR-00001929,MCH-001-03-03,2026-01-22 08:00:00,68.29,2.003,102.16
SENSOR-00001930,MCH-001-03-03,2026-01-22 12:00:00,65.65,2.226,101.75
SENSOR-00001931,MCH-001-03-03,2026-01-22 16:00:00,75.68,2.27,103.9
SENSOR-00001932,MCH-001-03-03,2026-01-22 20:00:00,70.16,1.832,106.33
SENSOR-00001933,MCH-001-03-03,2026-01-23 00:00:00,63.1,2.243,95.36
SENSOR-00001934,MCH-001-03-03,2026-01-23 04:00:00,65.49,2.176,103.19
SENSOR-00001935,MCH-001-03-03,2026-01-23 08:00:00,69.96,2.191,101.61
SENSOR-00001936,MCH-001-03-03,2026-01-23 12:00:00,69.74,1.774,101.69
SENSOR-00001937,MCH-001-03-03,2026-01-23 16:00:00,73.05,2.271,100.94
SENSOR-00001938,MCH-001-03-03,2026-01-23 20:00:00,65.93,2.221,100.0
SENSOR-00001939,MCH-001-03-03,2026-01-24 00:00:00,76.01,2.385,96.48
SENSOR-00001940,MCH-001-03-03,2026-01-24 04:00:00,60.51,2.03,103.37
SENSOR-00001941,MCH-001-03-03,2026-01-24 08:00:00,76.96,1.83,105.26
SENSOR-00001942,MCH-001-03-03,2026-01-24 12:00:00,61.69,1.956,98.75
SENSOR-00001943,MCH-001-03-03,2026-01-24 16:00:00,75.21,2.373,102.86
SENSOR-00001944,MCH-001-03-03,2026-01-24 20:00:00,65.2,2.264,101.53
SENSOR-00001945,MCH-001-03-03,2026-01-25 00:00:00,78.14,2.299,98.99
SENSOR-00001946,MCH-001-03-03,2026-01-25 04:00:00,69.42,2.138,96.61
SENSOR-00001947,MCH-001-03-03,2026-01-25 08:00:00,71.89,1.715,99.79
SENSOR-00001948,MCH-001-03-03,2026-01-25 12:00:00,65.93,1.768,104.94
SENSOR-00001949,MCH-001-03-03,2026-01-25 16:00:00,70.84,2.1,93.97
SENSOR-00001950,MCH-001-03-03,2026-01-25 20:00:00,68.21,2.163,100.58
SENSOR-00001951,MCH-001-03-03,2026-01-26 00:00:00,68.81,2.404,100.02
SENSOR-00001952,MCH-001-03-03,2026-01-26 04:00:00,74.18,1.638,95.19
SENSOR-00001953,MCH-001-03-03,2026-01-26 08:00:00,76.35,2.073,100.31
SENSOR-00001954,MCH-001-03-03,2026-01-26 12:00:00,66.13,2.073,96.56
SENSOR-00001955,MCH-001-03-03,2026-01-26 16:00:00,75.35,2.73,101.45
SENSOR-00001956,MCH-001-03-03,2026-01-26 20:00:00,68.06,1.415,94.95
SENSOR-00001957,MCH-001-03-03,2026-01-27 00:00:00,68.09,1.905,101.24
SENSOR-00001958,MCH-001-03-03,2026-01-27 04:00:00,71.34,2.581,101.32
SENSOR-00001959,MCH-001-03-03,2026-01-27 08:00:00,75.2,1.78,101.58
SENSOR-00001960,MCH-001-03-03,2026-01-27 12:00:00,67.71,2.147,102.07
SENSOR-00001961,MCH-001-03-03,2026-01-27 16:00:00,70.8,2.65,104.28
SENSOR-00001962,MCH-001-03-03,2026-01-27 20:00:00,75.31,2.239,105.29
SENSOR-00001963,MCH-001-03-03,2026-01-28 00:00:00,74.02,2.907,101.26
SENSOR-00001964,MCH-001-03-03,2026-01-28 04:00:00,67.66,1.724,99.02
SENSOR-00001965,MCH-001-03-03,2026-01-28 08:00:00,66.84,2.165,101.36
SENSOR-00001966,MCH-001-03-03,2026-01-28 12:00:00,68.75,2.544,97.79
SENSOR-00001967,MCH-001-03-03,2026-01-28 16:00:00,70.12,2.208,102.68
SENSOR-00001968,MCH-001-03-03,2026-01-28 20:00:00,75.71,2.155,103.15
SENSOR-00001969,MCH-001-03-03,2026-01-29 00:00:00,74.84,1.904,98.71
SENSOR-00001970,MCH-001-03-03,2026-01-29 04:00:00,66.3,1.918,98.52
SENSOR-00001971,MCH-001-03-03,2026-01-29 08:00:00,67.87,1.864,99.19
SENSOR-00001972,MCH-001-03-03,2026-01-29 12:00:00,69.47,2.517,98.82
SENSOR-00001973,MCH-001-03-03,2026-01-29 16:00:00,71.98,1.904,98.23
SENSOR-00001974,MCH-001-03-03,2026-01-29 20:00:00,63.78,1.655,96.38
SENSOR-00001975,MCH-001-03-03,2026-01-30 00:00:00,76.42,2.162,97.72
SENSOR-00001976,MCH-001-03-03,2026-01-30 04:00:00,71.24,1.841,101.26
SENSOR-00001977,MCH-001-03-03,2026-01-30 08:00:00,72.66,1.706,100.53
SENSOR-00001978,MCH-001-03-03,2026-01-30 12:00:00,70.13,2.184,102.49
SENSOR-00001979,MCH-001-03-03,2026-01-30 16:00:00,72.51,1.972,102.8
SENSOR-00001980,MCH-001-03-03,2026-01-30 20:00:00,67.11,1.718,90.41
SENSOR-00001981,MCH-001-03-04,2026-01-01 00:00:00,75.02,2.561,102.86
SENSOR-00001982,MCH-001-03-04,2026-01-01 04:00:00,75.52,2.208,98.63
SENSOR-00001983,MCH-001-03-04,2026-01-01 08:00:00,77.7,2.157,99.47
SENSOR-00001984,MCH-001-03-04,2026-01-01 12:00:00,73.61,2.386,96.97
SENSOR-00001985,MCH-001-03-04,2026-01-01 16:00:00,67.74,2.542,102.89
SENSOR-00001986,MCH-001-03-04,2026-01-01 20:00:00,67.98,2.504,103.25
SENSOR-00001987,MCH-001-03-04,2026-01-02 00:00:00,77.03,2.462,100.33
SENSOR-00001988,MCH-001-03-04,2026-01-02 04:00:00,81.87,2.256,103.84
SENSOR-00001989,MCH-001-03-04,2026-01-02 08:00:00,72.21,2.689,103.7
SENSOR-00001990,MCH-001-03-04,2026-01-02 12:00:00,73.98,2.827,101.41
SENSOR-00001991,MCH-001-03-04,2026-01-02 16:00:00,71.64,2.318,103.4
SENSOR-00001992,MCH-001-03-04,2026-01-02 20:00:00,78.84,2.147,99.58
SENSOR-00001993,MCH-001-03-04,2026-01-03 00:00:00,68.48,2.299,103.15
SENSOR-00001994,MCH-001-03-04,2026-01-03 04:00:00,81.43,2.219,97.33
SENSOR-00001995,MCH-001-03-04,2026-01-03 08:00:00,77.42,2.256,99.19
SENSOR-00001996,MCH-001-03-04,2026-01-03 12:00:00,78.66,2.276,94.1
SENSOR-00001997,MCH-001-03-04,2026-01-03 16:00:00,69.95,2.414,94.41
SENSOR-00001998,MCH-001-03-04,2026-01-03 20:00:00,73.96,2.064,104.92
SENSOR-00001999,MCH-001-03-04,2026-01-04 00:00:00,73.28,2.34,97.17
SENSOR-00002000,MCH-001-03-04,2026-01-04 04:00:00,79.73,1.596,98.67
SENSOR-00002001,MCH-001-03-04,2026-01-04 08:00:00,74.97,2.247,102.59
SENSOR-00002002,MCH-001-03-04,2026-01-04 12:00:00,79.96,2.059,106.28
SENSOR-00002003,MCH-001-03-04,2026-01-04 16:00:00,69.46,2.734,100.45
SENSOR-00002004,MCH-001-03-04,2026-01-04 20:00:00,73.13,2.31,99.9
SENSOR-00002005,MCH-001-03-04,2026-01-05 00:00:00,83.05,1.859,101.41
SENSOR-00002006,MCH-001-03-04,2026-01-05 04:00:00,75.18,2.616,102.15
SENSOR-00002007,MCH-001-03-04,2026-01-05 08:00:00,74.49,2.455,97.77
SENSOR-00002008,MCH-001-03-04,2026-01-05 12:00:00,77.6,1.942,102.33
SENSOR-00002009,MCH-001-03-04,2026-01-05 16:00:00,75.06,2.29,99.3
SENSOR-00002010,MCH-001-03-04,2026-01-05 20:00:00,74.51,2.736,109.7
SENSOR-00002011,MCH-001-03-04,2026-01-06 00:00:00,68.7,2.232,101.72
SENSOR-00002012,MCH-001-03-04,2026-01-06 04:00:00,75.32,2.766,95.77
SENSOR-00002013,MCH-001-03-04,2026-01-06 08:00:00,84.56,2.027,93.91
SENSOR-00002014,MCH-001-03-04,2026-01-06 12:00:00,74.91,2.128,99.88
SENSOR-00002015,MCH-001-03-04,2026-01-06 16:00:00,74.85,2.363,97.47
SENSOR-00002016,MCH-001-03-04,2026-01-06 20:00:00,76.88,2.333,103.31
SENSOR-00002017,MCH-001-03-04,2026-01-07 00:00:00,80.8,2.452,99.87
SENSOR-00002018,MCH-001-03-04,2026-01-07 04:00:00,71.01,2.603,99.99
SENSOR-00002019,MCH-001-03-04,2026-01-07 08:00:00,72.41,2.462,94.95
SENSOR-00002020,MCH-001-03-04,2026-01-07 12:00:00,68.61,2.132,101.05
SENSOR-00002021,MCH-001-03-04,2026-01-07 16:00:00,75.14,2.674,97.24
SENSOR-00002022,MCH-001-03-04,2026-01-07 20:00:00,77.45,2.384,97.17
SENSOR-00002023,MCH-001-03-04,2026-01-08 00:00:00,74.19,2.595,100.56
SENSOR-00002024,MCH-001-03-04,2026-01-08 04:00:00,73.03,2.269,101.91
SENSOR-00002025,MCH-001-03-04,2026-01-08 08:00:00,65.56,2.611,94.38
SENSOR-00002026,MCH-001-03-04,2026-01-08 12:00:00,69.49,2.283,106.51
SENSOR-00002027,MCH-001-03-04,2026-01-08 16:00:00,81.86,2.589,101.07
SENSOR-00002028,MCH-001-03-04,2026-01-08 20:00:00,67.7,2.451,98.35
SENSOR-00002029,MCH-001-03-04,2026-01-09 00:00:00,74.3,2.247,98.59
SENSOR-00002030,MCH-001-03-04,2026-01-09 04:00:00,74.53,2.22,100.02
SENSOR-00002031,MCH-001-03-04,2026-01-09 08:00:00,74.04,2.259,104.77
SENSOR-00002032,MCH-001-03-04,2026-01-09 12:00:00,76.81,2.316,100.44
SENSOR-00002033,MCH-001-03-04,2026-01-09 16:00:00,71.04,2.303,99.04
SENSOR-00002034,MCH-001-03-04,2026-01-09 20:00:00,70.16,2.509,98.48
SENSOR-00002035,MCH-001-03-04,2026-01-10 00:00:00,72.42,2.732,102.22
SENSOR-00002036,MCH-001-03-04,2026-01-10 04:00:00,74.39,2.347,100.54
SENSOR-00002037,MCH-001-03-04,2026-01-10 08:00:00,78.66,2.511,97.97
SENSOR-00002038,MCH-001-03-04,2026-01-10 12:00:00,74.45,2.907,100.75
SENSOR-00002039,MCH-001-03-04,2026-01-10 16:00:00,78.63,2.547,100.82
SENSOR-00002040,MCH-001-03-04,2026-01-10 20:00:00,75.58,2.636,102.16
SENSOR-00002041,MCH-001-03-04,2026-01-11 00:00:00,85.42,2.171,97.83
SENSOR-00002042,MCH-001-03-04,2026-01-11 04:00:00,75.08,2.2,102.65
SENSOR-00002043,MCH-001-03-04,2026-01-11 08:00:00,73.01,2.575,96.01
SENSOR-00002044,MCH-001-03-04,2026-01-11 12:00:00,67.92,2.355,95.29
SENSOR-00002045,MCH-001-03-04,2026-01-11 16:00:00,81.22,2.03,96.89
SENSOR-00002046,MCH-001-03-04,2026-01-11 20:00:00,76.8,2.265,95.44
SENSOR-00002047,MCH-001-03-04,2026-01-12 00:00:00,74.24,2.599,96.5
SENSOR-00002048,MCH-001-03-04,2026-01-12 04:00:00,83.22,2.222,99.97
SENSOR-00002049,MCH-001-03-04,2026-01-12 08:00:00,70.51,2.087,97.38
SENSOR-00002050,MCH-001-03-04,2026-01-12 12:00:00,71.27,2.308,97.06
SENSOR-00002051,MCH-001-03-04,2026-01-12 16:00:00,77.93,2.216,97.32
SENSOR-00002052,MCH-001-03-04,2026-01-12 20:00:00,73.58,2.66,100.64
SENSOR-00002053,MCH-001-03-04,2026-01-13 00:00:00,72.89,2.206,97.34
SENSOR-00002054,MCH-001-03-04,2026-01-13 04:00:00,76.99,2.34,106.24
SENSOR-00002055,MCH-001-03-04,2026-01-13 08:00:00,80.15,2.739,102.01
SENSOR-00002056,MCH-001-03-04,2026-01-13 12:00:00,73.46,2.561,98.95
SENSOR-00002057,MCH-001-03-04,2026-01-13 16:00:00,81.67,2.513,100.79
SENSOR-00002058,MCH-001-03-04,2026-01-13 20:00:00,75.66,2.847,95.7
SENSOR-00002059,MCH-001-03-04,2026-01-14 00:00:00,72.46,2.345,96.09
SENSOR-00002060,MCH-001-03-04,2026-01-14 04:00:00,73.6,3.055,102.33
SENSOR-00002061,MCH-001-03-04,2026-01-14 08:00:00,74.09,2.259,99.87
SENSOR-00002062,MCH-001-03-04,2026-01-14 12:00:00,75.67,2.307,101.59
SENSOR-00002063,MCH-001-03-04,2026-01-14 16:00:00,71.34,2.172,101.11
SENSOR-00002064,MCH-001-03-04,2026-01-14 20:00:00,70.48,2.594,99.96
SENSOR-00002065,MCH-001-03-04,2026-01-15 00:00:00,75.11,2.645,99.14
SENSOR-00002066,MCH-001-03-04,2026-01-15 04:00:00,74.43,2.404,103.32
SENSOR-00002067,MCH-001-03-04,2026-01-15 08:00:00,76.4,2.148,104.87
SENSOR-00002068,MCH-001-03-04,2026-01-15 12:00:00,73.98,2.298,91.51
SENSOR-00002069,MCH-001-03-04,2026-01-15 16:00:00,77.69,2.437,100.3
SENSOR-00002070,MCH-001-03-04,2026-01-15 20:00:00,73.54,2.268,98.89
SENSOR-00002071,MCH-001-03-04,2026-01-16 00:00:00,68.98,2.155,93.94
SENSOR-00002072,MCH-001-03-04,2026-01-16 04:00:00,74.45,2.814,99.65
SENSOR-00002073,MCH-001-03-04,2026-01-16 08:00:00,77.72,3.0,101.21
SENSOR-00002074,MCH-001-03-04,2026-01-16 12:00:00,72.09,2.255,100.0
SENSOR-00002075,MCH-001-03-04,2026-01-16 16:00:00,72.62,2.272,102.96
SENSOR-00002076,MCH-001-03-04,2026-01-16 20:00:00,79.25,2.0,97.55
SENSOR-00002077,MCH-001-03-04,2026-01-17 00:00:00,74.59,2.308,92.14
SENSOR-00002078,MCH-001-03-04,2026-01-17 04:00:00,75.64,2.366,103.81
SENSOR-00002079,MCH-001-03-04,2026-01-17 08:00:00,75.17,2.098,99.23
SENSOR-00002080,MCH-001-03-04,2026-01-17 12:00:00,66.79,2.109,101.91
SENSOR-00002081,MCH-001-03-04,2026-01-17 16:00:00,74.16,2.643,94.1
SENSOR-00002082,MCH-001-03-04,2026-01-17 20:00:00,74.18,2.293,102.87
SENSOR-00002083,MCH-001-03-04,2026-01-18 00:00:00,75.56,2.68,99.82
SENSOR-00002084,MCH-001-03-04,2026-01-18 04:00:00,75.37,2.539,98.01
SENSOR-00002085,MCH-001-03-04,2026-01-18 08:00:00,72.32,2.531,99.91
SENSOR-00002086,MCH-001-03-04,2026-01-18 12:00:00,73.52,2.391,104.78
SENSOR-00002087,MCH-001-03-04,2026-01-18 16:00:00,73.38,2.294,94.88
SENSOR-00002088,MCH-001-03-04,2026-01-18 20:00:00,74.98,2.576,102.51
SENSOR-00002089,MCH-001-03-04,2026-01-19 00:00:00,74.47,2.08,101.99
SENSOR-00002090,MCH-001-03-04,2026-01-19 04:00:00,78.27,2.804,103.84
SENSOR-00002091,MCH-001-03-04,2026-01-19 08:00:00,82.93,2.567,100.69
SENSOR-00002092,MCH-001-03-04,2026-01-19 12:00:00,69.61,2.489,98.34
SENSOR-00002093,MCH-001-03-04,2026-01-19 16:00:00,76.0,2.426,101.42
SENSOR-00002094,MCH-001-03-04,2026-01-19 20:00:00,74.76,2.646,91.83
SENSOR-00002095,MCH-001-03-04,2026-01-20 00:00:00,73.09,2.134,101.59
SENSOR-00002096,MCH-001-03-04,2026-01-20 04:00:00,75.2,2.322,98.3
SENSOR-00002097,MCH-001-03-04,2026-01-20 08:00:00,77.17,2.607,96.61
SENSOR-00002098,MCH-001-03-04,2026-01-20 12:00:00,70.0,2.651,95.87
SENSOR-00002099,MCH-001-03-04,2026-01-20 16:00:00,77.34,2.816,104.86
SENSOR-00002100,MCH-001-03-04,2026-01-20 20:00:00,78.1,2.589,106.76
SENSOR-00002101,MCH-001-03-04,2026-01-21 00:00:00,72.96,2.48,97.68
SENSOR-00002102,MCH-001-03-04,2026-01-21 04:00:00,78.96,2.575,103.3
SENSOR-00002103,MCH-001-03-04,2026-01-21 08:00:00,70.63,1.987,99.99
SENSOR-00002104,MCH-001-03-04,2026-01-21 12:00:00,86.74,2.729,98.34
SENSOR-00002105,MCH-001-03-04,2026-01-21 16:00:00,76.85,2.594,95.89
SENSOR-00002106,MCH-001-03-04,2026-01-21 20:00:00,80.63,2.37,99.73
SENSOR-00002107,MCH-001-03-04,2026-01-22 00:00:00,84.79,2.265,101.19
SENSOR-00002108,MCH-001-03-04,2026-01-22 04:00:00,73.4,2.651,99.82
SENSOR-00002109,MCH-001-03-04,2026-01-22 08:00:00,82.03,2.279,104.22
SENSOR-00002110,MCH-001-03-04,2026-01-22 12:00:00,77.52,2.404,101.63
SENSOR-00002111,MCH-001-03-04,2026-01-22 16:00:00,76.19,2.501,99.38
SENSOR-00002112,MCH-001-03-04,2026-01-22 20:00:00,72.34,2.328,94.95
SENSOR-00002113,MCH-001-03-04,2026-01-23 00:00:00,75.36,2.748,97.53
SENSOR-00002114,MCH-001-03-04,2026-01-23 04:00:00,66.95,2.615,98.39
SENSOR-00002115,MCH-001-03-04,2026-01-23 08:00:00,68.12,2.372,103.69
SENSOR-00002116,MCH-001-03-04,2026-01-23 12:00:00,70.1,2.996,97.49
SENSOR-00002117,MCH-001-03-04,2026-01-23 16:00:00,75.5,2.107,100.12
SENSOR-00002118,MCH-001-03-04,2026-01-23 20:00:00,74.61,2.04,108.48
SENSOR-00002119,MCH-001-03-04,2026-01-24 00:00:00,78.76,2.003,97.59
SENSOR-00002120,MCH-001-03-04,2026-01-24 04:00:00,75.14,2.523,99.22
SENSOR-00002121,MCH-001-03-04,2026-01-24 08:00:00,81.23,2.593,101.93
SENSOR-00002122,MCH-001-03-04,2026-01-24 12:00:00,70.23,2.837,97.59
SENSOR-00002123,MCH-001-03-04,2026-01-24 16:00:00,82.1,2.918,101.54
SENSOR-00002124,MCH-001-03-04,2026-01-24 20:00:00,79.28,1.641,99.41
SENSOR-00002125,MCH-001-03-04,2026-01-25 00:00:00,79.88,2.293,101.56
SENSOR-00002126,MCH-001-03-04,2026-01-25 04:00:00,74.28,2.472,96.56
SENSOR-00002127,MCH-001-03-04,2026-01-25 08:00:00,77.64,2.002,94.51
SENSOR-00002128,MCH-001-03-04,2026-01-25 12:00:00,74.66,2.359,100.82
SENSOR-00002129,MCH-001-03-04,2026-01-25 16:00:00,72.55,2.883,100.48
SENSOR-00002130,MCH-001-03-04,2026-01-25 20:00:00,76.08,2.461,103.01
SENSOR-00002131,MCH-001-03-04,2026-01-26 00:00:00,70.17,2.409,95.98
SENSOR-00002132,MCH-001-03-04,2026-01-26 04:00:00,76.7,1.942,101.04
SENSOR-00002133,MCH-001-03-04,2026-01-26 08:00:00,69.27,2.316,102.68
SENSOR-00002134,MCH-001-03-04,2026-01-26 12:00:00,76.06,2.001,97.98
SENSOR-00002135,MCH-001-03-04,2026-01-26 16:00:00,69.14,1.988,100.35
SENSOR-00002136,MCH-001-03-04,2026-01-26 20:00:00,77.39,2.522,101.81
SENSOR-00002137,MCH-001-03-04,2026-01-27 00:00:00,69.77,2.381,95.73
SENSOR-00002138,MCH-001-03-04,2026-01-27 04:00:00,73.6,2.325,102.53
SENSOR-00002139,MCH-001-03-04,2026-01-27 08:00:00,73.35,2.364,98.71
SENSOR-00002140,MCH-001-03-04,2026-01-27 12:00:00,69.55,2.249,98.85
SENSOR-00002141,MCH-001-03-04,2026-01-27 16:00:00,75.45,2.552,99.3
SENSOR-00002142,MCH-001-03-04,2026-01-27 20:00:00,74.14,1.982,101.62
SENSOR-00002143,MCH-001-03-04,2026-01-28 00:00:00,72.89,2.553,101.49
SENSOR-00002144,MCH-001-03-04,2026-01-28 04:00:00,73.76,1.998,101.37
SENSOR-00002145,MCH-001-03-04,2026-01-28 08:00:00,72.08,2.466,100.45
SENSOR-00002146,MCH-001-03-04,2026-01-28 12:00:00,67.59,2.432,101.54
SENSOR-00002147,MCH-001-03-04,2026-01-28 16:00:00,77.7,2.441,94.07
SENSOR-00002148,MCH-001-03-04,2026-01-28 20:00:00,80.26,2.515,96.39
SENSOR-00002149,MCH-001-03-04,2026-01-29 00:00:00,71.56,2.789,106.17
SENSOR-00002150,MCH-001-03-04,2026-01-29 04:00:00,76.09,2.252,99.34
SENSOR-00002151,MCH-001-03-04,2026-01-29 08:00:00,77.04,2.021,98.28
SENSOR-00002152,MCH-001-03-04,2026-01-29 12:00:00,80.89,2.151,97.75
SENSOR-00002153,MCH-001-03-04,2026-01-29 16:00:00,75.2,2.483,98.12
SENSOR-00002154,MCH-001-03-04,2026-01-29 20:00:00,75.46,2.564,105.88
SENSOR-00002155,MCH-001-03-04,2026-01-30 00:00:00,74.76,2.05,99.82
SENSOR-00002156,MCH-001-03-04,2026-01-30 04:00:00,80.08,2.103,99.27
SENSOR-00002157,MCH-001-03-04,2026-01-30 08:00:00,73.6,2.238,100.74
SENSOR-00002158,MCH-001-03-04,2026-01-30 12:00:00,76.92,2.52,97.07
SENSOR-00002159,MCH-001-03-04,2026-01-30 16:00:00,68.57,2.478,98.48
SENSOR-00002160,MCH-001-03-04,2026-01-30 20:00:00,82.5,2.883,105.97
SENSOR-00002161,MCH-002-01-01,2026-01-01 00:00:00,82.81,2.753,101.39
SENSOR-00002162,MCH-002-01-01,2026-01-01 04:00:00,81.17,2.864,99.86
SENSOR-00002163,MCH-002-01-01,2026-01-01 08:00:00,83.38,2.769,95.63
SENSOR-00002164,MCH-002-01-01,2026-01-01 12:00:00,82.51,2.616,96.03
SENSOR-00002165,MCH-002-01-01,2026-01-01 16:00:00,76.14,2.889,99.71
SENSOR-00002166,MCH-002-01-01,2026-01-01 20:00:00,71.7,2.723,103.51
SENSOR-00002167,MCH-002-01-01,2026-01-02 00:00:00,80.26,2.75,101.96
SENSOR-00002168,MCH-002-01-01,2026-01-02 04:00:00,84.53,2.797,99.28
SENSOR-00002169,MCH-002-01-01,2026-01-02 08:00:00,82.32,2.754,98.98
SENSOR-00002170,MCH-002-01-01,2026-01-02 12:00:00,84.38,3.133,103.25
SENSOR-00002171,MCH-002-01-01,2026-01-02 16:00:00,79.56,2.284,99.56
SENSOR-00002172,MCH-002-01-01,2026-01-02 20:00:00,77.2,2.786,97.99
SENSOR-00002173,MCH-002-01-01,2026-01-03 00:00:00,81.44,3.0,104.12
SENSOR-00002174,MCH-002-01-01,2026-01-03 04:00:00,81.93,2.359,98.41
SENSOR-00002175,MCH-002-01-01,2026-01-03 08:00:00,83.02,2.662,104.86
SENSOR-00002176,MCH-002-01-01,2026-01-03 12:00:00,79.98,2.84,103.37
SENSOR-00002177,MCH-002-01-01,2026-01-03 16:00:00,79.5,2.863,102.7
SENSOR-00002178,MCH-002-01-01,2026-01-03 20:00:00,74.34,2.747,102.49
SENSOR-00002179,MCH-002-01-01,2026-01-04 00:00:00,80.99,3.045,96.5
SENSOR-00002180,MCH-002-01-01,2026-01-04 04:00:00,79.44,2.757,101.25
SENSOR-00002181,MCH-002-01-01,2026-01-04 08:00:00,80.2,2.682,103.75
SENSOR-00002182,MCH-002-01-01,2026-01-04 12:00:00,78.07,2.746,95.23
SENSOR-00002183,MCH-002-01-01,2026-01-04 16:00:00,77.38,2.948,100.96
SENSOR-00002184,MCH-002-01-01,2026-01-04 20:00:00,82.63,2.956,106.26
SENSOR-00002185,MCH-002-01-01,2026-01-05 00:00:00,82.25,3.354,98.93
SENSOR-00002186,MCH-002-01-01,2026-01-05 04:00:00,73.7,3.082,94.48
SENSOR-00002187,MCH-002-01-01,2026-01-05 08:00:00,77.21,2.949,99.69
SENSOR-00002188,MCH-002-01-01,2026-01-05 12:00:00,79.47,2.523,99.97
SENSOR-00002189,MCH-002-01-01,2026-01-05 16:00:00,84.25,2.824,97.51
SENSOR-00002190,MCH-002-01-01,2026-01-05 20:00:00,75.24,2.616,101.18
SENSOR-00002191,MCH-002-01-01,2026-01-06 00:00:00,76.28,2.857,107.07
SENSOR-00002192,MCH-002-01-01,2026-01-06 04:00:00,83.23,2.853,101.08
SENSOR-00002193,MCH-002-01-01,2026-01-06 08:00:00,73.23,2.538,92.47
SENSOR-00002194,MCH-002-01-01,2026-01-06 12:00:00,87.15,3.2,101.18
SENSOR-00002195,MCH-002-01-01,2026-01-06 16:00:00,80.77,2.431,99.34
SENSOR-00002196,MCH-002-01-01,2026-01-06 20:00:00,87.4,2.851,98.31
SENSOR-00002197,MCH-002-01-01,2026-01-07 00:00:00,84.48,2.729,109.14
SENSOR-00002198,MCH-002-01-01,2026-01-07 04:00:00,77.97,2.593,96.92
SENSOR-00002199,MCH-002-01-01,2026-01-07 08:00:00,79.39,2.389,100.88
SENSOR-00002200,MCH-002-01-01,2026-01-07 12:00:00,72.61,2.859,95.95
SENSOR-00002201,MCH-002-01-01,2026-01-07 16:00:00,78.71,2.97,106.91
SENSOR-00002202,MCH-002-01-01,2026-01-07 20:00:00,75.92,2.781,97.83
SENSOR-00002203,MCH-002-01-01,2026-01-08 00:00:00,84.35,2.727,97.59
SENSOR-00002204,MCH-002-01-01,2026-01-08 04:00:00,83.43,2.409,95.98
SENSOR-00002205,MCH-002-01-01,2026-01-08 08:00:00,77.87,2.989,103.7
SENSOR-00002206,MCH-002-01-01,2026-01-08 12:00:00,85.75,2.951,99.75
SENSOR-00002207,MCH-002-01-01,2026-01-08 16:00:00,83.41,2.532,94.47
SENSOR-00002208,MCH-002-01-01,2026-01-08 20:00:00,81.98,2.567,99.8
SENSOR-00002209,MCH-002-01-01,2026-01-09 00:00:00,82.03,2.642,103.06
SENSOR-00002210,MCH-002-01-01,2026-01-09 04:00:00,83.27,3.01,100.64
SENSOR-00002211,MCH-002-01-01,2026-01-09 08:00:00,84.37,3.136,100.85
SENSOR-00002212,MCH-002-01-01,2026-01-09 12:00:00,79.77,3.042,97.29
SENSOR-00002213,MCH-002-01-01,2026-01-09 16:00:00,77.36,2.805,94.78
SENSOR-00002214,MCH-002-01-01,2026-01-09 20:00:00,83.54,2.578,98.59
SENSOR-00002215,MCH-002-01-01,2026-01-10 00:00:00,74.41,2.694,99.69
SENSOR-00002216,MCH-002-01-01,2026-01-10 04:00:00,84.51,2.902,96.45
SENSOR-00002217,MCH-002-01-01,2026-01-10 08:00:00,78.28,3.04,96.4
SENSOR-00002218,MCH-002-01-01,2026-01-10 12:00:00,79.92,2.816,98.84
SENSOR-00002219,MCH-002-01-01,2026-01-10 16:00:00,91.01,2.715,101.35
SENSOR-00002220,MCH-002-01-01,2026-01-10 20:00:00,77.17,2.95,102.61
SENSOR-00002221,MCH-002-01-01,2026-01-11 00:00:00,77.02,2.757,104.92
SENSOR-00002222,MCH-002-01-01,2026-01-11 04:00:00,79.66,2.778,96.32
SENSOR-00002223,MCH-002-01-01,2026-01-11 08:00:00,73.69,2.777,101.09
SENSOR-00002224,MCH-002-01-01,2026-01-11 12:00:00,81.45,2.698,100.06
SENSOR-00002225,MCH-002-01-01,2026-01-11 16:00:00,72.88,2.934,100.48
SENSOR-00002226,MCH-002-01-01,2026-01-11 20:00:00,88.13,2.82,97.17
SENSOR-00002227,MCH-002-01-01,2026-01-12 00:00:00,84.28,2.885,97.56
SENSOR-00002228,MCH-002-01-01,2026-01-12 04:00:00,81.01,3.12,101.59
SENSOR-00002229,MCH-002-01-01,2026-01-12 08:00:00,83.22,2.703,99.39
SENSOR-00002230,MCH-002-01-01,2026-01-12 12:00:00,79.76,2.806,103.5
SENSOR-00002231,MCH-002-01-01,2026-01-12 16:00:00,70.84,2.826,99.76
SENSOR-00002232,MCH-002-01-01,2026-01-12 20:00:00,74.75,2.986,97.83
SENSOR-00002233,MCH-002-01-01,2026-01-13 00:00:00,77.23,2.469,101.7
SENSOR-00002234,MCH-002-01-01,2026-01-13 04:00:00,80.01,2.461,101.29
SENSOR-00002235,MCH-002-01-01,2026-01-13 08:00:00,79.16,2.951,101.33
SENSOR-00002236,MCH-002-01-01,2026-01-13 12:00:00,77.8,2.977,98.51
SENSOR-00002237,MCH-002-01-01,2026-01-13 16:00:00,78.5,2.685,103.39
SENSOR-00002238,MCH-002-01-01,2026-01-13 20:00:00,79.11,3.162,105.35
SENSOR-00002239,MCH-002-01-01,2026-01-14 00:00:00,80.87,3.139,101.48
SENSOR-00002240,MCH-002-01-01,2026-01-14 04:00:00,78.99,2.721,101.68
SENSOR-00002241,MCH-002-01-01,2026-01-14 08:00:00,83.51,3.068,99.22
SENSOR-00002242,MCH-002-01-01,2026-01-14 12:00:00,80.93,2.965,98.85
SENSOR-00002243,MCH-002-01-01,2026-01-14 16:00:00,75.69,2.617,99.28
SENSOR-00002244,MCH-002-01-01,2026-01-14 20:00:00,82.88,3.133,95.93
SENSOR-00002245,MCH-002-01-01,2026-01-15 00:00:00,79.19,3.1,96.99
SENSOR-00002246,MCH-002-01-01,2026-01-15 04:00:00,76.87,3.132,100.23
SENSOR-00002247,MCH-002-01-01,2026-01-15 08:00:00,82.91,2.919,99.89
SENSOR-00002248,MCH-002-01-01,2026-01-15 12:00:00,78.84,3.026,103.49
SENSOR-00002249,MCH-002-01-01,2026-01-15 16:00:00,84.57,2.522,103.91
SENSOR-00002250,MCH-002-01-01,2026-01-15 20:00:00,78.8,2.63,99.49
SENSOR-00002251,MCH-002-01-01,2026-01-16 00:00:00,79.9,2.475,102.54
SENSOR-00002252,MCH-002-01-01,2026-01-16 04:00:00,78.31,3.217,95.79
SENSOR-00002253,MCH-002-01-01,2026-01-16 08:00:00,79.51,2.644,97.07
SENSOR-00002254,MCH-002-01-01,2026-01-16 12:00:00,78.28,3.261,100.43
SENSOR-00002255,MCH-002-01-01,2026-01-16 16:00:00,77.06,2.361,94.84
SENSOR-00002256,MCH-002-01-01,2026-01-16 20:00:00,78.09,2.66,99.33
SENSOR-00002257,MCH-002-01-01,2026-01-17 00:00:00,76.81,2.855,96.34
SENSOR-00002258,MCH-002-01-01,2026-01-17 04:00:00,86.96,2.829,99.63
SENSOR-00002259,MCH-002-01-01,2026-01-17 08:00:00,86.6,2.815,101.2
SENSOR-00002260,MCH-002-01-01,2026-01-17 12:00:00,77.23,2.476,98.17
SENSOR-00002261,MCH-002-01-01,2026-01-17 16:00:00,88.98,2.977,100.82
SENSOR-00002262,MCH-002-01-01,2026-01-17 20:00:00,76.33,3.046,95.93
SENSOR-00002263,MCH-002-01-01,2026-01-18 00:00:00,83.87,2.769,101.67
SENSOR-00002264,MCH-002-01-01,2026-01-18 04:00:00,77.43,2.953,98.48
SENSOR-00002265,MCH-002-01-01,2026-01-18 08:00:00,82.07,2.913,100.21
SENSOR-00002266,MCH-002-01-01,2026-01-18 12:00:00,83.41,2.426,96.81
SENSOR-00002267,MCH-002-01-01,2026-01-18 16:00:00,79.15,2.458,98.78
SENSOR-00002268,MCH-002-01-01,2026-01-18 20:00:00,78.73,3.146,100.43
SENSOR-00002269,MCH-002-01-01,2026-01-19 00:00:00,70.88,3.267,101.79
SENSOR-00002270,MCH-002-01-01,2026-01-19 04:00:00,77.69,2.541,103.08
SENSOR-00002271,MCH-002-01-01,2026-01-19 08:00:00,75.78,2.564,97.7
SENSOR-00002272,MCH-002-01-01,2026-01-19 12:00:00,80.69,2.974,103.58
SENSOR-00002273,MCH-002-01-01,2026-01-19 16:00:00,84.41,2.819,103.06
SENSOR-00002274,MCH-002-01-01,2026-01-19 20:00:00,77.55,2.363,97.99
SENSOR-00002275,MCH-002-01-01,2026-01-20 00:00:00,77.07,3.01,99.39
SENSOR-00002276,MCH-002-01-01,2026-01-20 04:00:00,77.34,2.998,102.87
SENSOR-00002277,MCH-002-01-01,2026-01-20 08:00:00,80.16,2.614,100.81
SENSOR-00002278,MCH-002-01-01,2026-01-20 12:00:00,79.3,2.758,98.46
SENSOR-00002279,MCH-002-01-01,2026-01-20 16:00:00,83.93,2.881,103.11
SENSOR-00002280,MCH-002-01-01,2026-01-20 20:00:00,85.58,2.933,98.48
SENSOR-00002281,MCH-002-01-01,2026-01-21 00:00:00,81.41,2.949,103.46
SENSOR-00002282,MCH-002-01-01,2026-01-21 04:00:00,81.47,2.703,99.02
SENSOR-00002283,MCH-002-01-01,2026-01-21 08:00:00,74.94,3.234,98.38
SENSOR-00002284,MCH-002-01-01,2026-01-21 12:00:00,84.1,2.888,100.91
SENSOR-00002285,MCH-002-01-01,2026-01-21 16:00:00,79.76,2.622,97.09
SENSOR-00002286,MCH-002-01-01,2026-01-21 20:00:00,87.15,2.847,103.38
SENSOR-00002287,MCH-002-01-01,2026-01-22 00:00:00,78.93,2.775,106.33
SENSOR-00002288,MCH-002-01-01,2026-01-22 04:00:00,72.9,2.944,99.24
SENSOR-00002289,MCH-002-01-01,2026-01-22 08:00:00,77.67,2.749,102.0
SENSOR-00002290,MCH-002-01-01,2026-01-22 12:00:00,83.13,2.865,103.28
SENSOR-00002291,MCH-002-01-01,2026-01-22 16:00:00,85.31,3.023,98.36
SENSOR-00002292,MCH-002-01-01,2026-01-22 20:00:00,82.21,2.943,97.55
SENSOR-00002293,MCH-002-01-01,2026-01-23 00:00:00,81.71,2.552,101.37
SENSOR-00002294,MCH-002-01-01,2026-01-23 04:00:00,82.91,2.682,95.67
SENSOR-00002295,MCH-002-01-01,2026-01-23 08:00:00,80.63,2.568,103.36
SENSOR-00002296,MCH-002-01-01,2026-01-23 12:00:00,78.6,3.25,93.63
SENSOR-00002297,MCH-002-01-01,2026-01-23 16:00:00,80.77,3.176,97.33
SENSOR-00002298,MCH-002-01-01,2026-01-23 20:00:00,79.59,2.718,97.95
SENSOR-00002299,MCH-002-01-01,2026-01-24 00:00:00,76.07,2.495,97.14
SENSOR-00002300,MCH-002-01-01,2026-01-24 04:00:00,82.41,2.887,102.37
SENSOR-00002301,MCH-002-01-01,2026-01-24 08:00:00,78.93,2.587,102.76
SENSOR-00002302,MCH-002-01-01,2026-01-24 12:00:00,78.02,2.865,95.35
SENSOR-00002303,MCH-002-01-01,2026-01-24 16:00:00,77.95,3.071,97.85
SENSOR-00002304,MCH-002-01-01,2026-01-24 20:00:00,83.49,2.236,98.32
SENSOR-00002305,MCH-002-01-01,2026-01-25 00:00:00,74.31,2.705,103.83
SENSOR-00002306,MCH-002-01-01,2026-01-25 04:00:00,82.32,2.779,100.34
SENSOR-00002307,MCH-002-01-01,2026-01-25 08:00:00,82.56,3.012,98.33
SENSOR-00002308,MCH-002-01-01,2026-01-25 12:00:00,86.37,3.148,102.03
SENSOR-00002309,MCH-002-01-01,2026-01-25 16:00:00,76.86,2.563,99.02
SENSOR-00002310,MCH-002-01-01,2026-01-25 20:00:00,80.47,2.376,101.48
SENSOR-00002311,MCH-002-01-01,2026-01-26 00:00:00,84.6,2.536,100.66
SENSOR-00002312,MCH-002-01-01,2026-01-26 04:00:00,78.78,2.794,102.59
SENSOR-00002313,MCH-002-01-01,2026-01-26 08:00:00,84.12,3.168,101.28
SENSOR-00002314,MCH-002-01-01,2026-01-26 12:00:00,79.79,2.755,94.8
SENSOR-00002315,MCH-002-01-01,2026-01-26 16:00:00,85.59,2.738,101.52
SENSOR-00002316,MCH-002-01-01,2026-01-26 20:00:00,82.95,2.507,97.23
SENSOR-00002317,MCH-002-01-01,2026-01-27 00:00:00,75.46,3.082,101.43
SENSOR-00002318,MCH-002-01-01,2026-01-27 04:00:00,74.4,2.761,109.38
SENSOR-00002319,MCH-002-01-01,2026-01-27 08:00:00,80.3,2.633,96.97
SENSOR-00002320,MCH-002-01-01,2026-01-27 12:00:00,87.32,3.03,104.22
SENSOR-00002321,MCH-002-01-01,2026-01-27 16:00:00,81.22,3.132,97.46
SENSOR-00002322,MCH-002-01-01,2026-01-27 20:00:00,80.88,2.89,104.15
SENSOR-00002323,MCH-002-01-01,2026-01-28 00:00:00,82.37,3.301,101.51
SENSOR-00002324,MCH-002-01-01,2026-01-28 04:00:00,81.44,2.879,96.14
SENSOR-00002325,MCH-002-01-01,2026-01-28 08:00:00,84.06,2.207,98.24
SENSOR-00002326,MCH-002-01-01,2026-01-28 12:00:00,80.32,2.621,98.64
SENSOR-00002327,MCH-002-01-01,2026-01-28 16:00:00,87.59,3.095,97.94
SENSOR-00002328,MCH-002-01-01,2026-01-28 20:00:00,78.35,2.499,102.11
SENSOR-00002329,MCH-002-01-01,2026-01-29 00:00:00,80.26,2.998,98.38
SENSOR-00002330,MCH-002-01-01,2026-01-29 04:00:00,82.99,2.455,98.61
SENSOR-00002331,MCH-002-01-01,2026-01-29 08:00:00,75.4,2.667,103.75
SENSOR-00002332,MCH-002-01-01,2026-01-29 12:00:00,77.78,2.998,104.55
SENSOR-00002333,MCH-002-01-01,2026-01-29 16:00:00,80.12,3.067,101.59
SENSOR-00002334,MCH-002-01-01,2026-01-29 20:00:00,80.7,3.006,105.52
SENSOR-00002335,MCH-002-01-01,2026-01-30 00:00:00,82.42,2.802,100.54
SENSOR-00002336,MCH-002-01-01,2026-01-30 04:00:00,78.14,3.072,101.03
SENSOR-00002337,MCH-002-01-01,2026-01-30 08:00:00,82.58,2.858,101.57
SENSOR-00002338,MCH-002-01-01,2026-01-30 12:00:00,82.07,2.587,101.12
SENSOR-00002339,MCH-002-01-01,2026-01-30 16:00:00,83.4,3.107,101.25
SENSOR-00002340,MCH-002-01-01,2026-01-30 20:00:00,76.37,2.616,98.69
SENSOR-00002341,MCH-002-01-02,2026-01-01 00:00:00,83.83,2.692,96.06
SENSOR-00002342,MCH-002-01-02,2026-01-01 04:00:00,78.44,3.002,99.45
SENSOR-00002343,MCH-002-01-02,2026-01-01 08:00:00,84.24,3.224,98.99
SENSOR-00002344,MCH-002-01-02,2026-01-01 12:00:00,83.38,2.785,95.97
SENSOR-00002345,MCH-002-01-02,2026-01-01 16:00:00,77.23,3.221,98.99
SENSOR-00002346,MCH-002-01-02,2026-01-01 20:00:00,75.75,3.043,96.25
SENSOR-00002347,MCH-002-01-02,2026-01-02 00:00:00,84.67,2.726,101.66
SENSOR-00002348,MCH-002-01-02,2026-01-02 04:00:00,81.29,3.146,102.76
SENSOR-00002349,MCH-002-01-02,2026-01-02 08:00:00,85.91,3.146,101.93
SENSOR-00002350,MCH-002-01-02,2026-01-02 12:00:00,85.98,3.432,99.9
SENSOR-00002351,MCH-002-01-02,2026-01-02 16:00:00,83.89,3.291,98.53
SENSOR-00002352,MCH-002-01-02,2026-01-02 20:00:00,77.89,3.182,99.38
SENSOR-00002353,MCH-002-01-02,2026-01-03 00:00:00,81.92,3.081,102.29
SENSOR-00002354,MCH-002-01-02,2026-01-03 04:00:00,76.36,3.076,100.19
SENSOR-00002355,MCH-002-01-02,2026-01-03 08:00:00,90.68,2.749,98.86
SENSOR-00002356,MCH-002-01-02,2026-01-03 12:00:00,79.52,2.8,103.38
SENSOR-00002357,MCH-002-01-02,2026-01-03 16:00:00,83.34,2.92,98.45
SENSOR-00002358,MCH-002-01-02,2026-01-03 20:00:00,80.98,2.94,96.21
SENSOR-00002359,MCH-002-01-02,2026-01-04 00:00:00,79.57,2.794,103.17
SENSOR-00002360,MCH-002-01-02,2026-01-04 04:00:00,81.64,3.118,105.99
SENSOR-00002361,MCH-002-01-02,2026-01-04 08:00:00,83.19,3.235,101.56
SENSOR-00002362,MCH-002-01-02,2026-01-04 12:00:00,80.88,3.323,97.45
SENSOR-00002363,MCH-002-01-02,2026-01-04 16:00:00,88.59,2.912,98.57
SENSOR-00002364,MCH-002-01-02,2026-01-04 20:00:00,78.88,2.827,98.72
SENSOR-00002365,MCH-002-01-02,2026-01-05 00:00:00,82.29,3.43,97.53
SENSOR-00002366,MCH-002-01-02,2026-01-05 04:00:00,80.35,2.776,95.55
SENSOR-00002367,MCH-002-01-02,2026-01-05 08:00:00,84.46,3.109,103.85
SENSOR-00002368,MCH-002-01-02,2026-01-05 12:00:00,87.4,3.658,99.78
SENSOR-00002369,MCH-002-01-02,2026-01-05 16:00:00,82.19,2.733,102.09
SENSOR-00002370,MCH-002-01-02,2026-01-05 20:00:00,83.7,3.221,96.58
SENSOR-00002371,MCH-002-01-02,2026-01-06 00:00:00,71.72,3.226,94.39
SENSOR-00002372,MCH-002-01-02,2026-01-06 04:00:00,81.13,2.73,99.35
SENSOR-00002373,MCH-002-01-02,2026-01-06 08:00:00,86.59,2.594,98.92
SENSOR-00002374,MCH-002-01-02,2026-01-06 12:00:00,81.18,3.454,101.3
SENSOR-00002375,MCH-002-01-02,2026-01-06 16:00:00,78.52,2.941,104.67
SENSOR-00002376,MCH-002-01-02,2026-01-06 20:00:00,86.09,2.829,99.2
SENSOR-00002377,MCH-002-01-02,2026-01-07 00:00:00,92.1,3.061,103.28
SENSOR-00002378,MCH-002-01-02,2026-01-07 04:00:00,80.84,2.994,100.04
SENSOR-00002379,MCH-002-01-02,2026-01-07 08:00:00,80.13,3.007,102.66
SENSOR-00002380,MCH-002-01-02,2026-01-07 12:00:00,80.03,3.058,102.13
SENSOR-00002381,MCH-002-01-02,2026-01-07 16:00:00,79.93,3.332,100.22
SENSOR-00002382,MCH-002-01-02,2026-01-07 20:00:00,82.57,2.556,98.88
SENSOR-00002383,MCH-002-01-02,2026-01-08 00:00:00,86.16,3.127,99.01
SENSOR-00002384,MCH-002-01-02,2026-01-08 04:00:00,79.29,3.502,101.9
SENSOR-00002385,MCH-002-01-02,2026-01-08 08:00:00,84.59,2.955,100.11
SENSOR-00002386,MCH-002-01-02,2026-01-08 12:00:00,83.89,3.158,102.2
SENSOR-00002387,MCH-002-01-02,2026-01-08 16:00:00,80.1,2.692,100.25
SENSOR-00002388,MCH-002-01-02,2026-01-08 20:00:00,76.24,2.978,98.47
SENSOR-00002389,MCH-002-01-02,2026-01-09 00:00:00,75.48,3.077,102.54
SENSOR-00002390,MCH-002-01-02,2026-01-09 04:00:00,82.29,3.352,103.4
SENSOR-00002391,MCH-002-01-02,2026-01-09 08:00:00,80.67,3.457,100.14
SENSOR-00002392,MCH-002-01-02,2026-01-09 12:00:00,83.43,3.083,100.21
SENSOR-00002393,MCH-002-01-02,2026-01-09 16:00:00,72.71,3.012,95.91
SENSOR-00002394,MCH-002-01-02,2026-01-09 20:00:00,89.74,3.455,102.56
SENSOR-00002395,MCH-002-01-02,2026-01-10 00:00:00,89.87,3.318,103.6
SENSOR-00002396,MCH-002-01-02,2026-01-10 04:00:00,83.44,2.539,100.08
SENSOR-00002397,MCH-002-01-02,2026-01-10 08:00:00,85.72,3.025,99.46
SENSOR-00002398,MCH-002-01-02,2026-01-10 12:00:00,79.37,2.808,105.51
SENSOR-00002399,MCH-002-01-02,2026-01-10 16:00:00,90.73,3.058,100.84
SENSOR-00002400,MCH-002-01-02,2026-01-10 20:00:00,79.31,3.219,105.28
SENSOR-00002401,MCH-002-01-02,2026-01-11 00:00:00,83.57,2.9,100.81
SENSOR-00002402,MCH-002-01-02,2026-01-11 04:00:00,85.92,3.113,97.36
SENSOR-00002403,MCH-002-01-02,2026-01-11 08:00:00,81.38,2.944,97.47
SENSOR-00002404,MCH-002-01-02,2026-01-11 12:00:00,84.48,3.163,102.94
SENSOR-00002405,MCH-002-01-02,2026-01-11 16:00:00,79.8,2.914,104.66
SENSOR-00002406,MCH-002-01-02,2026-01-11 20:00:00,82.57,3.066,99.47
SENSOR-00002407,MCH-002-01-02,2026-01-12 00:00:00,88.87,3.428,97.24
SENSOR-00002408,MCH-002-01-02,2026-01-12 04:00:00,85.56,3.254,107.84
SENSOR-00002409,MCH-002-01-02,2026-01-12 08:00:00,80.26,3.417,100.05
SENSOR-00002410,MCH-002-01-02,2026-01-12 12:00:00,78.26,3.028,100.01
SENSOR-00002411,MCH-002-01-02,2026-01-12 16:00:00,78.99,3.136,102.87
SENSOR-00002412,MCH-002-01-02,2026-01-12 20:00:00,84.18,2.923,99.55
SENSOR-00002413,MCH-002-01-02,2026-01-13 00:00:00,83.75,3.249,95.64
SENSOR-00002414,MCH-002-01-02,2026-01-13 04:00:00,84.95,2.79,99.81
SENSOR-00002415,MCH-002-01-02,2026-01-13 08:00:00,95.35,3.134,97.41
SENSOR-00002416,MCH-002-01-02,2026-01-13 12:00:00,84.86,2.929,97.12
SENSOR-00002417,MCH-002-01-02,2026-01-13 16:00:00,91.64,3.325,101.04
SENSOR-00002418,MCH-002-01-02,2026-01-13 20:00:00,81.66,2.981,104.63
SENSOR-00002419,MCH-002-01-02,2026-01-14 00:00:00,78.31,3.128,104.29
SENSOR-00002420,MCH-002-01-02,2026-01-14 04:00:00,80.64,2.876,103.66
SENSOR-00002421,MCH-002-01-02,2026-01-14 08:00:00,81.4,2.956,98.88
SENSOR-00002422,MCH-002-01-02,2026-01-14 12:00:00,82.97,2.665,98.38
SENSOR-00002423,MCH-002-01-02,2026-01-14 16:00:00,84.15,3.114,103.47
SENSOR-00002424,MCH-002-01-02,2026-01-14 20:00:00,90.59,3.437,102.74
SENSOR-00002425,MCH-002-01-02,2026-01-15 00:00:00,83.1,2.85,97.43
SENSOR-00002426,MCH-002-01-02,2026-01-15 04:00:00,80.51,3.123,101.56
SENSOR-00002427,MCH-002-01-02,2026-01-15 08:00:00,77.57,2.932,100.73
SENSOR-00002428,MCH-002-01-02,2026-01-15 12:00:00,79.63,3.167,99.08
SENSOR-00002429,MCH-002-01-02,2026-01-15 16:00:00,80.34,3.072,101.18
SENSOR-00002430,MCH-002-01-02,2026-01-15 20:00:00,79.84,2.998,101.4
SENSOR-00002431,MCH-002-01-02,2026-01-16 00:00:00,82.1,3.592,101.22
SENSOR-00002432,MCH-002-01-02,2026-01-16 04:00:00,81.76,3.019,101.29
SENSOR-00002433,MCH-002-01-02,2026-01-16 08:00:00,90.01,2.926,97.73
SENSOR-00002434,MCH-002-01-02,2026-01-16 12:00:00,77.72,3.084,95.78
SENSOR-00002435,MCH-002-01-02,2026-01-16 16:00:00,81.38,2.831,103.22
SENSOR-00002436,MCH-002-01-02,2026-01-16 20:00:00,81.2,3.158,95.19
SENSOR-00002437,MCH-002-01-02,2026-01-17 00:00:00,87.89,2.675,99.27
SENSOR-00002438,MCH-002-01-02,2026-01-17 04:00:00,77.84,3.123,100.17
SENSOR-00002439,MCH-002-01-02,2026-01-17 08:00:00,82.0,3.331,98.3
SENSOR-00002440,MCH-002-01-02,2026-01-17 12:00:00,84.54,3.264,95.55
SENSOR-00002441,MCH-002-01-02,2026-01-17 16:00:00,80.24,3.072,101.89
SENSOR-00002442,MCH-002-01-02,2026-01-17 20:00:00,88.92,3.004,99.05
SENSOR-00002443,MCH-002-01-02,2026-01-18 00:00:00,78.63,3.359,98.68
SENSOR-00002444,MCH-002-01-02,2026-01-18 04:00:00,80.99,3.046,98.21
SENSOR-00002445,MCH-002-01-02,2026-01-18 08:00:00,81.62,3.083,98.73
SENSOR-00002446,MCH-002-01-02,2026-01-18 12:00:00,81.51,2.806,96.54
SENSOR-00002447,MCH-002-01-02,2026-01-18 16:00:00,83.47,3.135,95.72
SENSOR-00002448,MCH-002-01-02,2026-01-18 20:00:00,86.27,3.249,102.92
SENSOR-00002449,MCH-002-01-02,2026-01-19 00:00:00,80.32,2.977,103.67
SENSOR-00002450,MCH-002-01-02,2026-01-19 04:00:00,78.08,2.567,106.5
SENSOR-00002451,MCH-002-01-02,2026-01-19 08:00:00,84.48,3.172,99.38
SENSOR-00002452,MCH-002-01-02,2026-01-19 12:00:00,85.09,2.68,97.48
SENSOR-00002453,MCH-002-01-02,2026-01-19 16:00:00,83.65,2.491,99.09
SENSOR-00002454,MCH-002-01-02,2026-01-19 20:00:00,81.77,2.983,98.35
SENSOR-00002455,MCH-002-01-02,2026-01-20 00:00:00,81.39,2.519,102.05
SENSOR-00002456,MCH-002-01-02,2026-01-20 04:00:00,78.3,3.074,97.58
SENSOR-00002457,MCH-002-01-02,2026-01-20 08:00:00,81.68,3.347,101.59
SENSOR-00002458,MCH-002-01-02,2026-01-20 12:00:00,87.75,3.141,101.19
SENSOR-00002459,MCH-002-01-02,2026-01-20 16:00:00,76.11,2.979,99.33
SENSOR-00002460,MCH-002-01-02,2026-01-20 20:00:00,88.13,2.932,100.79
SENSOR-00002461,MCH-002-01-02,2026-01-21 00:00:00,86.37,3.227,102.69
SENSOR-00002462,MCH-002-01-02,2026-01-21 04:00:00,80.52,2.918,99.64
SENSOR-00002463,MCH-002-01-02,2026-01-21 08:00:00,89.01,3.482,102.38
SENSOR-00002464,MCH-002-01-02,2026-01-21 12:00:00,84.55,3.392,99.23
SENSOR-00002465,MCH-002-01-02,2026-01-21 16:00:00,81.67,3.026,97.06
SENSOR-00002466,MCH-002-01-02,2026-01-21 20:00:00,82.53,2.779,103.08
SENSOR-00002467,MCH-002-01-02,2026-01-22 00:00:00,80.06,2.714,103.4
SENSOR-00002468,MCH-002-01-02,2026-01-22 04:00:00,86.42,3.397,101.19
SENSOR-00002469,MCH-002-01-02,2026-01-22 08:00:00,72.66,2.747,101.39
SENSOR-00002470,MCH-002-01-02,2026-01-22 12:00:00,81.75,2.919,96.69
SENSOR-00002471,MCH-002-01-02,2026-01-22 16:00:00,87.02,3.172,101.5
SENSOR-00002472,MCH-002-01-02,2026-01-22 20:00:00,80.7,3.102,95.99
SENSOR-00002473,MCH-002-01-02,2026-01-23 00:00:00,90.31,3.109,102.11
SENSOR-00002474,MCH-002-01-02,2026-01-23 04:00:00,81.88,2.931,100.25
SENSOR-00002475,MCH-002-01-02,2026-01-23 08:00:00,80.6,3.239,95.18
SENSOR-00002476,MCH-002-01-02,2026-01-23 12:00:00,86.79,3.068,99.36
SENSOR-00002477,MCH-002-01-02,2026-01-23 16:00:00,76.66,2.813,103.6
SENSOR-00002478,MCH-002-01-02,2026-01-23 20:00:00,82.4,3.128,97.36
SENSOR-00002479,MCH-002-01-02,2026-01-24 00:00:00,82.08,3.534,97.15
SENSOR-00002480,MCH-002-01-02,2026-01-24 04:00:00,87.55,2.77,101.96
SENSOR-00002481,MCH-002-01-02,2026-01-24 08:00:00,86.06,2.931,96.35
SENSOR-00002482,MCH-002-01-02,2026-01-24 12:00:00,75.35,2.905,101.58
SENSOR-00002483,MCH-002-01-02,2026-01-24 16:00:00,78.92,3.083,95.57
SENSOR-00002484,MCH-002-01-02,2026-01-24 20:00:00,82.29,2.772,99.77
SENSOR-00002485,MCH-002-01-02,2026-01-25 00:00:00,80.74,3.287,97.72
SENSOR-00002486,MCH-002-01-02,2026-01-25 04:00:00,89.22,2.844,101.51
SENSOR-00002487,MCH-002-01-02,2026-01-25 08:00:00,87.38,3.171,95.88
SENSOR-00002488,MCH-002-01-02,2026-01-25 12:00:00,79.46,3.351,97.59
SENSOR-00002489,MCH-002-01-02,2026-01-25 16:00:00,87.13,2.951,100.42
SENSOR-00002490,MCH-002-01-02,2026-01-25 20:00:00,77.69,2.906,97.37
SENSOR-00002491,MCH-002-01-02,2026-01-26 00:00:00,82.77,2.977,101.39
SENSOR-00002492,MCH-002-01-02,2026-01-26 04:00:00,82.92,2.644,96.82
SENSOR-00002493,MCH-002-01-02,2026-01-26 08:00:00,87.46,3.079,94.96
SENSOR-00002494,MCH-002-01-02,2026-01-26 12:00:00,84.64,2.919,97.38
SENSOR-00002495,MCH-002-01-02,2026-01-26 16:00:00,78.65,3.308,94.1
SENSOR-00002496,MCH-002-01-02,2026-01-26 20:00:00,79.88,3.088,104.74
SENSOR-00002497,MCH-002-01-02,2026-01-27 00:00:00,75.87,3.142,98.76
SENSOR-00002498,MCH-002-01-02,2026-01-27 04:00:00,87.83,3.047,103.75
SENSOR-00002499,MCH-002-01-02,2026-01-27 08:00:00,85.26,3.027,102.36
SENSOR-00002500,MCH-002-01-02,2026-01-27 12:00:00,86.41,3.176,93.12
SENSOR-00002501,MCH-002-01-02,2026-01-27 16:00:00,79.3,3.404,96.23
SENSOR-00002502,MCH-002-01-02,2026-01-27 20:00:00,86.76,3.235,97.82
SENSOR-00002503,MCH-002-01-02,2026-01-28 00:00:00,80.73,3.412,101.74
SENSOR-00002504,MCH-002-01-02,2026-01-28 04:00:00,79.55,2.753,103.47
SENSOR-00002505,MCH-002-01-02,2026-01-28 08:00:00,83.3,2.671,94.65
SENSOR-00002506,MCH-002-01-02,2026-01-28 12:00:00,78.77,2.749,93.86
SENSOR-00002507,MCH-002-01-02,2026-01-28 16:00:00,78.83,2.829,98.61
SENSOR-00002508,MCH-002-01-02,2026-01-28 20:00:00,90.0,2.992,99.5
SENSOR-00002509,MCH-002-01-02,2026-01-29 00:00:00,85.02,2.715,96.68
SENSOR-00002510,MCH-002-01-02,2026-01-29 04:00:00,84.61,3.308,101.51
SENSOR-00002511,MCH-002-01-02,2026-01-29 08:00:00,86.65,3.152,100.52
SENSOR-00002512,MCH-002-01-02,2026-01-29 12:00:00,81.22,3.262,103.07
SENSOR-00002513,MCH-002-01-02,2026-01-29 16:00:00,82.98,3.029,104.77
SENSOR-00002514,MCH-002-01-02,2026-01-29 20:00:00,83.15,3.077,101.45
SENSOR-00002515,MCH-002-01-02,2026-01-30 00:00:00,83.99,3.034,100.18
SENSOR-00002516,MCH-002-01-02,2026-01-30 04:00:00,79.69,3.202,101.25
SENSOR-00002517,MCH-002-01-02,2026-01-30 08:00:00,88.37,3.056,98.76
SENSOR-00002518,MCH-002-01-02,2026-01-30 12:00:00,86.39,2.86,103.25
SENSOR-00002519,MCH-002-01-02,2026-01-30 16:00:00,87.56,3.373,101.13
SENSOR-00002520,MCH-002-01-02,2026-01-30 20:00:00,81.28,3.086,101.14
SENSOR-00002521,MCH-002-01-03,2026-01-01 00:00:00,82.19,2.643,103.96
SENSOR-00002522,MCH-002-01-03,2026-01-01 04:00:00,79.75,2.53,100.99
SENSOR-00002523,MCH-002-01-03,2026-01-01 08:00:00,77.05,2.575,97.78
SENSOR-00002524,MCH-002-01-03,2026-01-01 12:00:00,77.82,2.756,99.38
SENSOR-00002525,MCH-002-01-03,2026-01-01 16:00:00,73.63,2.51,98.05
SENSOR-00002526,MCH-002-01-03,2026-01-01 20:00:00,69.62,2.678,98.65
SENSOR-00002527,MCH-002-01-03,2026-01-02 00:00:00,75.73,2.581,99.87
SENSOR-00002528,MCH-002-01-03,2026-01-02 04:00:00,76.69,2.144,107.66
SENSOR-00002529,MCH-002-01-03,2026-01-02 08:00:00,73.75,2.442,101.7
SENSOR-00002530,MCH-002-01-03,2026-01-02 12:00:00,73.24,2.393,99.99
SENSOR-00002531,MCH-002-01-03,2026-01-02 16:00:00,71.23,2.501,95.05
SENSOR-00002532,MCH-002-01-03,2026-01-02 20:00:00,81.9,2.589,101.92
SENSOR-00002533,MCH-002-01-03,2026-01-03 00:00:00,76.99,2.179,102.99
SENSOR-00002534,MCH-002-01-03,2026-01-03 04:00:00,70.48,2.088,96.18
SENSOR-00002535,MCH-002-01-03,2026-01-03 08:00:00,78.79,2.377,100.3
SENSOR-00002536,MCH-002-01-03,2026-01-03 12:00:00,74.83,2.11,97.99
SENSOR-00002537,MCH-002-01-03,2026-01-03 16:00:00,72.41,2.04,98.49
SENSOR-00002538,MCH-002-01-03,2026-01-03 20:00:00,70.56,2.535,101.98
SENSOR-00002539,MCH-002-01-03,2026-01-04 00:00:00,73.16,2.408,100.24
SENSOR-00002540,MCH-002-01-03,2026-01-04 04:00:00,74.52,2.061,103.73
SENSOR-00002541,MCH-002-01-03,2026-01-04 08:00:00,79.15,2.13,99.1
SENSOR-00002542,MCH-002-01-03,2026-01-04 12:00:00,73.99,2.102,94.4
SENSOR-00002543,MCH-002-01-03,2026-01-04 16:00:00,72.21,2.302,95.68
SENSOR-00002544,MCH-002-01-03,2026-01-04 20:00:00,75.6,2.682,102.53
SENSOR-00002545,MCH-002-01-03,2026-01-05 00:00:00,70.67,2.513,100.08
SENSOR-00002546,MCH-002-01-03,2026-01-05 04:00:00,70.02,2.036,98.94
SENSOR-00002547,MCH-002-01-03,2026-01-05 08:00:00,69.9,2.521,98.77
SENSOR-00002548,MCH-002-01-03,2026-01-05 12:00:00,72.38,2.201,100.79
SENSOR-00002549,MCH-002-01-03,2026-01-05 16:00:00,75.06,2.441,100.54
SENSOR-00002550,MCH-002-01-03,2026-01-05 20:00:00,74.6,2.133,97.81
SENSOR-00002551,MCH-002-01-03,2026-01-06 00:00:00,82.13,2.743,99.59
SENSOR-00002552,MCH-002-01-03,2026-01-06 04:00:00,74.69,2.403,100.44
SENSOR-00002553,MCH-002-01-03,2026-01-06 08:00:00,71.5,2.625,100.62
SENSOR-00002554,MCH-002-01-03,2026-01-06 12:00:00,74.71,2.073,100.19
SENSOR-00002555,MCH-002-01-03,2026-01-06 16:00:00,67.31,2.246,98.31
SENSOR-00002556,MCH-002-01-03,2026-01-06 20:00:00,76.04,2.861,101.72
SENSOR-00002557,MCH-002-01-03,2026-01-07 00:00:00,75.77,2.329,98.21
SENSOR-00002558,MCH-002-01-03,2026-01-07 04:00:00,81.37,2.116,102.06
SENSOR-00002559,MCH-002-01-03,2026-01-07 08:00:00,76.98,1.996,97.51
SENSOR-00002560,MCH-002-01-03,2026-01-07 12:00:00,72.24,2.532,98.9
SENSOR-00002561,MCH-002-01-03,2026-01-07 16:00:00,74.55,2.027,106.98
SENSOR-00002562,MCH-002-01-03,2026-01-07 20:00:00,75.17,2.516,98.38
SENSOR-00002563,MCH-002-01-03,2026-01-08 00:00:00,75.03,1.749,99.05
SENSOR-00002564,MCH-002-01-03,2026-01-08 04:00:00,74.53,2.051,104.54
SENSOR-00002565,MCH-002-01-03,2026-01-08 08:00:00,72.51,2.332,98.22
SENSOR-00002566,MCH-002-01-03,2026-01-08 12:00:00,74.56,2.718,107.42
SENSOR-00002567,MCH-002-01-03,2026-01-08 16:00:00,77.87,2.663,105.15
SENSOR-00002568,MCH-002-01-03,2026-01-08 20:00:00,75.88,2.784,102.38
SENSOR-00002569,MCH-002-01-03,2026-01-09 00:00:00,75.44,2.437,97.29
SENSOR-00002570,MCH-002-01-03,2026-01-09 04:00:00,78.48,2.369,101.32
SENSOR-00002571,MCH-002-01-03,2026-01-09 08:00:00,70.1,2.346,103.29
SENSOR-00002572,MCH-002-01-03,2026-01-09 12:00:00,78.77,2.192,98.36
SENSOR-00002573,MCH-002-01-03,2026-01-09 16:00:00,70.93,2.227,95.8
SENSOR-00002574,MCH-002-01-03,2026-01-09 20:00:00,74.33,2.549,97.64
SENSOR-00002575,MCH-002-01-03,2026-01-10 00:00:00,79.99,2.724,95.06
SENSOR-00002576,MCH-002-01-03,2026-01-10 04:00:00,77.48,2.447,98.62
SENSOR-00002577,MCH-002-01-03,2026-01-10 08:00:00,76.2,1.959,104.39
SENSOR-00002578,MCH-002-01-03,2026-01-10 12:00:00,76.95,2.175,98.24
SENSOR-00002579,MCH-002-01-03,2026-01-10 16:00:00,68.07,2.313,98.55
SENSOR-00002580,MCH-002-01-03,2026-01-10 20:00:00,69.59,2.585,103.83
SENSOR-00002581,MCH-002-01-03,2026-01-11 00:00:00,74.92,2.444,95.43
SENSOR-00002582,MCH-002-01-03,2026-01-11 04:00:00,77.55,2.392,107.66
SENSOR-00002583,MCH-002-01-03,2026-01-11 08:00:00,73.34,2.472,108.49
SENSOR-00002584,MCH-002-01-03,2026-01-11 12:00:00,75.66,2.374,97.04
SENSOR-00002585,MCH-002-01-03,2026-01-11 16:00:00,81.0,2.101,101.28
SENSOR-00002586,MCH-002-01-03,2026-01-11 20:00:00,72.99,2.344,95.73
SENSOR-00002587,MCH-002-01-03,2026-01-12 00:00:00,66.1,2.565,99.7
SENSOR-00002588,MCH-002-01-03,2026-01-12 04:00:00,73.57,2.364,95.17
SENSOR-00002589,MCH-002-01-03,2026-01-12 08:00:00,75.66,2.05,99.14
SENSOR-00002590,MCH-002-01-03,2026-01-12 12:00:00,75.51,2.66,97.54
SENSOR-00002591,MCH-002-01-03,2026-01-12 16:00:00,80.69,2.628,98.71
SENSOR-00002592,MCH-002-01-03,2026-01-12 20:00:00,70.45,2.03,100.82
SENSOR-00002593,MCH-002-01-03,2026-01-13 00:00:00,75.71,1.968,101.18
SENSOR-00002594,MCH-002-01-03,2026-01-13 04:00:00,75.53,2.614,101.82
SENSOR-00002595,MCH-002-01-03,2026-01-13 08:00:00,74.08,2.649,99.12
SENSOR-00002596,MCH-002-01-03,2026-01-13 12:00:00,75.88,2.313,101.39
SENSOR-00002597,MCH-002-01-03,2026-01-13 16:00:00,73.38,2.803,106.05
SENSOR-00002598,MCH-002-01-03,2026-01-13 20:00:00,78.38,2.776,95.38
SENSOR-00002599,MCH-002-01-03,2026-01-14 00:00:00,71.52,2.409,106.32
SENSOR-00002600,MCH-002-01-03,2026-01-14 04:00:00,73.48,2.277,103.32
SENSOR-00002601,MCH-002-01-03,2026-01-14 08:00:00,79.58,2.179,99.22
SENSOR-00002602,MCH-002-01-03,2026-01-14 12:00:00,72.88,2.408,103.31
SENSOR-00002603,MCH-002-01-03,2026-01-14 16:00:00,71.67,2.663,100.3
SENSOR-00002604,MCH-002-01-03,2026-01-14 20:00:00,84.19,2.471,99.71
SENSOR-00002605,MCH-002-01-03,2026-01-15 00:00:00,75.28,2.288,99.74
SENSOR-00002606,MCH-002-01-03,2026-01-15 04:00:00,71.75,2.394,100.17
SENSOR-00002607,MCH-002-01-03,2026-01-15 08:00:00,71.29,2.458,100.78
SENSOR-00002608,MCH-002-01-03,2026-01-15 12:00:00,74.22,2.996,99.58
SENSOR-00002609,MCH-002-01-03,2026-01-15 16:00:00,73.77,2.285,97.09
SENSOR-00002610,MCH-002-01-03,2026-01-15 20:00:00,77.63,2.219,98.3
SENSOR-00002611,MCH-002-01-03,2026-01-16 00:00:00,74.5,2.407,99.97
SENSOR-00002612,MCH-002-01-03,2026-01-16 04:00:00,81.06,2.392,98.06
SENSOR-00002613,MCH-002-01-03,2026-01-16 08:00:00,77.24,2.187,101.6
SENSOR-00002614,MCH-002-01-03,2026-01-16 12:00:00,76.54,2.344,101.7
SENSOR-00002615,MCH-002-01-03,2026-01-16 16:00:00,68.94,2.432,98.61
SENSOR-00002616,MCH-002-01-03,2026-01-16 20:00:00,86.34,2.43,98.21
SENSOR-00002617,MCH-002-01-03,2026-01-17 00:00:00,75.52,2.449,101.01
SENSOR-00002618,MCH-002-01-03,2026-01-17 04:00:00,76.59,2.665,100.17
SENSOR-00002619,MCH-002-01-03,2026-01-17 08:00:00,71.62,2.355,102.26
SENSOR-00002620,MCH-002-01-03,2026-01-17 12:00:00,67.74,1.946,102.75
SENSOR-00002621,MCH-002-01-03,2026-01-17 16:00:00,80.97,2.075,100.3
SENSOR-00002622,MCH-002-01-03,2026-01-17 20:00:00,73.29,2.326,100.92
SENSOR-00002623,MCH-002-01-03,2026-01-18 00:00:00,78.24,2.158,95.81
SENSOR-00002624,MCH-002-01-03,2026-01-18 04:00:00,73.65,2.406,96.28
SENSOR-00002625,MCH-002-01-03,2026-01-18 08:00:00,69.34,2.437,97.73
SENSOR-00002626,MCH-002-01-03,2026-01-18 12:00:00,69.08,2.632,98.1
SENSOR-00002627,MCH-002-01-03,2026-01-18 16:00:00,79.49,2.398,100.88
SENSOR-00002628,MCH-002-01-03,2026-01-18 20:00:00,74.04,1.727,96.59
SENSOR-00002629,MCH-002-01-03,2026-01-19 00:00:00,78.33,2.303,108.47
SENSOR-00002630,MCH-002-01-03,2026-01-19 04:00:00,70.01,2.259,102.7
SENSOR-00002631,MCH-002-01-03,2026-01-19 08:00:00,77.9,2.513,102.03
SENSOR-00002632,MCH-002-01-03,2026-01-19 12:00:00,66.55,2.788,99.39
SENSOR-00002633,MCH-002-01-03,2026-01-19 16:00:00,79.87,1.883,100.77
SENSOR-00002634,MCH-002-01-03,2026-01-19 20:00:00,72.63,2.534,100.95
SENSOR-00002635,MCH-002-01-03,2026-01-20 00:00:00,75.32,3.044,104.94
SENSOR-00002636,MCH-002-01-03,2026-01-20 04:00:00,62.99,2.407,102.8
SENSOR-00002637,MCH-002-01-03,2026-01-20 08:00:00,74.16,2.276,99.2
SENSOR-00002638,MCH-002-01-03,2026-01-20 12:00:00,77.1,2.104,103.57
SENSOR-00002639,MCH-002-01-03,2026-01-20 16:00:00,74.66,2.157,103.37
SENSOR-00002640,MCH-002-01-03,2026-01-20 20:00:00,68.71,2.252,98.28
SENSOR-00002641,MCH-002-01-03,2026-01-21 00:00:00,75.64,2.168,104.87
SENSOR-00002642,MCH-002-01-03,2026-01-21 04:00:00,73.41,2.226,98.75
SENSOR-00002643,MCH-002-01-03,2026-01-21 08:00:00,69.88,2.275,99.3
SENSOR-00002644,MCH-002-01-03,2026-01-21 12:00:00,77.81,2.294,96.2
SENSOR-00002645,MCH-002-01-03,2026-01-21 16:00:00,68.47,2.443,100.22
SENSOR-00002646,MCH-002-01-03,2026-01-21 20:00:00,72.67,2.274,101.17
SENSOR-00002647,MCH-002-01-03,2026-01-22 00:00:00,75.56,2.399,101.67
SENSOR-00002648,MCH-002-01-03,2026-01-22 04:00:00,70.14,2.393,104.15
SENSOR-00002649,MCH-002-01-03,2026-01-22 08:00:00,83.2,2.711,96.47
SENSOR-00002650,MCH-002-01-03,2026-01-22 12:00:00,76.69,2.27,100.85
SENSOR-00002651,MCH-002-01-03,2026-01-22 16:00:00,71.8,1.963,98.97
SENSOR-00002652,MCH-002-01-03,2026-01-22 20:00:00,77.78,2.463,101.21
SENSOR-00002653,MCH-002-01-03,2026-01-23 00:00:00,75.3,2.337,98.69
SENSOR-00002654,MCH-002-01-03,2026-01-23 04:00:00,75.72,2.265,99.56
SENSOR-00002655,MCH-002-01-03,2026-01-23 08:00:00,71.73,2.418,101.75
SENSOR-00002656,MCH-002-01-03,2026-01-23 12:00:00,74.04,1.889,101.77
SENSOR-00002657,MCH-002-01-03,2026-01-23 16:00:00,75.37,2.143,102.32
SENSOR-00002658,MCH-002-01-03,2026-01-23 20:00:00,69.29,2.652,99.83
SENSOR-00002659,MCH-002-01-03,2026-01-24 00:00:00,73.91,2.208,96.61
SENSOR-00002660,MCH-002-01-03,2026-01-24 04:00:00,77.97,2.066,100.4
SENSOR-00002661,MCH-002-01-03,2026-01-24 08:00:00,72.55,2.26,96.69
SENSOR-00002662,MCH-002-01-03,2026-01-24 12:00:00,72.41,2.393,100.71
SENSOR-00002663,MCH-002-01-03,2026-01-24 16:00:00,71.75,2.368,102.67
SENSOR-00002664,MCH-002-01-03,2026-01-24 20:00:00,68.24,2.389,97.15
SENSOR-00002665,MCH-002-01-03,2026-01-25 00:00:00,77.26,2.32,104.5
SENSOR-00002666,MCH-002-01-03,2026-01-25 04:00:00,77.35,2.466,96.93
SENSOR-00002667,MCH-002-01-03,2026-01-25 08:00:00,76.85,2.072,103.92
SENSOR-00002668,MCH-002-01-03,2026-01-25 12:00:00,76.58,2.185,102.41
SENSOR-00002669,MCH-002-01-03,2026-01-25 16:00:00,83.85,2.337,101.65
SENSOR-00002670,MCH-002-01-03,2026-01-25 20:00:00,73.16,2.412,95.48
SENSOR-00002671,MCH-002-01-03,2026-01-26 00:00:00,71.16,1.935,98.11
SENSOR-00002672,MCH-002-01-03,2026-01-26 04:00:00,70.93,2.421,97.64
SENSOR-00002673,MCH-002-01-03,2026-01-26 08:00:00,72.97,2.278,99.86
SENSOR-00002674,MCH-002-01-03,2026-01-26 12:00:00,72.77,2.126,100.26
SENSOR-00002675,MCH-002-01-03,2026-01-26 16:00:00,79.16,2.423,98.17
SENSOR-00002676,MCH-002-01-03,2026-01-26 20:00:00,74.39,1.878,99.58
SENSOR-00002677,MCH-002-01-03,2026-01-27 00:00:00,75.47,2.414,101.61
SENSOR-00002678,MCH-002-01-03,2026-01-27 04:00:00,72.5,2.732,99.99
SENSOR-00002679,MCH-002-01-03,2026-01-27 08:00:00,71.46,2.334,103.7
SENSOR-00002680,MCH-002-01-03,2026-01-27 12:00:00,73.19,2.628,98.12
SENSOR-00002681,MCH-002-01-03,2026-01-27 16:00:00,71.82,2.556,97.38
SENSOR-00002682,MCH-002-01-03,2026-01-27 20:00:00,78.18,2.479,97.38
SENSOR-00002683,MCH-002-01-03,2026-01-28 00:00:00,74.23,2.177,101.01
SENSOR-00002684,MCH-002-01-03,2026-01-28 04:00:00,73.73,2.165,103.04
SENSOR-00002685,MCH-002-01-03,2026-01-28 08:00:00,75.28,2.334,104.02
SENSOR-00002686,MCH-002-01-03,2026-01-28 12:00:00,67.54,2.709,97.36
SENSOR-00002687,MCH-002-01-03,2026-01-28 16:00:00,75.73,2.244,97.23
SENSOR-00002688,MCH-002-01-03,2026-01-28 20:00:00,80.14,2.855,99.34
SENSOR-00002689,MCH-002-01-03,2026-01-29 00:00:00,82.28,2.227,102.37
SENSOR-00002690,MCH-002-01-03,2026-01-29 04:00:00,79.68,2.388,100.36
SENSOR-00002691,MCH-002-01-03,2026-01-29 08:00:00,68.02,2.212,102.72
SENSOR-00002692,MCH-002-01-03,2026-01-29 12:00:00,75.13,2.483,100.4
SENSOR-00002693,MCH-002-01-03,2026-01-29 16:00:00,83.66,2.283,104.82
SENSOR-00002694,MCH-002-01-03,2026-01-29 20:00:00,75.42,2.815,96.33
SENSOR-00002695,MCH-002-01-03,2026-01-30 00:00:00,74.95,2.381,99.44
SENSOR-00002696,MCH-002-01-03,2026-01-30 04:00:00,71.05,2.691,98.91
SENSOR-00002697,MCH-002-01-03,2026-01-30 08:00:00,80.59,2.394,101.95
SENSOR-00002698,MCH-002-01-03,2026-01-30 12:00:00,77.12,2.185,101.1
SENSOR-00002699,MCH-002-01-03,2026-01-30 16:00:00,82.6,2.454,102.7
SENSOR-00002700,MCH-002-01-03,2026-01-30 20:00:00,77.66,2.468,100.56
SENSOR-00002701,MCH-002-01-04,2026-01-01 00:00:00,79.43,2.144,94.22
SENSOR-00002702,MCH-002-01-04,2026-01-01 04:00:00,79.88,2.539,101.42
SENSOR-00002703,MCH-002-01-04,2026-01-01 08:00:00,74.47,2.153,96.44
SENSOR-00002704,MCH-002-01-04,2026-01-01 12:00:00,75.15,2.181,100.92
SENSOR-00002705,MCH-002-01-04,2026-01-01 16:00:00,74.39,2.546,100.47
SENSOR-00002706,MCH-002-01-04,2026-01-01 20:00:00,77.79,2.624,98.97
SENSOR-00002707,MCH-002-01-04,2026-01-02 00:00:00,71.88,2.686,95.78
SENSOR-00002708,MCH-002-01-04,2026-01-02 04:00:00,72.53,2.633,98.11
SENSOR-00002709,MCH-002-01-04,2026-01-02 08:00:00,72.53,2.726,102.84
SENSOR-00002710,MCH-002-01-04,2026-01-02 12:00:00,79.13,2.712,99.31
SENSOR-00002711,MCH-002-01-04,2026-01-02 16:00:00,75.42,2.337,100.5
SENSOR-00002712,MCH-002-01-04,2026-01-02 20:00:00,74.13,2.391,101.8
SENSOR-00002713,MCH-002-01-04,2026-01-03 00:00:00,74.51,2.401,100.27
SENSOR-00002714,MCH-002-01-04,2026-01-03 04:00:00,81.2,2.669,95.13
SENSOR-00002715,MCH-002-01-04,2026-01-03 08:00:00,78.67,2.527,99.71
SENSOR-00002716,MCH-002-01-04,2026-01-03 12:00:00,76.15,2.551,97.92
SENSOR-00002717,MCH-002-01-04,2026-01-03 16:00:00,75.51,2.795,97.89
SENSOR-00002718,MCH-002-01-04,2026-01-03 20:00:00,72.12,2.484,96.61
SENSOR-00002719,MCH-002-01-04,2026-01-04 00:00:00,76.92,2.235,101.0
SENSOR-00002720,MCH-002-01-04,2026-01-04 04:00:00,81.03,2.442,97.4
SENSOR-00002721,MCH-002-01-04,2026-01-04 08:00:00,75.53,2.713,96.32
SENSOR-00002722,MCH-002-01-04,2026-01-04 12:00:00,78.56,2.33,100.73
SENSOR-00002723,MCH-002-01-04,2026-01-04 16:00:00,73.99,2.358,104.57
SENSOR-00002724,MCH-002-01-04,2026-01-04 20:00:00,70.61,2.621,105.19
SENSOR-00002725,MCH-002-01-04,2026-01-05 00:00:00,73.0,2.454,105.95
SENSOR-00002726,MCH-002-01-04,2026-01-05 04:00:00,72.51,2.255,96.6
SENSOR-00002727,MCH-002-01-04,2026-01-05 08:00:00,78.78,2.489,97.31
SENSOR-00002728,MCH-002-01-04,2026-01-05 12:00:00,74.79,2.302,100.89
SENSOR-00002729,MCH-002-01-04,2026-01-05 16:00:00,86.98,2.637,99.72
SENSOR-00002730,MCH-002-01-04,2026-01-05 20:00:00,73.58,2.164,102.2
SENSOR-00002731,MCH-002-01-04,2026-01-06 00:00:00,75.66,2.71,98.48
SENSOR-00002732,MCH-002-01-04,2026-01-06 04:00:00,78.0,2.229,102.34
SENSOR-00002733,MCH-002-01-04,2026-01-06 08:00:00,77.49,2.199,99.33
SENSOR-00002734,MCH-002-01-04,2026-01-06 12:00:00,79.97,2.185,96.79
SENSOR-00002735,MCH-002-01-04,2026-01-06 16:00:00,75.96,3.033,97.98
SENSOR-00002736,MCH-002-01-04,2026-01-06 20:00:00,78.22,2.564,98.23
SENSOR-00002737,MCH-002-01-04,2026-01-07 00:00:00,79.87,2.644,99.82
SENSOR-00002738,MCH-002-01-04,2026-01-07 04:00:00,73.73,2.378,95.59
SENSOR-00002739,MCH-002-01-04,2026-01-07 08:00:00,75.17,2.536,105.15
SENSOR-00002740,MCH-002-01-04,2026-01-07 12:00:00,78.36,2.283,95.68
SENSOR-00002741,MCH-002-01-04,2026-01-07 16:00:00,75.42,2.702,99.34
SENSOR-00002742,MCH-002-01-04,2026-01-07 20:00:00,78.41,2.454,102.15
SENSOR-00002743,MCH-002-01-04,2026-01-08 00:00:00,77.27,2.614,103.18
SENSOR-00002744,MCH-002-01-04,2026-01-08 04:00:00,81.87,2.582,105.14
SENSOR-00002745,MCH-002-01-04,2026-01-08 08:00:00,76.61,2.769,101.29
SENSOR-00002746,MCH-002-01-04,2026-01-08 12:00:00,74.05,2.545,101.51
SENSOR-00002747,MCH-002-01-04,2026-01-08 16:00:00,76.11,2.603,102.6
SENSOR-00002748,MCH-002-01-04,2026-01-08 20:00:00,76.15,1.763,105.03
SENSOR-00002749,MCH-002-01-04,2026-01-09 00:00:00,84.36,2.705,103.37
SENSOR-00002750,MCH-002-01-04,2026-01-09 04:00:00,74.73,2.526,101.28
SENSOR-00002751,MCH-002-01-04,2026-01-09 08:00:00,73.6,2.393,102.56
SENSOR-00002752,MCH-002-01-04,2026-01-09 12:00:00,80.6,2.516,96.41
SENSOR-00002753,MCH-002-01-04,2026-01-09 16:00:00,75.06,2.139,100.23
SENSOR-00002754,MCH-002-01-04,2026-01-09 20:00:00,77.26,2.432,100.73
SENSOR-00002755,MCH-002-01-04,2026-01-10 00:00:00,79.76,2.45,103.45
SENSOR-00002756,MCH-002-01-04,2026-01-10 04:00:00,81.05,2.845,101.38
SENSOR-00002757,MCH-002-01-04,2026-01-10 08:00:00,85.68,2.346,106.37
SENSOR-00002758,MCH-002-01-04,2026-01-10 12:00:00,79.32,2.835,99.04
SENSOR-00002759,MCH-002-01-04,2026-01-10 16:00:00,79.62,2.856,96.74
SENSOR-00002760,MCH-002-01-04,2026-01-10 20:00:00,75.59,1.964,99.47
SENSOR-00002761,MCH-002-01-04,2026-01-11 00:00:00,76.96,2.568,95.96
SENSOR-00002762,MCH-002-01-04,2026-01-11 04:00:00,72.12,2.542,100.3
SENSOR-00002763,MCH-002-01-04,2026-01-11 08:00:00,73.41,2.301,99.73
SENSOR-00002764,MCH-002-01-04,2026-01-11 12:00:00,79.79,2.48,104.87
SENSOR-00002765,MCH-002-01-04,2026-01-11 16:00:00,73.46,2.548,98.94
SENSOR-00002766,MCH-002-01-04,2026-01-11 20:00:00,78.59,2.304,105.78
SENSOR-00002767,MCH-002-01-04,2026-01-12 00:00:00,84.72,2.596,98.7
SENSOR-00002768,MCH-002-01-04,2026-01-12 04:00:00,72.67,2.444,94.13
SENSOR-00002769,MCH-002-01-04,2026-01-12 08:00:00,74.58,2.434,96.78
SENSOR-00002770,MCH-002-01-04,2026-01-12 12:00:00,79.23,2.445,98.09
SENSOR-00002771,MCH-002-01-04,2026-01-12 16:00:00,74.94,2.588,100.22
SENSOR-00002772,MCH-002-01-04,2026-01-12 20:00:00,73.44,2.531,99.85
SENSOR-00002773,MCH-002-01-04,2026-01-13 00:00:00,75.24,2.874,100.49
SENSOR-00002774,MCH-002-01-04,2026-01-13 04:00:00,75.14,2.885,99.14
SENSOR-00002775,MCH-002-01-04,2026-01-13 08:00:00,85.18,2.372,96.96
SENSOR-00002776,MCH-002-01-04,2026-01-13 12:00:00,75.58,2.437,97.58
SENSOR-00002777,MCH-002-01-04,2026-01-13 16:00:00,86.65,2.579,101.39
SENSOR-00002778,MCH-002-01-04,2026-01-13 20:00:00,74.4,2.355,103.08
SENSOR-00002779,MCH-002-01-04,2026-01-14 00:00:00,69.9,2.683,99.4
SENSOR-00002780,MCH-002-01-04,2026-01-14 04:00:00,79.94,2.295,100.07
SENSOR-00002781,MCH-002-01-04,2026-01-14 08:00:00,75.83,2.249,96.16
SENSOR-00002782,MCH-002-01-04,2026-01-14 12:00:00,73.92,2.532,97.73
SENSOR-00002783,MCH-002-01-04,2026-01-14 16:00:00,74.92,2.028,98.89
SENSOR-00002784,MCH-002-01-04,2026-01-14 20:00:00,80.34,2.676,99.74
SENSOR-00002785,MCH-002-01-04,2026-01-15 00:00:00,73.4,2.445,106.94
SENSOR-00002786,MCH-002-01-04,2026-01-15 04:00:00,75.12,2.285,97.3
SENSOR-00002787,MCH-002-01-04,2026-01-15 08:00:00,80.8,2.749,98.54
SENSOR-00002788,MCH-002-01-04,2026-01-15 12:00:00,68.74,2.217,105.16
SENSOR-00002789,MCH-002-01-04,2026-01-15 16:00:00,79.0,2.516,105.61
SENSOR-00002790,MCH-002-01-04,2026-01-15 20:00:00,84.08,2.49,99.95
SENSOR-00002791,MCH-002-01-04,2026-01-16 00:00:00,73.32,2.934,98.9
SENSOR-00002792,MCH-002-01-04,2026-01-16 04:00:00,69.98,2.82,104.21
SENSOR-00002793,MCH-002-01-04,2026-01-16 08:00:00,72.62,2.417,97.28
SENSOR-00002794,MCH-002-01-04,2026-01-16 12:00:00,75.76,2.526,98.95
SENSOR-00002795,MCH-002-01-04,2026-01-16 16:00:00,68.97,2.354,102.11
SENSOR-00002796,MCH-002-01-04,2026-01-16 20:00:00,75.41,2.418,97.21
SENSOR-00002797,MCH-002-01-04,2026-01-17 00:00:00,76.22,2.369,100.99
SENSOR-00002798,MCH-002-01-04,2026-01-17 04:00:00,78.07,3.043,100.83
SENSOR-00002799,MCH-002-01-04,2026-01-17 08:00:00,68.59,2.79,99.39
SENSOR-00002800,MCH-002-01-04,2026-01-17 12:00:00,84.29,2.867,98.48
SENSOR-00002801,MCH-002-01-04,2026-01-17 16:00:00,79.13,2.351,100.01
SENSOR-00002802,MCH-002-01-04,2026-01-17 20:00:00,78.95,2.778,102.69
SENSOR-00002803,MCH-002-01-04,2026-01-18 00:00:00,74.07,2.386,97.64
SENSOR-00002804,MCH-002-01-04,2026-01-18 04:00:00,78.13,2.475,101.31
SENSOR-00002805,MCH-002-01-04,2026-01-18 08:00:00,77.6,2.393,95.62
SENSOR-00002806,MCH-002-01-04,2026-01-18 12:00:00,70.06,3.256,104.43
SENSOR-00002807,MCH-002-01-04,2026-01-18 16:00:00,81.6,2.331,100.03
SENSOR-00002808,MCH-002-01-04,2026-01-18 20:00:00,72.98,2.171,98.23
SENSOR-00002809,MCH-002-01-04,2026-01-19 00:00:00,77.26,2.336,98.35
SENSOR-00002810,MCH-002-01-04,2026-01-19 04:00:00,71.71,2.109,99.66
SENSOR-00002811,MCH-002-01-04,2026-01-19 08:00:00,79.51,2.154,100.82
SENSOR-00002812,MCH-002-01-04,2026-01-19 12:00:00,79.38,2.04,99.19
SENSOR-00002813,MCH-002-01-04,2026-01-19 16:00:00,82.83,2.637,94.39
SENSOR-00002814,MCH-002-01-04,2026-01-19 20:00:00,78.88,2.312,102.07
SENSOR-00002815,MCH-002-01-04,2026-01-20 00:00:00,80.21,2.455,100.49
SENSOR-00002816,MCH-002-01-04,2026-01-20 04:00:00,79.3,2.581,103.5
SENSOR-00002817,MCH-002-01-04,2026-01-20 08:00:00,75.07,2.758,100.37
SENSOR-00002818,MCH-002-01-04,2026-01-20 12:00:00,78.27,2.6,103.72
SENSOR-00002819,MCH-002-01-04,2026-01-20 16:00:00,79.13,2.389,98.08
SENSOR-00002820,MCH-002-01-04,2026-01-20 20:00:00,76.04,2.309,96.84
SENSOR-00002821,MCH-002-01-04,2026-01-21 00:00:00,82.47,2.568,96.55
SENSOR-00002822,MCH-002-01-04,2026-01-21 04:00:00,72.41,2.286,103.83
SENSOR-00002823,MCH-002-01-04,2026-01-21 08:00:00,82.77,2.548,99.09
SENSOR-00002824,MCH-002-01-04,2026-01-21 12:00:00,82.44,2.255,100.16
SENSOR-00002825,MCH-002-01-04,2026-01-21 16:00:00,78.09,2.284,98.09
SENSOR-00002826,MCH-002-01-04,2026-01-21 20:00:00,73.39,2.854,105.74
SENSOR-00002827,MCH-002-01-04,2026-01-22 00:00:00,74.97,2.389,102.29
SENSOR-00002828,MCH-002-01-04,2026-01-22 04:00:00,69.16,2.893,100.41
SENSOR-00002829,MCH-002-01-04,2026-01-22 08:00:00,78.68,2.681,97.88
SENSOR-00002830,MCH-002-01-04,2026-01-22 12:00:00,72.59,2.241,99.26
SENSOR-00002831,MCH-002-01-04,2026-01-22 16:00:00,79.04,2.353,101.82
SENSOR-00002832,MCH-002-01-04,2026-01-22 20:00:00,66.77,2.403,103.5
SENSOR-00002833,MCH-002-01-04,2026-01-23 00:00:00,78.71,2.175,98.11
SENSOR-00002834,MCH-002-01-04,2026-01-23 04:00:00,76.13,2.2,93.99
SENSOR-00002835,MCH-002-01-04,2026-01-23 08:00:00,75.61,2.643,101.78
SENSOR-00002836,MCH-002-01-04,2026-01-23 12:00:00,79.74,2.111,100.17
SENSOR-00002837,MCH-002-01-04,2026-01-23 16:00:00,75.17,2.478,99.36
SENSOR-00002838,MCH-002-01-04,2026-01-23 20:00:00,73.6,1.745,103.49
SENSOR-00002839,MCH-002-01-04,2026-01-24 00:00:00,80.77,2.455,99.56
SENSOR-00002840,MCH-002-01-04,2026-01-24 04:00:00,79.01,2.333,98.6
SENSOR-00002841,MCH-002-01-04,2026-01-24 08:00:00,77.47,2.114,100.66
SENSOR-00002842,MCH-002-01-04,2026-01-24 12:00:00,73.22,2.713,101.64
SENSOR-00002843,MCH-002-01-04,2026-01-24 16:00:00,77.9,2.098,99.69
SENSOR-00002844,MCH-002-01-04,2026-01-24 20:00:00,71.53,2.49,93.05
SENSOR-00002845,MCH-002-01-04,2026-01-25 00:00:00,77.04,2.414,104.64
SENSOR-00002846,MCH-002-01-04,2026-01-25 04:00:00,75.5,2.514,95.83
SENSOR-00002847,MCH-002-01-04,2026-01-25 08:00:00,74.8,2.544,98.88
SENSOR-00002848,MCH-002-01-04,2026-01-25 12:00:00,74.3,2.581,104.54
SENSOR-00002849,MCH-002-01-04,2026-01-25 16:00:00,76.82,2.785,101.86
SENSOR-00002850,MCH-002-01-04,2026-01-25 20:00:00,80.58,2.347,99.38
SENSOR-00002851,MCH-002-01-04,2026-01-26 00:00:00,78.95,2.533,102.14
SENSOR-00002852,MCH-002-01-04,2026-01-26 04:00:00,72.67,2.549,100.9
SENSOR-00002853,MCH-002-01-04,2026-01-26 08:00:00,70.92,2.618,96.25
SENSOR-00002854,MCH-002-01-04,2026-01-26 12:00:00,74.53,2.509,97.81
SENSOR-00002855,MCH-002-01-04,2026-01-26 16:00:00,76.57,2.516,97.54
SENSOR-00002856,MCH-002-01-04,2026-01-26 20:00:00,78.51,2.308,106.86
SENSOR-00002857,MCH-002-01-04,2026-01-27 00:00:00,78.86,2.733,100.82
SENSOR-00002858,MCH-002-01-04,2026-01-27 04:00:00,85.83,2.068,97.55
SENSOR-00002859,MCH-002-01-04,2026-01-27 08:00:00,75.22,3.065,105.39
SENSOR-00002860,MCH-002-01-04,2026-01-27 12:00:00,81.4,2.301,97.97
SENSOR-00002861,MCH-002-01-04,2026-01-27 16:00:00,72.93,2.304,104.48
SENSOR-00002862,MCH-002-01-04,2026-01-27 20:00:00,75.27,2.472,102.32
SENSOR-00002863,MCH-002-01-04,2026-01-28 00:00:00,75.36,2.592,97.39
SENSOR-00002864,MCH-002-01-04,2026-01-28 04:00:00,78.97,2.448,98.55
SENSOR-00002865,MCH-002-01-04,2026-01-28 08:00:00,73.06,2.439,105.61
SENSOR-00002866,MCH-002-01-04,2026-01-28 12:00:00,75.99,2.213,102.76
SENSOR-00002867,MCH-002-01-04,2026-01-28 16:00:00,74.35,2.57,98.18
SENSOR-00002868,MCH-002-01-04,2026-01-28 20:00:00,81.37,2.352,104.19
SENSOR-00002869,MCH-002-01-04,2026-01-29 00:00:00,77.27,2.976,95.46
SENSOR-00002870,MCH-002-01-04,2026-01-29 04:00:00,69.69,2.301,102.44
SENSOR-00002871,MCH-002-01-04,2026-01-29 08:00:00,69.8,2.649,101.58
SENSOR-00002872,MCH-002-01-04,2026-01-29 12:00:00,84.3,2.761,101.09
SENSOR-00002873,MCH-002-01-04,2026-01-29 16:00:00,81.68,2.634,98.62
SENSOR-00002874,MCH-002-01-04,2026-01-29 20:00:00,71.66,2.357,99.88
SENSOR-00002875,MCH-002-01-04,2026-01-30 00:00:00,72.77,2.716,104.19
SENSOR-00002876,MCH-002-01-04,2026-01-30 04:00:00,70.07,2.638,103.88
SENSOR-00002877,MCH-002-01-04,2026-01-30 08:00:00,80.32,1.975,97.44
SENSOR-00002878,MCH-002-01-04,2026-01-30 12:00:00,71.12,2.63,101.24
SENSOR-00002879,MCH-002-01-04,2026-01-30 16:00:00,65.45,2.424,102.4
SENSOR-00002880,MCH-002-01-04,2026-01-30 20:00:00,76.83,2.536,98.91
SENSOR-00002881,MCH-002-02-01,2026-01-01 00:00:00,80.78,2.388,105.37
SENSOR-00002882,MCH-002-02-01,2026-01-01 04:00:00,81.64,2.632,97.19
SENSOR-00002883,MCH-002-02-01,2026-01-01 08:00:00,83.11,2.428,106.78
SENSOR-00002884,MCH-002-02-01,2026-01-01 12:00:00,76.34,3.134,99.45
SENSOR-00002885,MCH-002-02-01,2026-01-01 16:00:00,85.12,2.52,100.06
SENSOR-00002886,MCH-002-02-01,2026-01-01 20:00:00,82.02,2.869,103.3
SENSOR-00002887,MCH-002-02-01,2026-01-02 00:00:00,75.64,2.639,100.43
SENSOR-00002888,MCH-002-02-01,2026-01-02 04:00:00,78.39,3.097,103.03
SENSOR-00002889,MCH-002-02-01,2026-01-02 08:00:00,79.96,2.513,97.53
SENSOR-00002890,MCH-002-02-01,2026-01-02 12:00:00,86.69,2.451,100.34
SENSOR-00002891,MCH-002-02-01,2026-01-02 16:00:00,80.24,2.626,96.99
SENSOR-00002892,MCH-002-02-01,2026-01-02 20:00:00,75.66,2.567,97.87
SENSOR-00002893,MCH-002-02-01,2026-01-03 00:00:00,78.61,2.531,96.32
SENSOR-00002894,MCH-002-02-01,2026-01-03 04:00:00,72.13,2.513,101.76
SENSOR-00002895,MCH-002-02-01,2026-01-03 08:00:00,74.95,2.317,97.27
SENSOR-00002896,MCH-002-02-01,2026-01-03 12:00:00,77.26,2.617,99.61
SENSOR-00002897,MCH-002-02-01,2026-01-03 16:00:00,82.93,3.016,106.02
SENSOR-00002898,MCH-002-02-01,2026-01-03 20:00:00,72.3,2.49,102.1
SENSOR-00002899,MCH-002-02-01,2026-01-04 00:00:00,72.77,3.072,102.24
SENSOR-00002900,MCH-002-02-01,2026-01-04 04:00:00,77.42,3.03,98.11
SENSOR-00002901,MCH-002-02-01,2026-01-04 08:00:00,71.44,2.956,96.16
SENSOR-00002902,MCH-002-02-01,2026-01-04 12:00:00,78.01,2.755,101.16
SENSOR-00002903,MCH-002-02-01,2026-01-04 16:00:00,82.19,2.849,101.65
SENSOR-00002904,MCH-002-02-01,2026-01-04 20:00:00,75.63,2.777,95.48
SENSOR-00002905,MCH-002-02-01,2026-01-05 00:00:00,78.26,3.009,102.73
SENSOR-00002906,MCH-002-02-01,2026-01-05 04:00:00,74.24,2.534,101.42
SENSOR-00002907,MCH-002-02-01,2026-01-05 08:00:00,80.21,2.441,102.25
SENSOR-00002908,MCH-002-02-01,2026-01-05 12:00:00,75.23,3.03,101.59
SENSOR-00002909,MCH-002-02-01,2026-01-05 16:00:00,74.27,2.571,98.36
SENSOR-00002910,MCH-002-02-01,2026-01-05 20:00:00,79.44,2.653,96.56
SENSOR-00002911,MCH-002-02-01,2026-01-06 00:00:00,77.64,2.573,91.42
SENSOR-00002912,MCH-002-02-01,2026-01-06 04:00:00,83.07,2.9,98.37
SENSOR-00002913,MCH-002-02-01,2026-01-06 08:00:00,73.07,2.415,101.33
SENSOR-00002914,MCH-002-02-01,2026-01-06 12:00:00,78.44,2.877,100.26
SENSOR-00002915,MCH-002-02-01,2026-01-06 16:00:00,82.66,2.796,102.49
SENSOR-00002916,MCH-002-02-01,2026-01-06 20:00:00,70.44,2.395,98.91
SENSOR-00002917,MCH-002-02-01,2026-01-07 00:00:00,74.68,2.762,102.31
SENSOR-00002918,MCH-002-02-01,2026-01-07 04:00:00,77.9,2.913,102.45
SENSOR-00002919,MCH-002-02-01,2026-01-07 08:00:00,81.18,2.7,96.48
SENSOR-00002920,MCH-002-02-01,2026-01-07 12:00:00,78.49,2.748,94.37
SENSOR-00002921,MCH-002-02-01,2026-01-07 16:00:00,79.47,2.68,96.11
SENSOR-00002922,MCH-002-02-01,2026-01-07 20:00:00,77.47,2.626,105.79
SENSOR-00002923,MCH-002-02-01,2026-01-08 00:00:00,79.09,2.97,102.8
SENSOR-00002924,MCH-002-02-01,2026-01-08 04:00:00,85.14,3.136,93.86
SENSOR-00002925,MCH-002-02-01,2026-01-08 08:00:00,74.02,2.252,101.9
SENSOR-00002926,MCH-002-02-01,2026-01-08 12:00:00,76.02,2.581,99.35
SENSOR-00002927,MCH-002-02-01,2026-01-08 16:00:00,80.33,2.332,96.22
SENSOR-00002928,MCH-002-02-01,2026-01-08 20:00:00,78.8,3.003,99.92
SENSOR-00002929,MCH-002-02-01,2026-01-09 00:00:00,79.54,2.642,106.67
SENSOR-00002930,MCH-002-02-01,2026-01-09 04:00:00,71.98,2.744,100.52
SENSOR-00002931,MCH-002-02-01,2026-01-09 08:00:00,74.67,2.728,102.31
SENSOR-00002932,MCH-002-02-01,2026-01-09 12:00:00,79.18,3.05,93.47
SENSOR-00002933,MCH-002-02-01,2026-01-09 16:00:00,75.43,3.073,102.74
SENSOR-00002934,MCH-002-02-01,2026-01-09 20:00:00,80.96,3.012,94.25
SENSOR-00002935,MCH-002-02-01,2026-01-10 00:00:00,84.81,2.939,97.52
SENSOR-00002936,MCH-002-02-01,2026-01-10 04:00:00,78.19,2.833,98.91
SENSOR-00002937,MCH-002-02-01,2026-01-10 08:00:00,77.46,2.713,96.8
SENSOR-00002938,MCH-002-02-01,2026-01-10 12:00:00,69.87,2.764,94.03
SENSOR-00002939,MCH-002-02-01,2026-01-10 16:00:00,74.82,2.261,95.05
SENSOR-00002940,MCH-002-02-01,2026-01-10 20:00:00,80.5,2.648,99.22
SENSOR-00002941,MCH-002-02-01,2026-01-11 00:00:00,75.77,2.679,97.67
SENSOR-00002942,MCH-002-02-01,2026-01-11 04:00:00,74.58,2.721,107.29
SENSOR-00002943,MCH-002-02-01,2026-01-11 08:00:00,76.84,2.703,96.06
SENSOR-00002944,MCH-002-02-01,2026-01-11 12:00:00,83.77,2.922,102.42
SENSOR-00002945,MCH-002-02-01,2026-01-11 16:00:00,84.24,2.597,99.09
SENSOR-00002946,MCH-002-02-01,2026-01-11 20:00:00,85.64,2.862,93.34
SENSOR-00002947,MCH-002-02-01,2026-01-12 00:00:00,81.1,3.078,101.24
SENSOR-00002948,MCH-002-02-01,2026-01-12 04:00:00,78.89,2.991,106.73
SENSOR-00002949,MCH-002-02-01,2026-01-12 08:00:00,82.46,2.755,101.3
SENSOR-00002950,MCH-002-02-01,2026-01-12 12:00:00,79.82,2.708,106.5
SENSOR-00002951,MCH-002-02-01,2026-01-12 16:00:00,75.8,2.992,99.62
SENSOR-00002952,MCH-002-02-01,2026-01-12 20:00:00,72.88,2.657,98.36
SENSOR-00002953,MCH-002-02-01,2026-01-13 00:00:00,79.32,2.66,95.62
SENSOR-00002954,MCH-002-02-01,2026-01-13 04:00:00,79.31,2.594,99.27
SENSOR-00002955,MCH-002-02-01,2026-01-13 08:00:00,80.25,3.022,97.45
SENSOR-00002956,MCH-002-02-01,2026-01-13 12:00:00,77.45,2.512,97.51
SENSOR-00002957,MCH-002-02-01,2026-01-13 16:00:00,76.42,2.655,101.76
SENSOR-00002958,MCH-002-02-01,2026-01-13 20:00:00,80.08,2.44,103.88
SENSOR-00002959,MCH-002-02-01,2026-01-14 00:00:00,77.45,2.197,101.58
SENSOR-00002960,MCH-002-02-01,2026-01-14 04:00:00,77.3,2.898,101.45
SENSOR-00002961,MCH-002-02-01,2026-01-14 08:00:00,77.41,2.96,100.61
SENSOR-00002962,MCH-002-02-01,2026-01-14 12:00:00,79.45,2.669,105.05
SENSOR-00002963,MCH-002-02-01,2026-01-14 16:00:00,75.94,2.623,96.29
SENSOR-00002964,MCH-002-02-01,2026-01-14 20:00:00,81.7,2.558,98.59
SENSOR-00002965,MCH-002-02-01,2026-01-15 00:00:00,85.03,2.663,103.9
SENSOR-00002966,MCH-002-02-01,2026-01-15 04:00:00,78.7,3.104,98.63
SENSOR-00002967,MCH-002-02-01,2026-01-15 08:00:00,69.34,2.684,105.12
SENSOR-00002968,MCH-002-02-01,2026-01-15 12:00:00,80.94,2.575,100.99
SENSOR-00002969,MCH-002-02-01,2026-01-15 16:00:00,82.68,2.682,107.88
SENSOR-00002970,MCH-002-02-01,2026-01-15 20:00:00,76.73,2.954,102.29
SENSOR-00002971,MCH-002-02-01,2026-01-16 00:00:00,78.54,2.794,98.77
SENSOR-00002972,MCH-002-02-01,2026-01-16 04:00:00,76.43,2.643,98.61
SENSOR-00002973,MCH-002-02-01,2026-01-16 08:00:00,87.52,2.932,97.09
SENSOR-00002974,MCH-002-02-01,2026-01-16 12:00:00,86.94,2.596,100.09
SENSOR-00002975,MCH-002-02-01,2026-01-16 16:00:00,82.39,2.211,99.29
SENSOR-00002976,MCH-002-02-01,2026-01-16 20:00:00,76.5,2.755,101.11
SENSOR-00002977,MCH-002-02-01,2026-01-17 00:00:00,76.74,2.227,95.7
SENSOR-00002978,MCH-002-02-01,2026-01-17 04:00:00,76.93,2.677,98.33
SENSOR-00002979,MCH-002-02-01,2026-01-17 08:00:00,80.2,2.562,97.26
SENSOR-00002980,MCH-002-02-01,2026-01-17 12:00:00,81.25,3.046,96.68
SENSOR-00002981,MCH-002-02-01,2026-01-17 16:00:00,79.77,2.228,95.58
SENSOR-00002982,MCH-002-02-01,2026-01-17 20:00:00,76.44,2.987,97.66
SENSOR-00002983,MCH-002-02-01,2026-01-18 00:00:00,80.56,3.013,104.99
SENSOR-00002984,MCH-002-02-01,2026-01-18 04:00:00,75.75,2.979,101.65
SENSOR-00002985,MCH-002-02-01,2026-01-18 08:00:00,82.7,2.681,99.44
SENSOR-00002986,MCH-002-02-01,2026-01-18 12:00:00,82.54,2.942,104.7
SENSOR-00002987,MCH-002-02-01,2026-01-18 16:00:00,79.59,2.677,92.62
SENSOR-00002988,MCH-002-02-01,2026-01-18 20:00:00,72.35,2.605,96.7
SENSOR-00002989,MCH-002-02-01,2026-01-19 00:00:00,82.2,2.695,94.91
SENSOR-00002990,MCH-002-02-01,2026-01-19 04:00:00,77.87,2.699,100.86
SENSOR-00002991,MCH-002-02-01,2026-01-19 08:00:00,75.85,2.989,100.04
SENSOR-00002992,MCH-002-02-01,2026-01-19 12:00:00,75.12,2.589,105.79
SENSOR-00002993,MCH-002-02-01,2026-01-19 16:00:00,81.45,2.966,96.88
SENSOR-00002994,MCH-002-02-01,2026-01-19 20:00:00,76.04,2.533,100.55
SENSOR-00002995,MCH-002-02-01,2026-01-20 00:00:00,82.49,2.458,99.93
SENSOR-00002996,MCH-002-02-01,2026-01-20 04:00:00,74.64,2.236,99.54
SENSOR-00002997,MCH-002-02-01,2026-01-20 08:00:00,73.74,2.701,103.35
SENSOR-00002998,MCH-002-02-01,2026-01-20 12:00:00,86.21,2.727,103.06
SENSOR-00002999,MCH-002-02-01,2026-01-20 16:00:00,80.39,2.608,94.23
SENSOR-00003000,MCH-002-02-01,2026-01-20 20:00:00,85.3,2.441,104.15
SENSOR-00003001,MCH-002-02-01,2026-01-21 00:00:00,72.03,2.818,99.46
SENSOR-00003002,MCH-002-02-01,2026-01-21 04:00:00,78.95,2.766,103.6
SENSOR-00003003,MCH-002-02-01,2026-01-21 08:00:00,82.71,2.516,99.82
SENSOR-00003004,MCH-002-02-01,2026-01-21 12:00:00,77.0,2.283,99.67
SENSOR-00003005,MCH-002-02-01,2026-01-21 16:00:00,86.18,2.276,99.93
SENSOR-00003006,MCH-002-02-01,2026-01-21 20:00:00,78.57,2.776,97.11
SENSOR-00003007,MCH-002-02-01,2026-01-22 00:00:00,83.05,2.958,96.01
SENSOR-00003008,MCH-002-02-01,2026-01-22 04:00:00,75.94,2.779,105.79
SENSOR-00003009,MCH-002-02-01,2026-01-22 08:00:00,75.75,2.58,101.26
SENSOR-00003010,MCH-002-02-01,2026-01-22 12:00:00,81.28,2.874,97.46
SENSOR-00003011,MCH-002-02-01,2026-01-22 16:00:00,76.67,2.758,103.79
SENSOR-00003012,MCH-002-02-01,2026-01-22 20:00:00,77.84,2.698,96.92
SENSOR-00003013,MCH-002-02-01,2026-01-23 00:00:00,75.18,2.969,105.22
SENSOR-00003014,MCH-002-02-01,2026-01-23 04:00:00,76.31,2.872,100.57
SENSOR-00003015,MCH-002-02-01,2026-01-23 08:00:00,78.31,3.167,98.64
SENSOR-00003016,MCH-002-02-01,2026-01-23 12:00:00,83.76,2.799,99.95
SENSOR-00003017,MCH-002-02-01,2026-01-23 16:00:00,84.29,2.776,99.71
SENSOR-00003018,MCH-002-02-01,2026-01-23 20:00:00,84.31,3.016,103.61
SENSOR-00003019,MCH-002-02-01,2026-01-24 00:00:00,81.51,2.637,104.49
SENSOR-00003020,MCH-002-02-01,2026-01-24 04:00:00,81.91,2.839,101.48
SENSOR-00003021,MCH-002-02-01,2026-01-24 08:00:00,83.43,2.959,99.66
SENSOR-00003022,MCH-002-02-01,2026-01-24 12:00:00,82.76,2.747,105.75
SENSOR-00003023,MCH-002-02-01,2026-01-24 16:00:00,83.19,2.547,106.99
SENSOR-00003024,MCH-002-02-01,2026-01-24 20:00:00,70.39,2.863,97.91
SENSOR-00003025,MCH-002-02-01,2026-01-25 00:00:00,74.81,2.289,100.93
SENSOR-00003026,MCH-002-02-01,2026-01-25 04:00:00,80.92,2.886,101.65
SENSOR-00003027,MCH-002-02-01,2026-01-25 08:00:00,85.09,2.953,108.04
SENSOR-00003028,MCH-002-02-01,2026-01-25 12:00:00,91.2,2.264,93.41
SENSOR-00003029,MCH-002-02-01,2026-01-25 16:00:00,78.77,2.83,99.77
SENSOR-00003030,MCH-002-02-01,2026-01-25 20:00:00,81.61,2.636,97.92
SENSOR-00003031,MCH-002-02-01,2026-01-26 00:00:00,75.12,2.42,100.91
SENSOR-00003032,MCH-002-02-01,2026-01-26 04:00:00,80.41,2.488,104.03
SENSOR-00003033,MCH-002-02-01,2026-01-26 08:00:00,86.5,2.547,104.46
SENSOR-00003034,MCH-002-02-01,2026-01-26 12:00:00,69.27,2.973,97.43
SENSOR-00003035,MCH-002-02-01,2026-01-26 16:00:00,82.7,2.463,99.79
SENSOR-00003036,MCH-002-02-01,2026-01-26 20:00:00,75.56,2.65,105.49
SENSOR-00003037,MCH-002-02-01,2026-01-27 00:00:00,79.54,2.182,96.07
SENSOR-00003038,MCH-002-02-01,2026-01-27 04:00:00,74.75,2.937,102.42
SENSOR-00003039,MCH-002-02-01,2026-01-27 08:00:00,77.6,2.567,102.15
SENSOR-00003040,MCH-002-02-01,2026-01-27 12:00:00,74.28,2.818,101.12
SENSOR-00003041,MCH-002-02-01,2026-01-27 16:00:00,77.7,2.803,100.31
SENSOR-00003042,MCH-002-02-01,2026-01-27 20:00:00,80.79,2.37,101.84
SENSOR-00003043,MCH-002-02-01,2026-01-28 00:00:00,74.21,2.909,95.1
SENSOR-00003044,MCH-002-02-01,2026-01-28 04:00:00,79.93,2.608,98.66
SENSOR-00003045,MCH-002-02-01,2026-01-28 08:00:00,79.49,2.526,101.54
SENSOR-00003046,MCH-002-02-01,2026-01-28 12:00:00,79.02,2.549,104.01
SENSOR-00003047,MCH-002-02-01,2026-01-28 16:00:00,79.62,2.861,104.25
SENSOR-00003048,MCH-002-02-01,2026-01-28 20:00:00,84.4,2.849,99.09
SENSOR-00003049,MCH-002-02-01,2026-01-29 00:00:00,76.06,3.022,96.2
SENSOR-00003050,MCH-002-02-01,2026-01-29 04:00:00,78.57,2.665,97.52
SENSOR-00003051,MCH-002-02-01,2026-01-29 08:00:00,80.01,3.031,103.74
SENSOR-00003052,MCH-002-02-01,2026-01-29 12:00:00,81.69,2.28,95.99
SENSOR-00003053,MCH-002-02-01,2026-01-29 16:00:00,79.46,2.695,98.51
SENSOR-00003054,MCH-002-02-01,2026-01-29 20:00:00,86.42,2.73,101.63
SENSOR-00003055,MCH-002-02-01,2026-01-30 00:00:00,84.34,2.794,104.23
SENSOR-00003056,MCH-002-02-01,2026-01-30 04:00:00,78.56,2.832,100.9
SENSOR-00003057,MCH-002-02-01,2026-01-30 08:00:00,76.3,2.668,96.45
SENSOR-00003058,MCH-002-02-01,2026-01-30 12:00:00,80.77,2.894,102.97
SENSOR-00003059,MCH-002-02-01,2026-01-30 16:00:00,81.46,2.672,104.66
SENSOR-00003060,MCH-002-02-01,2026-01-30 20:00:00,82.37,3.051,104.35
SENSOR-00003061,MCH-002-02-02,2026-01-01 00:00:00,76.91,3.049,99.71
SENSOR-00003062,MCH-002-02-02,2026-01-01 04:00:00,87.38,3.515,101.37
SENSOR-00003063,MCH-002-02-02,2026-01-01 08:00:00,79.86,3.174,100.03
SENSOR-00003064,MCH-002-02-02,2026-01-01 12:00:00,81.69,2.797,98.61
SENSOR-00003065,MCH-002-02-02,2026-01-01 16:00:00,81.94,3.213,101.53
SENSOR-00003066,MCH-002-02-02,2026-01-01 20:00:00,89.95,3.181,101.27
SENSOR-00003067,MCH-002-02-02,2026-01-02 00:00:00,81.14,3.112,94.14
SENSOR-00003068,MCH-002-02-02,2026-01-02 04:00:00,83.78,3.331,99.64
SENSOR-00003069,MCH-002-02-02,2026-01-02 08:00:00,75.56,2.908,103.84
SENSOR-00003070,MCH-002-02-02,2026-01-02 12:00:00,83.68,2.657,107.1
SENSOR-00003071,MCH-002-02-02,2026-01-02 16:00:00,77.63,2.951,96.89
SENSOR-00003072,MCH-002-02-02,2026-01-02 20:00:00,78.51,2.899,101.91
SENSOR-00003073,MCH-002-02-02,2026-01-03 00:00:00,83.04,2.967,103.21
SENSOR-00003074,MCH-002-02-02,2026-01-03 04:00:00,91.56,3.057,99.98
SENSOR-00003075,MCH-002-02-02,2026-01-03 08:00:00,83.67,2.847,102.29
SENSOR-00003076,MCH-002-02-02,2026-01-03 12:00:00,84.41,2.907,102.71
SENSOR-00003077,MCH-002-02-02,2026-01-03 16:00:00,82.73,2.769,101.05
SENSOR-00003078,MCH-002-02-02,2026-01-03 20:00:00,83.6,3.252,102.49
SENSOR-00003079,MCH-002-02-02,2026-01-04 00:00:00,79.95,3.632,102.29
SENSOR-00003080,MCH-002-02-02,2026-01-04 04:00:00,78.14,3.058,102.32
SENSOR-00003081,MCH-002-02-02,2026-01-04 08:00:00,81.25,2.638,96.88
SENSOR-00003082,MCH-002-02-02,2026-01-04 12:00:00,84.82,2.573,95.65
SENSOR-00003083,MCH-002-02-02,2026-01-04 16:00:00,84.8,2.956,97.91
SENSOR-00003084,MCH-002-02-02,2026-01-04 20:00:00,80.67,2.644,101.45
SENSOR-00003085,MCH-002-02-02,2026-01-05 00:00:00,80.58,2.753,100.04
SENSOR-00003086,MCH-002-02-02,2026-01-05 04:00:00,84.57,3.036,104.91
SENSOR-00003087,MCH-002-02-02,2026-01-05 08:00:00,85.47,2.985,102.21
SENSOR-00003088,MCH-002-02-02,2026-01-05 12:00:00,82.84,3.023,103.89
SENSOR-00003089,MCH-002-02-02,2026-01-05 16:00:00,79.06,3.018,103.57
SENSOR-00003090,MCH-002-02-02,2026-01-05 20:00:00,83.89,2.92,94.88
SENSOR-00003091,MCH-002-02-02,2026-01-06 00:00:00,77.0,2.486,95.21
SENSOR-00003092,MCH-002-02-02,2026-01-06 04:00:00,86.73,2.765,101.6
SENSOR-00003093,MCH-002-02-02,2026-01-06 08:00:00,86.48,3.016,99.1
SENSOR-00003094,MCH-002-02-02,2026-01-06 12:00:00,83.18,2.908,103.61
SENSOR-00003095,MCH-002-02-02,2026-01-06 16:00:00,90.16,3.374,93.55
SENSOR-00003096,MCH-002-02-02,2026-01-06 20:00:00,80.9,3.013,101.39
SENSOR-00003097,MCH-002-02-02,2026-01-07 00:00:00,75.67,3.368,101.19
SENSOR-00003098,MCH-002-02-02,2026-01-07 04:00:00,81.31,2.882,104.39
SENSOR-00003099,MCH-002-02-02,2026-01-07 08:00:00,85.02,3.299,98.25
SENSOR-00003100,MCH-002-02-02,2026-01-07 12:00:00,82.85,3.112,98.35
SENSOR-00003101,MCH-002-02-02,2026-01-07 16:00:00,82.27,2.866,101.2
SENSOR-00003102,MCH-002-02-02,2026-01-07 20:00:00,77.36,3.155,100.93
SENSOR-00003103,MCH-002-02-02,2026-01-08 00:00:00,88.75,3.091,100.04
SENSOR-00003104,MCH-002-02-02,2026-01-08 04:00:00,78.92,3.197,98.17
SENSOR-00003105,MCH-002-02-02,2026-01-08 08:00:00,80.04,3.205,101.16
SENSOR-00003106,MCH-002-02-02,2026-01-08 12:00:00,72.64,2.972,100.38
SENSOR-00003107,MCH-002-02-02,2026-01-08 16:00:00,81.29,3.052,94.57
SENSOR-00003108,MCH-002-02-02,2026-01-08 20:00:00,71.33,2.768,100.85
SENSOR-00003109,MCH-002-02-02,2026-01-09 00:00:00,81.79,3.244,101.42
SENSOR-00003110,MCH-002-02-02,2026-01-09 04:00:00,83.8,2.977,98.96
SENSOR-00003111,MCH-002-02-02,2026-01-09 08:00:00,86.32,2.928,103.69
SENSOR-00003112,MCH-002-02-02,2026-01-09 12:00:00,78.46,3.37,101.42
SENSOR-00003113,MCH-002-02-02,2026-01-09 16:00:00,78.78,3.139,98.05
SENSOR-00003114,MCH-002-02-02,2026-01-09 20:00:00,82.78,2.89,99.6
SENSOR-00003115,MCH-002-02-02,2026-01-10 00:00:00,79.76,2.955,99.0
SENSOR-00003116,MCH-002-02-02,2026-01-10 04:00:00,87.67,3.258,100.11
SENSOR-00003117,MCH-002-02-02,2026-01-10 08:00:00,85.36,3.218,100.17
SENSOR-00003118,MCH-002-02-02,2026-01-10 12:00:00,84.26,3.16,101.46
SENSOR-00003119,MCH-002-02-02,2026-01-10 16:00:00,79.53,2.843,99.13
SENSOR-00003120,MCH-002-02-02,2026-01-10 20:00:00,79.82,2.644,102.03
SENSOR-00003121,MCH-002-02-02,2026-01-11 00:00:00,82.16,3.075,104.8
SENSOR-00003122,MCH-002-02-02,2026-01-11 04:00:00,76.25,3.231,92.46
SENSOR-00003123,MCH-002-02-02,2026-01-11 08:00:00,88.22,2.501,107.31
SENSOR-00003124,MCH-002-02-02,2026-01-11 12:00:00,81.09,3.335,103.25
SENSOR-00003125,MCH-002-02-02,2026-01-11 16:00:00,80.9,2.922,97.49
SENSOR-00003126,MCH-002-02-02,2026-01-11 20:00:00,85.8,2.906,97.54
SENSOR-00003127,MCH-002-02-02,2026-01-12 00:00:00,81.21,2.968,101.36
SENSOR-00003128,MCH-002-02-02,2026-01-12 04:00:00,78.51,3.119,100.77
SENSOR-00003129,MCH-002-02-02,2026-01-12 08:00:00,75.49,3.461,104.38
SENSOR-00003130,MCH-002-02-02,2026-01-12 12:00:00,79.45,2.731,100.68
SENSOR-00003131,MCH-002-02-02,2026-01-12 16:00:00,76.95,3.353,98.59
SENSOR-00003132,MCH-002-02-02,2026-01-12 20:00:00,89.14,2.806,99.66
SENSOR-00003133,MCH-002-02-02,2026-01-13 00:00:00,81.55,2.654,92.94
SENSOR-00003134,MCH-002-02-02,2026-01-13 04:00:00,94.12,3.144,100.41
SENSOR-00003135,MCH-002-02-02,2026-01-13 08:00:00,83.76,2.654,97.62
SENSOR-00003136,MCH-002-02-02,2026-01-13 12:00:00,89.62,3.177,97.71
SENSOR-00003137,MCH-002-02-02,2026-01-13 16:00:00,77.74,2.883,99.05
SENSOR-00003138,MCH-002-02-02,2026-01-13 20:00:00,90.85,2.965,96.43
SENSOR-00003139,MCH-002-02-02,2026-01-14 00:00:00,76.01,2.978,100.93
SENSOR-00003140,MCH-002-02-02,2026-01-14 04:00:00,79.06,3.497,102.38
SENSOR-00003141,MCH-002-02-02,2026-01-14 08:00:00,75.48,2.569,97.05
SENSOR-00003142,MCH-002-02-02,2026-01-14 12:00:00,88.94,3.235,104.87
SENSOR-00003143,MCH-002-02-02,2026-01-14 16:00:00,82.69,2.96,96.26
SENSOR-00003144,MCH-002-02-02,2026-01-14 20:00:00,84.05,2.963,99.3
SENSOR-00003145,MCH-002-02-02,2026-01-15 00:00:00,86.13,2.834,97.9
SENSOR-00003146,MCH-002-02-02,2026-01-15 04:00:00,82.83,2.983,104.18
SENSOR-00003147,MCH-002-02-02,2026-01-15 08:00:00,85.46,2.994,101.82
SENSOR-00003148,MCH-002-02-02,2026-01-15 12:00:00,74.46,2.858,100.86
SENSOR-00003149,MCH-002-02-02,2026-01-15 16:00:00,87.11,3.062,104.37
SENSOR-00003150,MCH-002-02-02,2026-01-15 20:00:00,86.12,2.89,99.58
SENSOR-00003151,MCH-002-02-02,2026-01-16 00:00:00,80.65,2.745,103.45
SENSOR-00003152,MCH-002-02-02,2026-01-16 04:00:00,84.25,3.264,102.28
SENSOR-00003153,MCH-002-02-02,2026-01-16 08:00:00,91.37,3.291,97.83
SENSOR-00003154,MCH-002-02-02,2026-01-16 12:00:00,84.53,2.873,98.64
SENSOR-00003155,MCH-002-02-02,2026-01-16 16:00:00,77.0,2.94,101.64
SENSOR-00003156,MCH-002-02-02,2026-01-16 20:00:00,82.39,2.737,95.43
SENSOR-00003157,MCH-002-02-02,2026-01-17 00:00:00,78.12,2.827,100.85
SENSOR-00003158,MCH-002-02-02,2026-01-17 04:00:00,74.37,2.989,103.44
SENSOR-00003159,MCH-002-02-02,2026-01-17 08:00:00,79.28,2.664,99.58
SENSOR-00003160,MCH-002-02-02,2026-01-17 12:00:00,81.3,2.863,96.43
SENSOR-00003161,MCH-002-02-02,2026-01-17 16:00:00,84.73,3.161,96.8
SENSOR-00003162,MCH-002-02-02,2026-01-17 20:00:00,78.94,3.046,97.11
SENSOR-00003163,MCH-002-02-02,2026-01-18 00:00:00,85.41,3.021,99.82
SENSOR-00003164,MCH-002-02-02,2026-01-18 04:00:00,90.9,3.312,102.5
SENSOR-00003165,MCH-002-02-02,2026-01-18 08:00:00,83.17,2.761,103.38
SENSOR-00003166,MCH-002-02-02,2026-01-18 12:00:00,83.23,2.868,99.27
SENSOR-00003167,MCH-002-02-02,2026-01-18 16:00:00,78.78,3.276,102.05
SENSOR-00003168,MCH-002-02-02,2026-01-18 20:00:00,83.38,3.001,97.96
SENSOR-00003169,MCH-002-02-02,2026-01-19 00:00:00,79.52,2.978,99.85
SENSOR-00003170,MCH-002-02-02,2026-01-19 04:00:00,87.02,3.038,100.4
SENSOR-00003171,MCH-002-02-02,2026-01-19 08:00:00,76.03,2.787,103.29
SENSOR-00003172,MCH-002-02-02,2026-01-19 12:00:00,74.35,3.348,101.5
SENSOR-00003173,MCH-002-02-02,2026-01-19 16:00:00,79.66,2.804,105.69
SENSOR-00003174,MCH-002-02-02,2026-01-19 20:00:00,88.29,2.982,100.4
SENSOR-00003175,MCH-002-02-02,2026-01-20 00:00:00,83.64,2.607,102.07
SENSOR-00003176,MCH-002-02-02,2026-01-20 04:00:00,78.41,3.024,98.99
SENSOR-00003177,MCH-002-02-02,2026-01-20 08:00:00,89.52,3.055,105.84
SENSOR-00003178,MCH-002-02-02,2026-01-20 12:00:00,84.89,3.368,99.37
SENSOR-00003179,MCH-002-02-02,2026-01-20 16:00:00,84.03,3.317,102.71
SENSOR-00003180,MCH-002-02-02,2026-01-20 20:00:00,84.77,2.93,99.52
SENSOR-00003181,MCH-002-02-02,2026-01-21 00:00:00,88.9,2.646,104.98
SENSOR-00003182,MCH-002-02-02,2026-01-21 04:00:00,83.92,2.494,104.78
SENSOR-00003183,MCH-002-02-02,2026-01-21 08:00:00,86.54,2.905,97.11
SENSOR-00003184,MCH-002-02-02,2026-01-21 12:00:00,76.37,3.616,97.23
SENSOR-00003185,MCH-002-02-02,2026-01-21 16:00:00,77.59,3.079,95.09
SENSOR-00003186,MCH-002-02-02,2026-01-21 20:00:00,78.72,3.261,101.39
SENSOR-00003187,MCH-002-02-02,2026-01-22 00:00:00,78.92,2.713,99.53
SENSOR-00003188,MCH-002-02-02,2026-01-22 04:00:00,91.27,2.755,99.52
SENSOR-00003189,MCH-002-02-02,2026-01-22 08:00:00,83.0,2.985,98.63
SENSOR-00003190,MCH-002-02-02,2026-01-22 12:00:00,87.27,3.126,102.54
SENSOR-00003191,MCH-002-02-02,2026-01-22 16:00:00,85.01,3.235,104.75
SENSOR-00003192,MCH-002-02-02,2026-01-22 20:00:00,87.97,3.593,103.65
SENSOR-00003193,MCH-002-02-02,2026-01-23 00:00:00,84.7,2.958,101.44
SENSOR-00003194,MCH-002-02-02,2026-01-23 04:00:00,77.01,3.21,100.62
SENSOR-00003195,MCH-002-02-02,2026-01-23 08:00:00,83.26,3.499,98.85
SENSOR-00003196,MCH-002-02-02,2026-01-23 12:00:00,84.02,3.037,100.59
SENSOR-00003197,MCH-002-02-02,2026-01-23 16:00:00,91.54,3.028,98.3
SENSOR-00003198,MCH-002-02-02,2026-01-23 20:00:00,90.13,2.935,95.18
SENSOR-00003199,MCH-002-02-02,2026-01-24 00:00:00,79.08,3.233,104.17
SENSOR-00003200,MCH-002-02-02,2026-01-24 04:00:00,84.23,3.118,96.21
SENSOR-00003201,MCH-002-02-02,2026-01-24 08:00:00,86.87,3.457,100.97
SENSOR-00003202,MCH-002-02-02,2026-01-24 12:00:00,80.27,2.971,98.74
SENSOR-00003203,MCH-002-02-02,2026-01-24 16:00:00,81.21,3.174,100.84
SENSOR-00003204,MCH-002-02-02,2026-01-24 20:00:00,86.66,3.105,97.41
SENSOR-00003205,MCH-002-02-02,2026-01-25 00:00:00,79.49,3.42,95.18
SENSOR-00003206,MCH-002-02-02,2026-01-25 04:00:00,84.19,2.793,99.97
SENSOR-00003207,MCH-002-02-02,2026-01-25 08:00:00,85.31,3.267,99.82
SENSOR-00003208,MCH-002-02-02,2026-01-25 12:00:00,85.69,2.846,100.74
SENSOR-00003209,MCH-002-02-02,2026-01-25 16:00:00,86.66,3.095,98.41
SENSOR-00003210,MCH-002-02-02,2026-01-25 20:00:00,81.53,3.266,96.72
SENSOR-00003211,MCH-002-02-02,2026-01-26 00:00:00,81.46,2.791,102.14
SENSOR-00003212,MCH-002-02-02,2026-01-26 04:00:00,83.09,3.258,98.17
SENSOR-00003213,MCH-002-02-02,2026-01-26 08:00:00,91.18,2.536,95.24
SENSOR-00003214,MCH-002-02-02,2026-01-26 12:00:00,89.66,3.13,101.02
SENSOR-00003215,MCH-002-02-02,2026-01-26 16:00:00,84.37,3.155,100.9
SENSOR-00003216,MCH-002-02-02,2026-01-26 20:00:00,78.79,3.216,101.98
SENSOR-00003217,MCH-002-02-02,2026-01-27 00:00:00,83.63,3.14,97.55
SENSOR-00003218,MCH-002-02-02,2026-01-27 04:00:00,81.95,2.82,99.4
SENSOR-00003219,MCH-002-02-02,2026-01-27 08:00:00,82.17,3.473,99.22
SENSOR-00003220,MCH-002-02-02,2026-01-27 12:00:00,74.15,3.361,101.35
SENSOR-00003221,MCH-002-02-02,2026-01-27 16:00:00,82.13,2.903,97.16
SENSOR-00003222,MCH-002-02-02,2026-01-27 20:00:00,90.4,3.025,94.79
SENSOR-00003223,MCH-002-02-02,2026-01-28 00:00:00,75.93,3.108,100.42
SENSOR-00003224,MCH-002-02-02,2026-01-28 04:00:00,80.85,2.757,96.81
SENSOR-00003225,MCH-002-02-02,2026-01-28 08:00:00,87.0,3.074,101.44
SENSOR-00003226,MCH-002-02-02,2026-01-28 12:00:00,83.63,3.094,98.59
SENSOR-00003227,MCH-002-02-02,2026-01-28 16:00:00,81.83,3.303,104.24
SENSOR-00003228,MCH-002-02-02,2026-01-28 20:00:00,77.76,2.96,102.52
SENSOR-00003229,MCH-002-02-02,2026-01-29 00:00:00,84.85,3.263,99.94
SENSOR-00003230,MCH-002-02-02,2026-01-29 04:00:00,81.66,2.619,102.05
SENSOR-00003231,MCH-002-02-02,2026-01-29 08:00:00,83.48,2.781,99.02
SENSOR-00003232,MCH-002-02-02,2026-01-29 12:00:00,83.27,2.872,100.01
SENSOR-00003233,MCH-002-02-02,2026-01-29 16:00:00,75.65,3.349,100.05
SENSOR-00003234,MCH-002-02-02,2026-01-29 20:00:00,78.25,2.397,103.09
SENSOR-00003235,MCH-002-02-02,2026-01-30 00:00:00,88.24,2.986,104.43
SENSOR-00003236,MCH-002-02-02,2026-01-30 04:00:00,84.14,3.107,107.22
SENSOR-00003237,MCH-002-02-02,2026-01-30 08:00:00,89.26,3.432,97.61
SENSOR-00003238,MCH-002-02-02,2026-01-30 12:00:00,91.42,2.991,99.32
SENSOR-00003239,MCH-002-02-02,2026-01-30 16:00:00,74.01,3.094,96.75
SENSOR-00003240,MCH-002-02-02,2026-01-30 20:00:00,84.28,2.722,105.39
SENSOR-00003241,MCH-002-02-03,2026-01-01 00:00:00,78.24,2.637,98.67
SENSOR-00003242,MCH-002-02-03,2026-01-01 04:00:00,82.36,3.243,100.89
SENSOR-00003243,MCH-002-02-03,2026-01-01 08:00:00,86.56,2.582,98.7
SENSOR-00003244,MCH-002-02-03,2026-01-01 12:00:00,84.74,3.038,97.42
SENSOR-00003245,MCH-002-02-03,2026-01-01 16:00:00,85.63,2.819,97.67
SENSOR-00003246,MCH-002-02-03,2026-01-01 20:00:00,83.85,2.953,98.43
SENSOR-00003247,MCH-002-02-03,2026-01-02 00:00:00,75.3,2.72,97.99
SENSOR-00003248,MCH-002-02-03,2026-01-02 04:00:00,78.9,3.197,102.91
SENSOR-00003249,MCH-002-02-03,2026-01-02 08:00:00,90.74,2.761,104.79
SENSOR-00003250,MCH-002-02-03,2026-01-02 12:00:00,88.26,2.894,101.42
SENSOR-00003251,MCH-002-02-03,2026-01-02 16:00:00,86.86,2.937,99.59
SENSOR-00003252,MCH-002-02-03,2026-01-02 20:00:00,79.39,2.362,100.21
SENSOR-00003253,MCH-002-02-03,2026-01-03 00:00:00,82.65,3.017,101.51
SENSOR-00003254,MCH-002-02-03,2026-01-03 04:00:00,79.33,2.572,102.87
SENSOR-00003255,MCH-002-02-03,2026-01-03 08:00:00,84.65,2.818,101.23
SENSOR-00003256,MCH-002-02-03,2026-01-03 12:00:00,86.93,3.236,98.31
SENSOR-00003257,MCH-002-02-03,2026-01-03 16:00:00,75.94,2.622,99.06
SENSOR-00003258,MCH-002-02-03,2026-01-03 20:00:00,87.75,2.77,98.21
SENSOR-00003259,MCH-002-02-03,2026-01-04 00:00:00,88.26,3.3,98.76
SENSOR-00003260,MCH-002-02-03,2026-01-04 04:00:00,80.32,2.721,97.27
SENSOR-00003261,MCH-002-02-03,2026-01-04 08:00:00,81.89,2.957,95.19
SENSOR-00003262,MCH-002-02-03,2026-01-04 12:00:00,91.07,2.887,100.2
SENSOR-00003263,MCH-002-02-03,2026-01-04 16:00:00,79.39,2.885,98.93
SENSOR-00003264,MCH-002-02-03,2026-01-04 20:00:00,81.89,2.948,102.41
SENSOR-00003265,MCH-002-02-03,2026-01-05 00:00:00,81.27,2.905,99.67
SENSOR-00003266,MCH-002-02-03,2026-01-05 04:00:00,82.02,2.938,98.32
SENSOR-00003267,MCH-002-02-03,2026-01-05 08:00:00,84.96,3.159,105.35
SENSOR-00003268,MCH-002-02-03,2026-01-05 12:00:00,79.48,3.118,94.27
SENSOR-00003269,MCH-002-02-03,2026-01-05 16:00:00,85.21,2.588,97.05
SENSOR-00003270,MCH-002-02-03,2026-01-05 20:00:00,83.23,2.796,97.72
SENSOR-00003271,MCH-002-02-03,2026-01-06 00:00:00,85.29,2.493,103.14
SENSOR-00003272,MCH-002-02-03,2026-01-06 04:00:00,79.45,3.011,97.18
SENSOR-00003273,MCH-002-02-03,2026-01-06 08:00:00,83.38,3.59,100.38
SENSOR-00003274,MCH-002-02-03,2026-01-06 12:00:00,80.06,2.894,95.59
SENSOR-00003275,MCH-002-02-03,2026-01-06 16:00:00,87.69,3.03,96.85
SENSOR-00003276,MCH-002-02-03,2026-01-06 20:00:00,77.83,2.956,102.8
SENSOR-00003277,MCH-002-02-03,2026-01-07 00:00:00,85.71,3.006,97.63
SENSOR-00003278,MCH-002-02-03,2026-01-07 04:00:00,85.76,3.205,100.99
SENSOR-00003279,MCH-002-02-03,2026-01-07 08:00:00,79.45,2.837,100.85
SENSOR-00003280,MCH-002-02-03,2026-01-07 12:00:00,76.65,3.284,105.1
SENSOR-00003281,MCH-002-02-03,2026-01-07 16:00:00,80.95,3.041,103.56
SENSOR-00003282,MCH-002-02-03,2026-01-07 20:00:00,89.72,3.341,94.79
SENSOR-00003283,MCH-002-02-03,2026-01-08 00:00:00,81.0,3.19,97.33
SENSOR-00003284,MCH-002-02-03,2026-01-08 04:00:00,71.43,2.551,96.92
SENSOR-00003285,MCH-002-02-03,2026-01-08 08:00:00,79.27,2.999,96.76
SENSOR-00003286,MCH-002-02-03,2026-01-08 12:00:00,77.05,2.719,96.65
SENSOR-00003287,MCH-002-02-03,2026-01-08 16:00:00,79.68,2.802,102.07
SENSOR-00003288,MCH-002-02-03,2026-01-08 20:00:00,77.94,2.862,98.36
SENSOR-00003289,MCH-002-02-03,2026-01-09 00:00:00,76.06,2.755,98.65
SENSOR-00003290,MCH-002-02-03,2026-01-09 04:00:00,80.28,2.895,95.06
SENSOR-00003291,MCH-002-02-03,2026-01-09 08:00:00,79.39,3.077,95.93
SENSOR-00003292,MCH-002-02-03,2026-01-09 12:00:00,80.48,3.025,97.65
SENSOR-00003293,MCH-002-02-03,2026-01-09 16:00:00,83.26,2.572,102.67
SENSOR-00003294,MCH-002-02-03,2026-01-09 20:00:00,83.36,2.966,103.37
SENSOR-00003295,MCH-002-02-03,2026-01-10 00:00:00,85.02,2.811,101.26
SENSOR-00003296,MCH-002-02-03,2026-01-10 04:00:00,81.87,2.648,97.03
SENSOR-00003297,MCH-002-02-03,2026-01-10 08:00:00,79.29,3.184,102.88
SENSOR-00003298,MCH-002-02-03,2026-01-10 12:00:00,84.9,3.062,101.24
SENSOR-00003299,MCH-002-02-03,2026-01-10 16:00:00,83.01,3.054,101.43
SENSOR-00003300,MCH-002-02-03,2026-01-10 20:00:00,76.28,2.754,96.91
SENSOR-00003301,MCH-002-02-03,2026-01-11 00:00:00,82.74,2.611,99.68
SENSOR-00003302,MCH-002-02-03,2026-01-11 04:00:00,83.96,2.898,101.97
SENSOR-00003303,MCH-002-02-03,2026-01-11 08:00:00,81.63,2.803,96.74
SENSOR-00003304,MCH-002-02-03,2026-01-11 12:00:00,80.33,3.003,94.12
SENSOR-00003305,MCH-002-02-03,2026-01-11 16:00:00,78.78,2.453,98.15
SENSOR-00003306,MCH-002-02-03,2026-01-11 20:00:00,86.69,2.655,102.11
SENSOR-00003307,MCH-002-02-03,2026-01-12 00:00:00,82.67,2.992,99.61
SENSOR-00003308,MCH-002-02-03,2026-01-12 04:00:00,81.61,2.738,100.84
SENSOR-00003309,MCH-002-02-03,2026-01-12 08:00:00,82.68,2.842,102.0
SENSOR-00003310,MCH-002-02-03,2026-01-12 12:00:00,86.01,3.121,96.87
SENSOR-00003311,MCH-002-02-03,2026-01-12 16:00:00,82.3,2.724,100.29
SENSOR-00003312,MCH-002-02-03,2026-01-12 20:00:00,78.27,3.271,102.35
SENSOR-00003313,MCH-002-02-03,2026-01-13 00:00:00,82.47,3.328,100.73
SENSOR-00003314,MCH-002-02-03,2026-01-13 04:00:00,81.82,3.333,95.38
SENSOR-00003315,MCH-002-02-03,2026-01-13 08:00:00,79.56,2.73,93.41
SENSOR-00003316,MCH-002-02-03,2026-01-13 12:00:00,85.39,2.812,102.72
SENSOR-00003317,MCH-002-02-03,2026-01-13 16:00:00,83.45,3.104,98.63
SENSOR-00003318,MCH-002-02-03,2026-01-13 20:00:00,78.84,2.974,102.76
SENSOR-00003319,MCH-002-02-03,2026-01-14 00:00:00,89.76,3.141,104.78
SENSOR-00003320,MCH-002-02-03,2026-01-14 04:00:00,78.62,2.552,99.96
SENSOR-00003321,MCH-002-02-03,2026-01-14 08:00:00,85.33,3.127,103.63
SENSOR-00003322,MCH-002-02-03,2026-01-14 12:00:00,71.75,3.265,101.01
SENSOR-00003323,MCH-002-02-03,2026-01-14 16:00:00,75.72,3.133,100.51
SENSOR-00003324,MCH-002-02-03,2026-01-14 20:00:00,83.42,3.202,101.29
SENSOR-00003325,MCH-002-02-03,2026-01-15 00:00:00,80.13,3.115,103.2
SENSOR-00003326,MCH-002-02-03,2026-01-15 04:00:00,86.3,2.672,104.16
SENSOR-00003327,MCH-002-02-03,2026-01-15 08:00:00,87.76,3.34,99.53
SENSOR-00003328,MCH-002-02-03,2026-01-15 12:00:00,78.89,2.706,96.69
SENSOR-00003329,MCH-002-02-03,2026-01-15 16:00:00,81.94,3.164,103.92
SENSOR-00003330,MCH-002-02-03,2026-01-15 20:00:00,79.96,2.942,99.69
SENSOR-00003331,MCH-002-02-03,2026-01-16 00:00:00,85.48,3.016,98.7
SENSOR-00003332,MCH-002-02-03,2026-01-16 04:00:00,82.83,3.038,103.25
SENSOR-00003333,MCH-002-02-03,2026-01-16 08:00:00,77.71,3.283,100.07
SENSOR-00003334,MCH-002-02-03,2026-01-16 12:00:00,79.87,2.818,97.0
SENSOR-00003335,MCH-002-02-03,2026-01-16 16:00:00,74.93,3.121,105.94
SENSOR-00003336,MCH-002-02-03,2026-01-16 20:00:00,75.43,2.714,102.25
SENSOR-00003337,MCH-002-02-03,2026-01-17 00:00:00,86.67,3.303,101.32
SENSOR-00003338,MCH-002-02-03,2026-01-17 04:00:00,72.87,2.793,103.97
SENSOR-00003339,MCH-002-02-03,2026-01-17 08:00:00,88.39,3.292,99.29
SENSOR-00003340,MCH-002-02-03,2026-01-17 12:00:00,76.67,2.942,100.04
SENSOR-00003341,MCH-002-02-03,2026-01-17 16:00:00,88.16,3.009,100.05
SENSOR-00003342,MCH-002-02-03,2026-01-17 20:00:00,82.19,3.052,101.88
SENSOR-00003343,MCH-002-02-03,2026-01-18 00:00:00,76.63,3.058,100.2
SENSOR-00003344,MCH-002-02-03,2026-01-18 04:00:00,81.03,2.796,99.9
SENSOR-00003345,MCH-002-02-03,2026-01-18 08:00:00,79.57,3.56,99.28
SENSOR-00003346,MCH-002-02-03,2026-01-18 12:00:00,80.4,2.816,105.33
SENSOR-00003347,MCH-002-02-03,2026-01-18 16:00:00,75.34,3.042,99.28
SENSOR-00003348,MCH-002-02-03,2026-01-18 20:00:00,76.2,2.747,100.95
SENSOR-00003349,MCH-002-02-03,2026-01-19 00:00:00,82.51,3.03,105.19
SENSOR-00003350,MCH-002-02-03,2026-01-19 04:00:00,81.88,2.664,103.46
SENSOR-00003351,MCH-002-02-03,2026-01-19 08:00:00,86.95,3.01,99.26
SENSOR-00003352,MCH-002-02-03,2026-01-19 12:00:00,84.39,2.899,93.83
SENSOR-00003353,MCH-002-02-03,2026-01-19 16:00:00,84.15,3.175,104.32
SENSOR-00003354,MCH-002-02-03,2026-01-19 20:00:00,78.97,3.008,100.74
SENSOR-00003355,MCH-002-02-03,2026-01-20 00:00:00,80.21,2.81,95.15
SENSOR-00003356,MCH-002-02-03,2026-01-20 04:00:00,81.99,3.072,99.53
SENSOR-00003357,MCH-002-02-03,2026-01-20 08:00:00,81.86,3.056,104.23
SENSOR-00003358,MCH-002-02-03,2026-01-20 12:00:00,80.22,2.659,99.73
SENSOR-00003359,MCH-002-02-03,2026-01-20 16:00:00,89.43,2.662,101.95
SENSOR-00003360,MCH-002-02-03,2026-01-20 20:00:00,86.53,2.36,101.23
SENSOR-00003361,MCH-002-02-03,2026-01-21 00:00:00,86.66,2.648,94.75
SENSOR-00003362,MCH-002-02-03,2026-01-21 04:00:00,86.72,2.904,98.84
SENSOR-00003363,MCH-002-02-03,2026-01-21 08:00:00,81.45,3.004,98.43
SENSOR-00003364,MCH-002-02-03,2026-01-21 12:00:00,83.92,2.711,99.09
SENSOR-00003365,MCH-002-02-03,2026-01-21 16:00:00,73.04,3.245,99.47
SENSOR-00003366,MCH-002-02-03,2026-01-21 20:00:00,84.58,3.071,101.65
SENSOR-00003367,MCH-002-02-03,2026-01-22 00:00:00,82.43,2.935,100.82
SENSOR-00003368,MCH-002-02-03,2026-01-22 04:00:00,82.17,2.604,93.55
SENSOR-00003369,MCH-002-02-03,2026-01-22 08:00:00,80.4,3.092,98.91
SENSOR-00003370,MCH-002-02-03,2026-01-22 12:00:00,86.84,2.94,104.07
SENSOR-00003371,MCH-002-02-03,2026-01-22 16:00:00,86.51,3.215,96.39
SENSOR-00003372,MCH-002-02-03,2026-01-22 20:00:00,81.97,3.257,100.82
SENSOR-00003373,MCH-002-02-03,2026-01-23 00:00:00,92.13,2.857,95.72
SENSOR-00003374,MCH-002-02-03,2026-01-23 04:00:00,82.0,2.727,102.59
SENSOR-00003375,MCH-002-02-03,2026-01-23 08:00:00,78.34,3.019,96.56
SENSOR-00003376,MCH-002-02-03,2026-01-23 12:00:00,92.29,3.078,99.56
SENSOR-00003377,MCH-002-02-03,2026-01-23 16:00:00,80.73,2.813,97.72
SENSOR-00003378,MCH-002-02-03,2026-01-23 20:00:00,78.74,3.371,98.34
SENSOR-00003379,MCH-002-02-03,2026-01-24 00:00:00,79.23,3.096,98.83
SENSOR-00003380,MCH-002-02-03,2026-01-24 04:00:00,80.93,3.157,102.24
SENSOR-00003381,MCH-002-02-03,2026-01-24 08:00:00,81.24,2.834,104.8
SENSOR-00003382,MCH-002-02-03,2026-01-24 12:00:00,84.25,2.854,98.04
SENSOR-00003383,MCH-002-02-03,2026-01-24 16:00:00,86.0,2.981,99.51
SENSOR-00003384,MCH-002-02-03,2026-01-24 20:00:00,82.36,3.036,99.83
SENSOR-00003385,MCH-002-02-03,2026-01-25 00:00:00,85.56,3.11,105.87
SENSOR-00003386,MCH-002-02-03,2026-01-25 04:00:00,79.74,2.913,99.36
SENSOR-00003387,MCH-002-02-03,2026-01-25 08:00:00,80.43,2.455,104.12
SENSOR-00003388,MCH-002-02-03,2026-01-25 12:00:00,77.79,2.994,95.73
SENSOR-00003389,MCH-002-02-03,2026-01-25 16:00:00,84.38,2.755,96.59
SENSOR-00003390,MCH-002-02-03,2026-01-25 20:00:00,82.67,2.777,98.28
SENSOR-00003391,MCH-002-02-03,2026-01-26 00:00:00,80.63,3.246,105.92
SENSOR-00003392,MCH-002-02-03,2026-01-26 04:00:00,77.93,2.767,101.14
SENSOR-00003393,MCH-002-02-03,2026-01-26 08:00:00,79.59,2.762,100.73
SENSOR-00003394,MCH-002-02-03,2026-01-26 12:00:00,88.1,2.624,104.5
SENSOR-00003395,MCH-002-02-03,2026-01-26 16:00:00,79.6,3.038,104.77
SENSOR-00003396,MCH-002-02-03,2026-01-26 20:00:00,83.2,2.877,102.15
SENSOR-00003397,MCH-002-02-03,2026-01-27 00:00:00,77.47,3.322,97.03
SENSOR-00003398,MCH-002-02-03,2026-01-27 04:00:00,76.75,3.014,105.06
SENSOR-00003399,MCH-002-02-03,2026-01-27 08:00:00,81.43,2.942,103.87
SENSOR-00003400,MCH-002-02-03,2026-01-27 12:00:00,85.41,3.058,98.25
SENSOR-00003401,MCH-002-02-03,2026-01-27 16:00:00,83.72,2.612,98.13
SENSOR-00003402,MCH-002-02-03,2026-01-27 20:00:00,87.62,3.277,101.31
SENSOR-00003403,MCH-002-02-03,2026-01-28 00:00:00,82.77,2.697,95.08
SENSOR-00003404,MCH-002-02-03,2026-01-28 04:00:00,76.98,2.532,100.23
SENSOR-00003405,MCH-002-02-03,2026-01-28 08:00:00,83.43,2.71,100.44
SENSOR-00003406,MCH-002-02-03,2026-01-28 12:00:00,87.77,3.441,102.31
SENSOR-00003407,MCH-002-02-03,2026-01-28 16:00:00,81.2,3.136,104.06
SENSOR-00003408,MCH-002-02-03,2026-01-28 20:00:00,73.87,3.322,98.37
SENSOR-00003409,MCH-002-02-03,2026-01-29 00:00:00,80.6,3.125,103.17
SENSOR-00003410,MCH-002-02-03,2026-01-29 04:00:00,85.88,3.059,102.82
SENSOR-00003411,MCH-002-02-03,2026-01-29 08:00:00,85.38,3.621,103.65
SENSOR-00003412,MCH-002-02-03,2026-01-29 12:00:00,81.54,2.724,99.22
SENSOR-00003413,MCH-002-02-03,2026-01-29 16:00:00,80.57,3.08,97.9
SENSOR-00003414,MCH-002-02-03,2026-01-29 20:00:00,86.67,2.604,95.1
SENSOR-00003415,MCH-002-02-03,2026-01-30 00:00:00,87.78,2.989,100.68
SENSOR-00003416,MCH-002-02-03,2026-01-30 04:00:00,81.16,3.072,101.17
SENSOR-00003417,MCH-002-02-03,2026-01-30 08:00:00,87.2,2.48,99.3
SENSOR-00003418,MCH-002-02-03,2026-01-30 12:00:00,83.25,2.945,97.18
SENSOR-00003419,MCH-002-02-03,2026-01-30 16:00:00,76.7,3.153,97.73
SENSOR-00003420,MCH-002-02-03,2026-01-30 20:00:00,74.88,3.166,101.38
SENSOR-00003421,MCH-002-02-04,2026-01-01 00:00:00,84.95,3.247,100.82
SENSOR-00003422,MCH-002-02-04,2026-01-01 04:00:00,83.87,2.783,96.92
SENSOR-00003423,MCH-002-02-04,2026-01-01 08:00:00,78.43,3.069,100.7
SENSOR-00003424,MCH-002-02-04,2026-01-01 12:00:00,78.03,3.125,97.37
SENSOR-00003425,MCH-002-02-04,2026-01-01 16:00:00,79.55,2.95,96.64
SENSOR-00003426,MCH-002-02-04,2026-01-01 20:00:00,86.26,3.064,102.45
SENSOR-00003427,MCH-002-02-04,2026-01-02 00:00:00,89.54,3.026,97.88
SENSOR-00003428,MCH-002-02-04,2026-01-02 04:00:00,82.28,2.964,97.16
SENSOR-00003429,MCH-002-02-04,2026-01-02 08:00:00,88.27,2.913,99.91
SENSOR-00003430,MCH-002-02-04,2026-01-02 12:00:00,78.06,3.114,96.53
SENSOR-00003431,MCH-002-02-04,2026-01-02 16:00:00,79.11,3.079,103.17
SENSOR-00003432,MCH-002-02-04,2026-01-02 20:00:00,85.59,3.234,99.61
SENSOR-00003433,MCH-002-02-04,2026-01-03 00:00:00,77.96,2.989,103.9
SENSOR-00003434,MCH-002-02-04,2026-01-03 04:00:00,79.65,3.438,98.7
SENSOR-00003435,MCH-002-02-04,2026-01-03 08:00:00,92.29,2.936,99.57
SENSOR-00003436,MCH-002-02-04,2026-01-03 12:00:00,80.19,2.935,104.01
SENSOR-00003437,MCH-002-02-04,2026-01-03 16:00:00,85.73,3.364,96.05
SENSOR-00003438,MCH-002-02-04,2026-01-03 20:00:00,86.45,2.864,95.99
SENSOR-00003439,MCH-002-02-04,2026-01-04 00:00:00,77.16,2.761,98.61
SENSOR-00003440,MCH-002-02-04,2026-01-04 04:00:00,91.89,3.111,98.15
SENSOR-00003441,MCH-002-02-04,2026-01-04 08:00:00,81.09,2.776,102.62
SENSOR-00003442,MCH-002-02-04,2026-01-04 12:00:00,83.46,3.631,101.88
SENSOR-00003443,MCH-002-02-04,2026-01-04 16:00:00,87.15,3.046,96.73
SENSOR-00003444,MCH-002-02-04,2026-01-04 20:00:00,80.34,2.764,102.73
SENSOR-00003445,MCH-002-02-04,2026-01-05 00:00:00,80.97,3.26,104.92
SENSOR-00003446,MCH-002-02-04,2026-01-05 04:00:00,84.92,3.303,101.72
SENSOR-00003447,MCH-002-02-04,2026-01-05 08:00:00,91.42,3.199,102.1
SENSOR-00003448,MCH-002-02-04,2026-01-05 12:00:00,83.69,2.913,96.38
SENSOR-00003449,MCH-002-02-04,2026-01-05 16:00:00,88.9,2.854,102.24
SENSOR-00003450,MCH-002-02-04,2026-01-05 20:00:00,85.49,3.336,98.46
SENSOR-00003451,MCH-002-02-04,2026-01-06 00:00:00,75.16,3.399,97.27
SENSOR-00003452,MCH-002-02-04,2026-01-06 04:00:00,84.89,2.937,105.98
SENSOR-00003453,MCH-002-02-04,2026-01-06 08:00:00,84.33,2.929,99.1
SENSOR-00003454,MCH-002-02-04,2026-01-06 12:00:00,84.19,3.151,101.32
SENSOR-00003455,MCH-002-02-04,2026-01-06 16:00:00,83.83,2.762,98.98
SENSOR-00003456,MCH-002-02-04,2026-01-06 20:00:00,86.26,2.939,102.02
SENSOR-00003457,MCH-002-02-04,2026-01-07 00:00:00,85.66,3.311,103.83
SENSOR-00003458,MCH-002-02-04,2026-01-07 04:00:00,85.08,3.338,101.38
SENSOR-00003459,MCH-002-02-04,2026-01-07 08:00:00,85.92,2.877,99.01
SENSOR-00003460,MCH-002-02-04,2026-01-07 12:00:00,81.74,2.809,95.05
SENSOR-00003461,MCH-002-02-04,2026-01-07 16:00:00,82.14,3.04,100.32
SENSOR-00003462,MCH-002-02-04,2026-01-07 20:00:00,86.05,3.153,99.23
SENSOR-00003463,MCH-002-02-04,2026-01-08 00:00:00,82.68,3.27,101.22
SENSOR-00003464,MCH-002-02-04,2026-01-08 04:00:00,90.02,3.409,105.87
SENSOR-00003465,MCH-002-02-04,2026-01-08 08:00:00,86.07,3.242,98.54
SENSOR-00003466,MCH-002-02-04,2026-01-08 12:00:00,87.13,2.942,95.59
SENSOR-00003467,MCH-002-02-04,2026-01-08 16:00:00,89.94,2.794,101.32
SENSOR-00003468,MCH-002-02-04,2026-01-08 20:00:00,80.31,3.388,103.79
SENSOR-00003469,MCH-002-02-04,2026-01-09 00:00:00,85.38,2.76,92.42
SENSOR-00003470,MCH-002-02-04,2026-01-09 04:00:00,82.45,2.917,97.42
SENSOR-00003471,MCH-002-02-04,2026-01-09 08:00:00,71.42,2.894,99.48
SENSOR-00003472,MCH-002-02-04,2026-01-09 12:00:00,81.29,3.203,104.18
SENSOR-00003473,MCH-002-02-04,2026-01-09 16:00:00,85.9,3.363,103.33
SENSOR-00003474,MCH-002-02-04,2026-01-09 20:00:00,79.76,3.216,102.99
SENSOR-00003475,MCH-002-02-04,2026-01-10 00:00:00,87.96,2.876,97.07
SENSOR-00003476,MCH-002-02-04,2026-01-10 04:00:00,85.93,2.907,98.19
SENSOR-00003477,MCH-002-02-04,2026-01-10 08:00:00,76.4,3.179,104.62
SENSOR-00003478,MCH-002-02-04,2026-01-10 12:00:00,79.71,3.362,99.82
SENSOR-00003479,MCH-002-02-04,2026-01-10 16:00:00,76.77,2.883,97.13
SENSOR-00003480,MCH-002-02-04,2026-01-10 20:00:00,82.56,3.211,105.55
SENSOR-00003481,MCH-002-02-04,2026-01-11 00:00:00,79.01,3.109,103.81
SENSOR-00003482,MCH-002-02-04,2026-01-11 04:00:00,85.68,3.151,98.41
SENSOR-00003483,MCH-002-02-04,2026-01-11 08:00:00,84.1,3.247,101.39
SENSOR-00003484,MCH-002-02-04,2026-01-11 12:00:00,83.43,3.161,96.05
SENSOR-00003485,MCH-002-02-04,2026-01-11 16:00:00,80.89,3.283,102.53
SENSOR-00003486,MCH-002-02-04,2026-01-11 20:00:00,84.21,3.476,101.52
SENSOR-00003487,MCH-002-02-04,2026-01-12 00:00:00,72.38,3.336,101.97
SENSOR-00003488,MCH-002-02-04,2026-01-12 04:00:00,84.22,2.8,99.73
SENSOR-00003489,MCH-002-02-04,2026-01-12 08:00:00,84.57,3.302,100.82
SENSOR-00003490,MCH-002-02-04,2026-01-12 12:00:00,86.49,3.075,103.54
SENSOR-00003491,MCH-002-02-04,2026-01-12 16:00:00,86.36,2.81,104.17
SENSOR-00003492,MCH-002-02-04,2026-01-12 20:00:00,88.73,3.223,100.84
SENSOR-00003493,MCH-002-02-04,2026-01-13 00:00:00,81.34,2.949,101.93
SENSOR-00003494,MCH-002-02-04,2026-01-13 04:00:00,90.83,2.571,108.4
SENSOR-00003495,MCH-002-02-04,2026-01-13 08:00:00,84.65,3.252,98.69
SENSOR-00003496,MCH-002-02-04,2026-01-13 12:00:00,83.82,3.155,96.85
SENSOR-00003497,MCH-002-02-04,2026-01-13 16:00:00,80.61,3.403,95.34
SENSOR-00003498,MCH-002-02-04,2026-01-13 20:00:00,85.6,3.014,97.12
SENSOR-00003499,MCH-002-02-04,2026-01-14 00:00:00,84.77,3.075,97.89
SENSOR-00003500,MCH-002-02-04,2026-01-14 04:00:00,86.4,3.079,98.51
SENSOR-00003501,MCH-002-02-04,2026-01-14 08:00:00,89.75,3.076,103.28
SENSOR-00003502,MCH-002-02-04,2026-01-14 12:00:00,88.74,3.428,102.07
SENSOR-00003503,MCH-002-02-04,2026-01-14 16:00:00,83.83,3.09,99.27
SENSOR-00003504,MCH-002-02-04,2026-01-14 20:00:00,75.16,3.286,100.73
SENSOR-00003505,MCH-002-02-04,2026-01-15 00:00:00,80.74,2.881,101.0
SENSOR-00003506,MCH-002-02-04,2026-01-15 04:00:00,82.13,2.748,107.63
SENSOR-00003507,MCH-002-02-04,2026-01-15 08:00:00,83.68,2.836,97.99
SENSOR-00003508,MCH-002-02-04,2026-01-15 12:00:00,83.14,3.063,103.91
SENSOR-00003509,MCH-002-02-04,2026-01-15 16:00:00,83.51,3.57,98.7
SENSOR-00003510,MCH-002-02-04,2026-01-15 20:00:00,85.54,3.362,103.59
SENSOR-00003511,MCH-002-02-04,2026-01-16 00:00:00,82.29,2.927,98.6
SENSOR-00003512,MCH-002-02-04,2026-01-16 04:00:00,79.34,3.262,100.87
SENSOR-00003513,MCH-002-02-04,2026-01-16 08:00:00,86.27,3.003,99.83
SENSOR-00003514,MCH-002-02-04,2026-01-16 12:00:00,75.12,3.201,100.3
SENSOR-00003515,MCH-002-02-04,2026-01-16 16:00:00,79.43,3.08,99.23
SENSOR-00003516,MCH-002-02-04,2026-01-16 20:00:00,90.89,2.841,100.99
SENSOR-00003517,MCH-002-02-04,2026-01-17 00:00:00,84.74,3.268,100.95
SENSOR-00003518,MCH-002-02-04,2026-01-17 04:00:00,85.71,3.025,96.79
SENSOR-00003519,MCH-002-02-04,2026-01-17 08:00:00,78.12,2.689,105.29
SENSOR-00003520,MCH-002-02-04,2026-01-17 12:00:00,74.98,3.405,97.54
SENSOR-00003521,MCH-002-02-04,2026-01-17 16:00:00,88.58,2.556,99.29
SENSOR-00003522,MCH-002-02-04,2026-01-17 20:00:00,89.65,3.285,98.99
SENSOR-00003523,MCH-002-02-04,2026-01-18 00:00:00,82.15,3.18,98.27
SENSOR-00003524,MCH-002-02-04,2026-01-18 04:00:00,77.54,3.0,101.92
SENSOR-00003525,MCH-002-02-04,2026-01-18 08:00:00,85.41,3.114,102.69
SENSOR-00003526,MCH-002-02-04,2026-01-18 12:00:00,83.02,3.121,98.56
SENSOR-00003527,MCH-002-02-04,2026-01-18 16:00:00,87.66,3.179,98.33
SENSOR-00003528,MCH-002-02-04,2026-01-18 20:00:00,77.87,3.383,97.77
SENSOR-00003529,MCH-002-02-04,2026-01-19 00:00:00,91.91,3.037,100.06
SENSOR-00003530,MCH-002-02-04,2026-01-19 04:00:00,80.22,3.329,98.32
SENSOR-00003531,MCH-002-02-04,2026-01-19 08:00:00,87.92,2.694,101.65
SENSOR-00003532,MCH-002-02-04,2026-01-19 12:00:00,81.26,3.289,99.96
SENSOR-00003533,MCH-002-02-04,2026-01-19 16:00:00,81.69,3.01,97.45
SENSOR-00003534,MCH-002-02-04,2026-01-19 20:00:00,87.18,2.844,99.2
SENSOR-00003535,MCH-002-02-04,2026-01-20 00:00:00,87.26,3.171,100.42
SENSOR-00003536,MCH-002-02-04,2026-01-20 04:00:00,81.05,3.126,101.54
SENSOR-00003537,MCH-002-02-04,2026-01-20 08:00:00,82.77,3.218,97.61
SENSOR-00003538,MCH-002-02-04,2026-01-20 12:00:00,84.22,3.392,103.7
SENSOR-00003539,MCH-002-02-04,2026-01-20 16:00:00,89.14,3.178,100.09
SENSOR-00003540,MCH-002-02-04,2026-01-20 20:00:00,82.04,2.655,95.97
SENSOR-00003541,MCH-002-02-04,2026-01-21 00:00:00,87.05,3.417,98.52
SENSOR-00003542,MCH-002-02-04,2026-01-21 04:00:00,87.89,2.638,103.89
SENSOR-00003543,MCH-002-02-04,2026-01-21 08:00:00,83.73,3.106,93.89
SENSOR-00003544,MCH-002-02-04,2026-01-21 12:00:00,82.28,3.445,98.72
SENSOR-00003545,MCH-002-02-04,2026-01-21 16:00:00,86.68,3.115,103.19
SENSOR-00003546,MCH-002-02-04,2026-01-21 20:00:00,84.6,2.874,100.17
SENSOR-00003547,MCH-002-02-04,2026-01-22 00:00:00,85.41,3.066,98.5
SENSOR-00003548,MCH-002-02-04,2026-01-22 04:00:00,83.05,2.718,94.59
SENSOR-00003549,MCH-002-02-04,2026-01-22 08:00:00,88.82,3.222,92.76
SENSOR-00003550,MCH-002-02-04,2026-01-22 12:00:00,81.53,3.327,99.16
SENSOR-00003551,MCH-002-02-04,2026-01-22 16:00:00,88.81,3.369,95.93
SENSOR-00003552,MCH-002-02-04,2026-01-22 20:00:00,83.26,2.994,95.83
SENSOR-00003553,MCH-002-02-04,2026-01-23 00:00:00,83.24,2.996,105.69
SENSOR-00003554,MCH-002-02-04,2026-01-23 04:00:00,74.51,2.638,101.15
SENSOR-00003555,MCH-002-02-04,2026-01-23 08:00:00,82.77,2.747,96.84
SENSOR-00003556,MCH-002-02-04,2026-01-23 12:00:00,80.13,3.33,103.64
SENSOR-00003557,MCH-002-02-04,2026-01-23 16:00:00,90.39,2.709,95.9
SENSOR-00003558,MCH-002-02-04,2026-01-23 20:00:00,78.09,3.429,101.25
SENSOR-00003559,MCH-002-02-04,2026-01-24 00:00:00,83.33,3.329,100.66
SENSOR-00003560,MCH-002-02-04,2026-01-24 04:00:00,80.3,3.187,101.06
SENSOR-00003561,MCH-002-02-04,2026-01-24 08:00:00,85.88,3.365,98.15
SENSOR-00003562,MCH-002-02-04,2026-01-24 12:00:00,86.5,2.675,99.64
SENSOR-00003563,MCH-002-02-04,2026-01-24 16:00:00,82.73,3.468,99.53
SENSOR-00003564,MCH-002-02-04,2026-01-24 20:00:00,86.26,2.666,98.94
SENSOR-00003565,MCH-002-02-04,2026-01-25 00:00:00,84.17,2.531,98.3
SENSOR-00003566,MCH-002-02-04,2026-01-25 04:00:00,87.91,3.254,103.65
SENSOR-00003567,MCH-002-02-04,2026-01-25 08:00:00,79.89,3.427,99.87
SENSOR-00003568,MCH-002-02-04,2026-01-25 12:00:00,90.2,3.107,93.86
SENSOR-00003569,MCH-002-02-04,2026-01-25 16:00:00,87.23,2.996,98.87
SENSOR-00003570,MCH-002-02-04,2026-01-25 20:00:00,78.02,3.512,98.44
SENSOR-00003571,MCH-002-02-04,2026-01-26 00:00:00,78.63,2.972,98.74
SENSOR-00003572,MCH-002-02-04,2026-01-26 04:00:00,84.1,3.476,99.1
SENSOR-00003573,MCH-002-02-04,2026-01-26 08:00:00,81.07,3.793,98.7
SENSOR-00003574,MCH-002-02-04,2026-01-26 12:00:00,83.07,3.017,99.17
SENSOR-00003575,MCH-002-02-04,2026-01-26 16:00:00,84.14,3.337,101.21
SENSOR-00003576,MCH-002-02-04,2026-01-26 20:00:00,88.14,3.367,100.63
SENSOR-00003577,MCH-002-02-04,2026-01-27 00:00:00,87.73,3.674,98.3
SENSOR-00003578,MCH-002-02-04,2026-01-27 04:00:00,85.22,3.162,103.0
SENSOR-00003579,MCH-002-02-04,2026-01-27 08:00:00,92.71,3.487,99.28
SENSOR-00003580,MCH-002-02-04,2026-01-27 12:00:00,85.95,3.263,99.94
SENSOR-00003581,MCH-002-02-04,2026-01-27 16:00:00,79.45,2.907,103.44
SENSOR-00003582,MCH-002-02-04,2026-01-27 20:00:00,88.84,3.055,100.78
SENSOR-00003583,MCH-002-02-04,2026-01-28 00:00:00,84.54,3.013,95.07
SENSOR-00003584,MCH-002-02-04,2026-01-28 04:00:00,84.16,3.072,99.93
SENSOR-00003585,MCH-002-02-04,2026-01-28 08:00:00,82.44,2.851,95.64
SENSOR-00003586,MCH-002-02-04,2026-01-28 12:00:00,81.07,3.321,100.7
SENSOR-00003587,MCH-002-02-04,2026-01-28 16:00:00,83.55,2.847,98.88
SENSOR-00003588,MCH-002-02-04,2026-01-28 20:00:00,86.78,3.233,98.57
SENSOR-00003589,MCH-002-02-04,2026-01-29 00:00:00,77.8,3.03,94.18
SENSOR-00003590,MCH-002-02-04,2026-01-29 04:00:00,82.12,2.845,103.84
SENSOR-00003591,MCH-002-02-04,2026-01-29 08:00:00,85.47,3.36,98.71
SENSOR-00003592,MCH-002-02-04,2026-01-29 12:00:00,79.75,2.844,100.8
SENSOR-00003593,MCH-002-02-04,2026-01-29 16:00:00,91.07,3.21,98.88
SENSOR-00003594,MCH-002-02-04,2026-01-29 20:00:00,83.08,3.099,106.08
SENSOR-00003595,MCH-002-02-04,2026-01-30 00:00:00,83.92,3.344,104.94
SENSOR-00003596,MCH-002-02-04,2026-01-30 04:00:00,85.91,3.196,109.6
SENSOR-00003597,MCH-002-02-04,2026-01-30 08:00:00,84.66,2.834,99.16
SENSOR-00003598,MCH-002-02-04,2026-01-30 12:00:00,90.04,2.783,97.74
SENSOR-00003599,MCH-002-02-04,2026-01-30 16:00:00,88.26,3.039,99.67
SENSOR-00003600,MCH-002-02-04,2026-01-30 20:00:00,88.12,2.927,95.59
SENSOR-00003601,MCH-002-03-01,2026-01-01 00:00:00,76.84,2.441,101.01
SENSOR-00003602,MCH-002-03-01,2026-01-01 04:00:00,85.13,2.588,99.84
SENSOR-00003603,MCH-002-03-01,2026-01-01 08:00:00,80.12,2.707,98.27
SENSOR-00003604,MCH-002-03-01,2026-01-01 12:00:00,85.87,2.527,100.71
SENSOR-00003605,MCH-002-03-01,2026-01-01 16:00:00,78.87,2.62,104.58
SENSOR-00003606,MCH-002-03-01,2026-01-01 20:00:00,74.31,2.729,100.49
SENSOR-00003607,MCH-002-03-01,2026-01-02 00:00:00,76.37,2.416,101.09
SENSOR-00003608,MCH-002-03-01,2026-01-02 04:00:00,79.31,2.135,101.13
SENSOR-00003609,MCH-002-03-01,2026-01-02 08:00:00,79.28,1.945,100.59
SENSOR-00003610,MCH-002-03-01,2026-01-02 12:00:00,79.44,2.678,102.41
SENSOR-00003611,MCH-002-03-01,2026-01-02 16:00:00,75.36,2.273,94.6
SENSOR-00003612,MCH-002-03-01,2026-01-02 20:00:00,81.03,2.709,103.51
SENSOR-00003613,MCH-002-03-01,2026-01-03 00:00:00,73.2,2.304,97.94
SENSOR-00003614,MCH-002-03-01,2026-01-03 04:00:00,85.55,2.722,103.34
SENSOR-00003615,MCH-002-03-01,2026-01-03 08:00:00,75.71,2.533,102.1
SENSOR-00003616,MCH-002-03-01,2026-01-03 12:00:00,74.64,2.46,97.98
SENSOR-00003617,MCH-002-03-01,2026-01-03 16:00:00,74.88,2.545,97.53
SENSOR-00003618,MCH-002-03-01,2026-01-03 20:00:00,77.81,2.604,99.46
SENSOR-00003619,MCH-002-03-01,2026-01-04 00:00:00,81.23,2.502,98.82
SENSOR-00003620,MCH-002-03-01,2026-01-04 04:00:00,74.36,2.466,101.26
SENSOR-00003621,MCH-002-03-01,2026-01-04 08:00:00,77.36,2.523,97.87
SENSOR-00003622,MCH-002-03-01,2026-01-04 12:00:00,73.59,2.418,101.38
SENSOR-00003623,MCH-002-03-01,2026-01-04 16:00:00,79.31,2.732,100.0
SENSOR-00003624,MCH-002-03-01,2026-01-04 20:00:00,78.2,2.491,94.77
SENSOR-00003625,MCH-002-03-01,2026-01-05 00:00:00,72.0,2.345,99.41
SENSOR-00003626,MCH-002-03-01,2026-01-05 04:00:00,72.72,2.677,104.05
SENSOR-00003627,MCH-002-03-01,2026-01-05 08:00:00,80.03,2.789,95.86
SENSOR-00003628,MCH-002-03-01,2026-01-05 12:00:00,75.69,2.65,102.61
SENSOR-00003629,MCH-002-03-01,2026-01-05 16:00:00,83.68,2.8,102.69
SENSOR-00003630,MCH-002-03-01,2026-01-05 20:00:00,87.2,2.557,99.13
SENSOR-00003631,MCH-002-03-01,2026-01-06 00:00:00,72.81,3.052,100.45
SENSOR-00003632,MCH-002-03-01,2026-01-06 04:00:00,77.63,2.129,98.14
SENSOR-00003633,MCH-002-03-01,2026-01-06 08:00:00,80.86,2.576,100.32
SENSOR-00003634,MCH-002-03-01,2026-01-06 12:00:00,77.57,2.172,99.71
SENSOR-00003635,MCH-002-03-01,2026-01-06 16:00:00,82.3,2.805,99.62
SENSOR-00003636,MCH-002-03-01,2026-01-06 20:00:00,82.92,2.218,97.08
SENSOR-00003637,MCH-002-03-01,2026-01-07 00:00:00,72.03,2.599,98.41
SENSOR-00003638,MCH-002-03-01,2026-01-07 04:00:00,72.72,2.85,106.51
SENSOR-00003639,MCH-002-03-01,2026-01-07 08:00:00,84.44,2.696,99.2
SENSOR-00003640,MCH-002-03-01,2026-01-07 12:00:00,76.38,2.635,98.74
SENSOR-00003641,MCH-002-03-01,2026-01-07 16:00:00,81.94,2.024,99.11
SENSOR-00003642,MCH-002-03-01,2026-01-07 20:00:00,79.87,2.322,99.28
SENSOR-00003643,MCH-002-03-01,2026-01-08 00:00:00,81.6,2.455,100.09
SENSOR-00003644,MCH-002-03-01,2026-01-08 04:00:00,72.84,2.692,105.63
SENSOR-00003645,MCH-002-03-01,2026-01-08 08:00:00,73.11,2.964,101.09
SENSOR-00003646,MCH-002-03-01,2026-01-08 12:00:00,76.73,2.633,101.17
SENSOR-00003647,MCH-002-03-01,2026-01-08 16:00:00,84.09,2.663,101.62
SENSOR-00003648,MCH-002-03-01,2026-01-08 20:00:00,74.98,2.743,97.13
SENSOR-00003649,MCH-002-03-01,2026-01-09 00:00:00,75.66,2.589,98.54
SENSOR-00003650,MCH-002-03-01,2026-01-09 04:00:00,84.75,2.47,101.71
SENSOR-00003651,MCH-002-03-01,2026-01-09 08:00:00,73.99,2.767,102.2
SENSOR-00003652,MCH-002-03-01,2026-01-09 12:00:00,78.34,2.276,97.74
SENSOR-00003653,MCH-002-03-01,2026-01-09 16:00:00,83.41,2.342,101.92
SENSOR-00003654,MCH-002-03-01,2026-01-09 20:00:00,72.89,2.785,97.94
SENSOR-00003655,MCH-002-03-01,2026-01-10 00:00:00,79.24,2.74,99.93
SENSOR-00003656,MCH-002-03-01,2026-01-10 04:00:00,77.75,2.971,99.53
SENSOR-00003657,MCH-002-03-01,2026-01-10 08:00:00,72.89,2.678,96.6
SENSOR-00003658,MCH-002-03-01,2026-01-10 12:00:00,75.82,2.383,97.89
SENSOR-00003659,MCH-002-03-01,2026-01-10 16:00:00,75.66,2.758,103.32
SENSOR-00003660,MCH-002-03-01,2026-01-10 20:00:00,80.37,2.617,99.23
SENSOR-00003661,MCH-002-03-01,2026-01-11 00:00:00,76.13,2.649,99.25
SENSOR-00003662,MCH-002-03-01,2026-01-11 04:00:00,82.21,2.925,101.54
SENSOR-00003663,MCH-002-03-01,2026-01-11 08:00:00,73.56,2.396,95.66
SENSOR-00003664,MCH-002-03-01,2026-01-11 12:00:00,76.5,2.271,99.01
SENSOR-00003665,MCH-002-03-01,2026-01-11 16:00:00,77.71,2.037,96.21
SENSOR-00003666,MCH-002-03-01,2026-01-11 20:00:00,74.64,2.52,98.52
SENSOR-00003667,MCH-002-03-01,2026-01-12 00:00:00,79.39,2.375,95.27
SENSOR-00003668,MCH-002-03-01,2026-01-12 04:00:00,81.75,2.63,97.14
SENSOR-00003669,MCH-002-03-01,2026-01-12 08:00:00,77.78,2.8,105.19
SENSOR-00003670,MCH-002-03-01,2026-01-12 12:00:00,77.67,2.798,96.37
SENSOR-00003671,MCH-002-03-01,2026-01-12 16:00:00,76.52,2.449,101.03
SENSOR-00003672,MCH-002-03-01,2026-01-12 20:00:00,83.11,2.596,97.19
SENSOR-00003673,MCH-002-03-01,2026-01-13 00:00:00,74.09,1.719,98.96
SENSOR-00003674,MCH-002-03-01,2026-01-13 04:00:00,73.07,2.481,100.01
SENSOR-00003675,MCH-002-03-01,2026-01-13 08:00:00,83.74,2.609,101.0
SENSOR-00003676,MCH-002-03-01,2026-01-13 12:00:00,78.65,2.751,101.36
SENSOR-00003677,MCH-002-03-01,2026-01-13 16:00:00,77.79,2.711,92.72
SENSOR-00003678,MCH-002-03-01,2026-01-13 20:00:00,85.02,2.931,100.65
SENSOR-00003679,MCH-002-03-01,2026-01-14 00:00:00,68.18,2.523,98.72
SENSOR-00003680,MCH-002-03-01,2026-01-14 04:00:00,81.21,2.427,103.42
SENSOR-00003681,MCH-002-03-01,2026-01-14 08:00:00,72.57,2.463,99.21
SENSOR-00003682,MCH-002-03-01,2026-01-14 12:00:00,78.65,2.625,102.17
SENSOR-00003683,MCH-002-03-01,2026-01-14 16:00:00,77.73,2.699,97.31
SENSOR-00003684,MCH-002-03-01,2026-01-14 20:00:00,78.22,2.935,94.96
SENSOR-00003685,MCH-002-03-01,2026-01-15 00:00:00,71.32,2.905,101.35
SENSOR-00003686,MCH-002-03-01,2026-01-15 04:00:00,73.0,2.601,103.48
SENSOR-00003687,MCH-002-03-01,2026-01-15 08:00:00,80.64,2.301,90.6
SENSOR-00003688,MCH-002-03-01,2026-01-15 12:00:00,78.25,2.312,101.87
SENSOR-00003689,MCH-002-03-01,2026-01-15 16:00:00,80.47,2.812,105.23
SENSOR-00003690,MCH-002-03-01,2026-01-15 20:00:00,81.61,2.971,104.14
SENSOR-00003691,MCH-002-03-01,2026-01-16 00:00:00,75.02,2.509,101.39
SENSOR-00003692,MCH-002-03-01,2026-01-16 04:00:00,80.95,2.26,101.98
SENSOR-00003693,MCH-002-03-01,2026-01-16 08:00:00,81.57,3.12,102.12
SENSOR-00003694,MCH-002-03-01,2026-01-16 12:00:00,74.83,2.215,105.49
SENSOR-00003695,MCH-002-03-01,2026-01-16 16:00:00,79.61,2.528,95.14
SENSOR-00003696,MCH-002-03-01,2026-01-16 20:00:00,72.94,2.691,101.06
SENSOR-00003697,MCH-002-03-01,2026-01-17 00:00:00,77.22,2.462,100.79
SENSOR-00003698,MCH-002-03-01,2026-01-17 04:00:00,83.46,2.408,101.94
SENSOR-00003699,MCH-002-03-01,2026-01-17 08:00:00,73.14,2.017,100.62
SENSOR-00003700,MCH-002-03-01,2026-01-17 12:00:00,78.15,2.506,95.51
SENSOR-00003701,MCH-002-03-01,2026-01-17 16:00:00,77.88,2.6,97.33
SENSOR-00003702,MCH-002-03-01,2026-01-17 20:00:00,71.25,2.47,101.96
SENSOR-00003703,MCH-002-03-01,2026-01-18 00:00:00,82.02,2.214,103.47
SENSOR-00003704,MCH-002-03-01,2026-01-18 04:00:00,83.14,2.478,98.97
SENSOR-00003705,MCH-002-03-01,2026-01-18 08:00:00,80.8,2.487,92.94
SENSOR-00003706,MCH-002-03-01,2026-01-18 12:00:00,76.27,2.651,102.22
SENSOR-00003707,MCH-002-03-01,2026-01-18 16:00:00,73.14,2.466,102.93
SENSOR-00003708,MCH-002-03-01,2026-01-18 20:00:00,76.43,2.151,103.71
SENSOR-00003709,MCH-002-03-01,2026-01-19 00:00:00,81.33,2.765,101.79
SENSOR-00003710,MCH-002-03-01,2026-01-19 04:00:00,75.38,2.656,104.3
SENSOR-00003711,MCH-002-03-01,2026-01-19 08:00:00,77.0,3.009,95.5
SENSOR-00003712,MCH-002-03-01,2026-01-19 12:00:00,70.24,2.78,97.54
SENSOR-00003713,MCH-002-03-01,2026-01-19 16:00:00,84.84,2.868,104.76
SENSOR-00003714,MCH-002-03-01,2026-01-19 20:00:00,80.2,2.303,95.02
SENSOR-00003715,MCH-002-03-01,2026-01-20 00:00:00,82.37,2.881,100.47
SENSOR-00003716,MCH-002-03-01,2026-01-20 04:00:00,74.27,2.86,93.93
SENSOR-00003717,MCH-002-03-01,2026-01-20 08:00:00,78.44,2.718,97.51
SENSOR-00003718,MCH-002-03-01,2026-01-20 12:00:00,80.56,2.527,98.36
SENSOR-00003719,MCH-002-03-01,2026-01-20 16:00:00,80.52,2.262,102.61
SENSOR-00003720,MCH-002-03-01,2026-01-20 20:00:00,68.74,2.605,100.13
SENSOR-00003721,MCH-002-03-01,2026-01-21 00:00:00,74.78,2.458,100.74
SENSOR-00003722,MCH-002-03-01,2026-01-21 04:00:00,75.97,2.811,100.28
SENSOR-00003723,MCH-002-03-01,2026-01-21 08:00:00,78.17,2.183,102.83
SENSOR-00003724,MCH-002-03-01,2026-01-21 12:00:00,74.34,2.273,104.94
SENSOR-00003725,MCH-002-03-01,2026-01-21 16:00:00,79.46,2.777,101.36
SENSOR-00003726,MCH-002-03-01,2026-01-21 20:00:00,76.29,2.463,102.34
SENSOR-00003727,MCH-002-03-01,2026-01-22 00:00:00,75.74,2.704,99.91
SENSOR-00003728,MCH-002-03-01,2026-01-22 04:00:00,80.04,2.544,100.04
SENSOR-00003729,MCH-002-03-01,2026-01-22 08:00:00,74.36,2.889,95.41
SENSOR-00003730,MCH-002-03-01,2026-01-22 12:00:00,77.87,2.488,102.35
SENSOR-00003731,MCH-002-03-01,2026-01-22 16:00:00,76.58,2.535,99.2
SENSOR-00003732,MCH-002-03-01,2026-01-22 20:00:00,82.24,2.534,105.91
SENSOR-00003733,MCH-002-03-01,2026-01-23 00:00:00,77.04,2.925,101.27
SENSOR-00003734,MCH-002-03-01,2026-01-23 04:00:00,87.09,2.546,102.88
SENSOR-00003735,MCH-002-03-01,2026-01-23 08:00:00,73.76,2.883,97.89
SENSOR-00003736,MCH-002-03-01,2026-01-23 12:00:00,78.49,2.467,101.36
SENSOR-00003737,MCH-002-03-01,2026-01-23 16:00:00,75.73,2.336,99.19
SENSOR-00003738,MCH-002-03-01,2026-01-23 20:00:00,82.83,2.65,96.13
SENSOR-00003739,MCH-002-03-01,2026-01-24 00:00:00,81.7,2.372,97.76
SENSOR-00003740,MCH-002-03-01,2026-01-24 04:00:00,75.52,2.614,95.77
SENSOR-00003741,MCH-002-03-01,2026-01-24 08:00:00,78.87,2.181,103.88
SENSOR-00003742,MCH-002-03-01,2026-01-24 12:00:00,78.72,3.012,102.01
SENSOR-00003743,MCH-002-03-01,2026-01-24 16:00:00,75.45,2.334,100.72
SENSOR-00003744,MCH-002-03-01,2026-01-24 20:00:00,76.54,2.83,97.21
SENSOR-00003745,MCH-002-03-01,2026-01-25 00:00:00,70.9,2.375,103.97
SENSOR-00003746,MCH-002-03-01,2026-01-25 04:00:00,80.48,2.564,103.06
SENSOR-00003747,MCH-002-03-01,2026-01-25 08:00:00,76.2,2.639,104.96
SENSOR-00003748,MCH-002-03-01,2026-01-25 12:00:00,75.68,2.342,101.41
SENSOR-00003749,MCH-002-03-01,2026-01-25 16:00:00,79.63,2.561,103.01
SENSOR-00003750,MCH-002-03-01,2026-01-25 20:00:00,75.86,2.565,101.12
SENSOR-00003751,MCH-002-03-01,2026-01-26 00:00:00,66.7,2.852,101.32
SENSOR-00003752,MCH-002-03-01,2026-01-26 04:00:00,76.58,2.707,105.78
SENSOR-00003753,MCH-002-03-01,2026-01-26 08:00:00,82.32,2.774,97.34
SENSOR-00003754,MCH-002-03-01,2026-01-26 12:00:00,73.64,1.937,101.9
SENSOR-00003755,MCH-002-03-01,2026-01-26 16:00:00,81.1,2.831,102.03
SENSOR-00003756,MCH-002-03-01,2026-01-26 20:00:00,76.05,2.392,97.52
SENSOR-00003757,MCH-002-03-01,2026-01-27 00:00:00,75.24,2.3,100.01
SENSOR-00003758,MCH-002-03-01,2026-01-27 04:00:00,74.49,2.499,105.87
SENSOR-00003759,MCH-002-03-01,2026-01-27 08:00:00,77.35,2.666,98.61
SENSOR-00003760,MCH-002-03-01,2026-01-27 12:00:00,73.53,2.527,107.51
SENSOR-00003761,MCH-002-03-01,2026-01-27 16:00:00,75.52,2.624,97.51
SENSOR-00003762,MCH-002-03-01,2026-01-27 20:00:00,65.64,2.336,107.14
SENSOR-00003763,MCH-002-03-01,2026-01-28 00:00:00,74.66,2.61,100.59
SENSOR-00003764,MCH-002-03-01,2026-01-28 04:00:00,75.19,2.313,98.72
SENSOR-00003765,MCH-002-03-01,2026-01-28 08:00:00,84.16,2.811,103.06
SENSOR-00003766,MCH-002-03-01,2026-01-28 12:00:00,73.52,2.174,103.29
SENSOR-00003767,MCH-002-03-01,2026-01-28 16:00:00,80.28,2.568,98.89
SENSOR-00003768,MCH-002-03-01,2026-01-28 20:00:00,70.81,2.75,103.56
SENSOR-00003769,MCH-002-03-01,2026-01-29 00:00:00,75.12,2.815,102.66
SENSOR-00003770,MCH-002-03-01,2026-01-29 04:00:00,81.02,2.579,98.63
SENSOR-00003771,MCH-002-03-01,2026-01-29 08:00:00,76.63,2.427,104.4
SENSOR-00003772,MCH-002-03-01,2026-01-29 12:00:00,80.67,2.51,97.22
SENSOR-00003773,MCH-002-03-01,2026-01-29 16:00:00,82.83,2.567,99.61
SENSOR-00003774,MCH-002-03-01,2026-01-29 20:00:00,82.86,2.406,99.04
SENSOR-00003775,MCH-002-03-01,2026-01-30 00:00:00,74.32,2.323,100.74
SENSOR-00003776,MCH-002-03-01,2026-01-30 04:00:00,76.04,2.545,107.06
SENSOR-00003777,MCH-002-03-01,2026-01-30 08:00:00,76.04,2.684,102.16
SENSOR-00003778,MCH-002-03-01,2026-01-30 12:00:00,76.41,2.602,100.06
SENSOR-00003779,MCH-002-03-01,2026-01-30 16:00:00,77.48,2.387,98.52
SENSOR-00003780,MCH-002-03-01,2026-01-30 20:00:00,76.73,2.04,104.49
SENSOR-00003781,MCH-002-03-02,2026-01-01 00:00:00,78.55,2.349,106.59
SENSOR-00003782,MCH-002-03-02,2026-01-01 04:00:00,72.87,2.685,101.88
SENSOR-00003783,MCH-002-03-02,2026-01-01 08:00:00,76.53,2.451,98.0
SENSOR-00003784,MCH-002-03-02,2026-01-01 12:00:00,64.57,2.662,98.53
SENSOR-00003785,MCH-002-03-02,2026-01-01 16:00:00,79.6,2.481,103.6
SENSOR-00003786,MCH-002-03-02,2026-01-01 20:00:00,78.12,1.777,101.84
SENSOR-00003787,MCH-002-03-02,2026-01-02 00:00:00,69.17,2.422,101.6
SENSOR-00003788,MCH-002-03-02,2026-01-02 04:00:00,74.79,2.269,97.16
SENSOR-00003789,MCH-002-03-02,2026-01-02 08:00:00,73.65,2.188,99.81
SENSOR-00003790,MCH-002-03-02,2026-01-02 12:00:00,68.83,2.569,98.3
SENSOR-00003791,MCH-002-03-02,2026-01-02 16:00:00,76.42,2.615,100.98
SENSOR-00003792,MCH-002-03-02,2026-01-02 20:00:00,78.11,1.877,98.52
SENSOR-00003793,MCH-002-03-02,2026-01-03 00:00:00,73.28,2.245,97.24
SENSOR-00003794,MCH-002-03-02,2026-01-03 04:00:00,76.52,2.817,102.8
SENSOR-00003795,MCH-002-03-02,2026-01-03 08:00:00,73.63,2.647,101.04
SENSOR-00003796,MCH-002-03-02,2026-01-03 12:00:00,74.75,2.368,99.4
SENSOR-00003797,MCH-002-03-02,2026-01-03 16:00:00,77.52,2.428,97.81
SENSOR-00003798,MCH-002-03-02,2026-01-03 20:00:00,71.81,2.47,101.29
SENSOR-00003799,MCH-002-03-02,2026-01-04 00:00:00,78.93,2.454,95.87
SENSOR-00003800,MCH-002-03-02,2026-01-04 04:00:00,66.81,2.613,104.03
SENSOR-00003801,MCH-002-03-02,2026-01-04 08:00:00,71.66,2.326,98.33
SENSOR-00003802,MCH-002-03-02,2026-01-04 12:00:00,72.58,2.662,100.66
SENSOR-00003803,MCH-002-03-02,2026-01-04 16:00:00,74.0,3.058,95.7
SENSOR-00003804,MCH-002-03-02,2026-01-04 20:00:00,77.11,2.131,99.53
SENSOR-00003805,MCH-002-03-02,2026-01-05 00:00:00,76.66,2.376,99.42
SENSOR-00003806,MCH-002-03-02,2026-01-05 04:00:00,79.62,2.649,104.24
SENSOR-00003807,MCH-002-03-02,2026-01-05 08:00:00,76.41,2.731,98.75
SENSOR-00003808,MCH-002-03-02,2026-01-05 12:00:00,74.11,2.692,102.53
SENSOR-00003809,MCH-002-03-02,2026-01-05 16:00:00,73.75,2.132,99.39
SENSOR-00003810,MCH-002-03-02,2026-01-05 20:00:00,72.18,2.824,102.28
SENSOR-00003811,MCH-002-03-02,2026-01-06 00:00:00,71.14,2.041,105.06
SENSOR-00003812,MCH-002-03-02,2026-01-06 04:00:00,80.2,2.348,101.14
SENSOR-00003813,MCH-002-03-02,2026-01-06 08:00:00,76.54,2.428,96.11
SENSOR-00003814,MCH-002-03-02,2026-01-06 12:00:00,64.99,2.182,105.45
SENSOR-00003815,MCH-002-03-02,2026-01-06 16:00:00,82.34,2.328,97.13
SENSOR-00003816,MCH-002-03-02,2026-01-06 20:00:00,76.03,2.503,101.8
SENSOR-00003817,MCH-002-03-02,2026-01-07 00:00:00,74.47,2.494,102.18
SENSOR-00003818,MCH-002-03-02,2026-01-07 04:00:00,76.29,2.466,104.18
SENSOR-00003819,MCH-002-03-02,2026-01-07 08:00:00,68.53,2.194,100.08
SENSOR-00003820,MCH-002-03-02,2026-01-07 12:00:00,72.0,2.294,103.86
SENSOR-00003821,MCH-002-03-02,2026-01-07 16:00:00,74.32,1.936,98.73
SENSOR-00003822,MCH-002-03-02,2026-01-07 20:00:00,75.15,2.403,101.67
SENSOR-00003823,MCH-002-03-02,2026-01-08 00:00:00,80.95,2.562,100.34
SENSOR-00003824,MCH-002-03-02,2026-01-08 04:00:00,77.33,2.224,93.67
SENSOR-00003825,MCH-002-03-02,2026-01-08 08:00:00,72.49,2.58,100.24
SENSOR-00003826,MCH-002-03-02,2026-01-08 12:00:00,74.37,2.181,94.13
SENSOR-00003827,MCH-002-03-02,2026-01-08 16:00:00,80.62,2.341,98.71
SENSOR-00003828,MCH-002-03-02,2026-01-08 20:00:00,72.23,2.707,102.64
SENSOR-00003829,MCH-002-03-02,2026-01-09 00:00:00,77.11,1.882,97.4
SENSOR-00003830,MCH-002-03-02,2026-01-09 04:00:00,77.19,2.075,101.12
SENSOR-00003831,MCH-002-03-02,2026-01-09 08:00:00,69.35,2.397,104.83
SENSOR-00003832,MCH-002-03-02,2026-01-09 12:00:00,78.02,1.931,102.55
SENSOR-00003833,MCH-002-03-02,2026-01-09 16:00:00,82.21,3.093,101.43
SENSOR-00003834,MCH-002-03-02,2026-01-09 20:00:00,69.46,2.502,104.79
SENSOR-00003835,MCH-002-03-02,2026-01-10 00:00:00,69.71,2.268,100.99
SENSOR-00003836,MCH-002-03-02,2026-01-10 04:00:00,74.57,2.409,102.2
SENSOR-00003837,MCH-002-03-02,2026-01-10 08:00:00,73.54,2.733,97.03
SENSOR-00003838,MCH-002-03-02,2026-01-10 12:00:00,82.63,2.672,98.93
SENSOR-00003839,MCH-002-03-02,2026-01-10 16:00:00,73.76,2.445,101.8
SENSOR-00003840,MCH-002-03-02,2026-01-10 20:00:00,79.29,2.058,101.31
SENSOR-00003841,MCH-002-03-02,2026-01-11 00:00:00,67.3,1.973,100.29
SENSOR-00003842,MCH-002-03-02,2026-01-11 04:00:00,70.2,2.428,100.59
SENSOR-00003843,MCH-002-03-02,2026-01-11 08:00:00,72.96,2.847,101.77
SENSOR-00003844,MCH-002-03-02,2026-01-11 12:00:00,79.76,2.623,99.55
SENSOR-00003845,MCH-002-03-02,2026-01-11 16:00:00,74.14,2.319,102.04
SENSOR-00003846,MCH-002-03-02,2026-01-11 20:00:00,72.32,2.825,97.76
SENSOR-00003847,MCH-002-03-02,2026-01-12 00:00:00,77.36,2.65,100.07
SENSOR-00003848,MCH-002-03-02,2026-01-12 04:00:00,75.15,2.303,98.49
SENSOR-00003849,MCH-002-03-02,2026-01-12 08:00:00,71.24,2.004,97.89
SENSOR-00003850,MCH-002-03-02,2026-01-12 12:00:00,78.53,2.287,98.96
SENSOR-00003851,MCH-002-03-02,2026-01-12 16:00:00,73.45,2.705,97.21
SENSOR-00003852,MCH-002-03-02,2026-01-12 20:00:00,76.02,2.376,100.2
SENSOR-00003853,MCH-002-03-02,2026-01-13 00:00:00,76.49,2.401,99.22
SENSOR-00003854,MCH-002-03-02,2026-01-13 04:00:00,66.46,1.907,104.94
SENSOR-00003855,MCH-002-03-02,2026-01-13 08:00:00,72.57,2.635,95.19
SENSOR-00003856,MCH-002-03-02,2026-01-13 12:00:00,70.73,2.563,99.69
SENSOR-00003857,MCH-002-03-02,2026-01-13 16:00:00,77.07,2.39,99.38
SENSOR-00003858,MCH-002-03-02,2026-01-13 20:00:00,72.2,2.095,104.21
SENSOR-00003859,MCH-002-03-02,2026-01-14 00:00:00,74.46,2.997,98.42
SENSOR-00003860,MCH-002-03-02,2026-01-14 04:00:00,81.48,2.755,101.51
SENSOR-00003861,MCH-002-03-02,2026-01-14 08:00:00,67.21,2.401,98.46
SENSOR-00003862,MCH-002-03-02,2026-01-14 12:00:00,75.0,2.128,102.27
SENSOR-00003863,MCH-002-03-02,2026-01-14 16:00:00,78.86,2.686,98.85
SENSOR-00003864,MCH-002-03-02,2026-01-14 20:00:00,70.68,2.481,105.27
SENSOR-00003865,MCH-002-03-02,2026-01-15 00:00:00,76.31,2.533,97.44
SENSOR-00003866,MCH-002-03-02,2026-01-15 04:00:00,71.26,2.383,99.94
SENSOR-00003867,MCH-002-03-02,2026-01-15 08:00:00,72.83,2.454,102.72
SENSOR-00003868,MCH-002-03-02,2026-01-15 12:00:00,79.67,2.746,96.06
SENSOR-00003869,MCH-002-03-02,2026-01-15 16:00:00,70.26,2.321,100.24
SENSOR-00003870,MCH-002-03-02,2026-01-15 20:00:00,73.96,2.255,99.09
SENSOR-00003871,MCH-002-03-02,2026-01-16 00:00:00,78.34,2.344,104.65
SENSOR-00003872,MCH-002-03-02,2026-01-16 04:00:00,68.95,2.631,100.36
SENSOR-00003873,MCH-002-03-02,2026-01-16 08:00:00,70.84,2.881,105.55
SENSOR-00003874,MCH-002-03-02,2026-01-16 12:00:00,66.62,2.438,102.12
SENSOR-00003875,MCH-002-03-02,2026-01-16 16:00:00,76.68,2.772,103.92
SENSOR-00003876,MCH-002-03-02,2026-01-16 20:00:00,75.98,2.963,102.81
SENSOR-00003877,MCH-002-03-02,2026-01-17 00:00:00,79.56,2.292,106.06
SENSOR-00003878,MCH-002-03-02,2026-01-17 04:00:00,76.13,2.71,101.89
SENSOR-00003879,MCH-002-03-02,2026-01-17 08:00:00,80.18,2.536,100.71
SENSOR-00003880,MCH-002-03-02,2026-01-17 12:00:00,79.29,3.015,99.19
SENSOR-00003881,MCH-002-03-02,2026-01-17 16:00:00,78.1,2.392,101.52
SENSOR-00003882,MCH-002-03-02,2026-01-17 20:00:00,75.09,1.854,99.4
SENSOR-00003883,MCH-002-03-02,2026-01-18 00:00:00,75.73,1.982,98.87
SENSOR-00003884,MCH-002-03-02,2026-01-18 04:00:00,67.7,2.558,102.69
SENSOR-00003885,MCH-002-03-02,2026-01-18 08:00:00,78.68,2.516,102.9
SENSOR-00003886,MCH-002-03-02,2026-01-18 12:00:00,68.61,2.366,95.76
SENSOR-00003887,MCH-002-03-02,2026-01-18 16:00:00,73.48,2.797,103.28
SENSOR-00003888,MCH-002-03-02,2026-01-18 20:00:00,77.57,2.348,97.02
SENSOR-00003889,MCH-002-03-02,2026-01-19 00:00:00,70.02,2.598,101.68
SENSOR-00003890,MCH-002-03-02,2026-01-19 04:00:00,75.85,2.941,101.9
SENSOR-00003891,MCH-002-03-02,2026-01-19 08:00:00,72.34,2.523,99.14
SENSOR-00003892,MCH-002-03-02,2026-01-19 12:00:00,79.98,2.464,101.14
SENSOR-00003893,MCH-002-03-02,2026-01-19 16:00:00,69.15,2.409,99.83
SENSOR-00003894,MCH-002-03-02,2026-01-19 20:00:00,70.82,2.338,101.31
SENSOR-00003895,MCH-002-03-02,2026-01-20 00:00:00,76.03,2.749,103.4
SENSOR-00003896,MCH-002-03-02,2026-01-20 04:00:00,80.9,2.735,104.69
SENSOR-00003897,MCH-002-03-02,2026-01-20 08:00:00,70.3,2.555,103.65
SENSOR-00003898,MCH-002-03-02,2026-01-20 12:00:00,80.51,2.201,101.97
SENSOR-00003899,MCH-002-03-02,2026-01-20 16:00:00,75.22,2.855,95.84
SENSOR-00003900,MCH-002-03-02,2026-01-20 20:00:00,71.84,1.941,100.43
SENSOR-00003901,MCH-002-03-02,2026-01-21 00:00:00,74.54,2.579,102.79
SENSOR-00003902,MCH-002-03-02,2026-01-21 04:00:00,80.11,2.477,101.07
SENSOR-00003903,MCH-002-03-02,2026-01-21 08:00:00,77.92,2.245,98.09
SENSOR-00003904,MCH-002-03-02,2026-01-21 12:00:00,74.42,2.075,101.22
SENSOR-00003905,MCH-002-03-02,2026-01-21 16:00:00,79.11,2.216,101.31
SENSOR-00003906,MCH-002-03-02,2026-01-21 20:00:00,72.4,2.139,106.17
SENSOR-00003907,MCH-002-03-02,2026-01-22 00:00:00,81.35,2.628,102.4
SENSOR-00003908,MCH-002-03-02,2026-01-22 04:00:00,72.56,2.675,102.41
SENSOR-00003909,MCH-002-03-02,2026-01-22 08:00:00,75.67,2.247,100.32
SENSOR-00003910,MCH-002-03-02,2026-01-22 12:00:00,81.51,2.12,97.6
SENSOR-00003911,MCH-002-03-02,2026-01-22 16:00:00,72.41,2.291,99.95
SENSOR-00003912,MCH-002-03-02,2026-01-22 20:00:00,78.75,2.509,100.18
SENSOR-00003913,MCH-002-03-02,2026-01-23 00:00:00,75.48,2.321,104.59
SENSOR-00003914,MCH-002-03-02,2026-01-23 04:00:00,77.75,2.469,102.08
SENSOR-00003915,MCH-002-03-02,2026-01-23 08:00:00,72.1,2.937,96.74
SENSOR-00003916,MCH-002-03-02,2026-01-23 12:00:00,75.37,2.322,99.03
SENSOR-00003917,MCH-002-03-02,2026-01-23 16:00:00,73.1,2.2,103.57
SENSOR-00003918,MCH-002-03-02,2026-01-23 20:00:00,70.1,2.639,101.95
SENSOR-00003919,MCH-002-03-02,2026-01-24 00:00:00,67.93,2.409,101.57
SENSOR-00003920,MCH-002-03-02,2026-01-24 04:00:00,75.19,2.836,96.99
SENSOR-00003921,MCH-002-03-02,2026-01-24 08:00:00,72.27,2.427,100.73
SENSOR-00003922,MCH-002-03-02,2026-01-24 12:00:00,67.31,2.544,100.74
SENSOR-00003923,MCH-002-03-02,2026-01-24 16:00:00,66.44,2.364,97.57
SENSOR-00003924,MCH-002-03-02,2026-01-24 20:00:00,73.1,2.059,101.25
SENSOR-00003925,MCH-002-03-02,2026-01-25 00:00:00,72.24,1.982,93.96
SENSOR-00003926,MCH-002-03-02,2026-01-25 04:00:00,72.25,2.354,98.45
SENSOR-00003927,MCH-002-03-02,2026-01-25 08:00:00,72.18,2.535,101.39
SENSOR-00003928,MCH-002-03-02,2026-01-25 12:00:00,75.72,2.597,98.03
SENSOR-00003929,MCH-002-03-02,2026-01-25 16:00:00,70.54,2.263,98.23
SENSOR-00003930,MCH-002-03-02,2026-01-25 20:00:00,66.71,2.257,103.31
SENSOR-00003931,MCH-002-03-02,2026-01-26 00:00:00,72.23,2.531,98.68
SENSOR-00003932,MCH-002-03-02,2026-01-26 04:00:00,71.57,2.177,100.96
SENSOR-00003933,MCH-002-03-02,2026-01-26 08:00:00,75.74,2.773,99.13
SENSOR-00003934,MCH-002-03-02,2026-01-26 12:00:00,73.69,2.753,102.96
SENSOR-00003935,MCH-002-03-02,2026-01-26 16:00:00,75.5,2.003,97.56
SENSOR-00003936,MCH-002-03-02,2026-01-26 20:00:00,70.7,2.402,98.47
SENSOR-00003937,MCH-002-03-02,2026-01-27 00:00:00,80.34,2.865,98.76
SENSOR-00003938,MCH-002-03-02,2026-01-27 04:00:00,74.23,2.184,101.9
SENSOR-00003939,MCH-002-03-02,2026-01-27 08:00:00,81.03,2.707,99.91
SENSOR-00003940,MCH-002-03-02,2026-01-27 12:00:00,71.56,2.395,104.14
SENSOR-00003941,MCH-002-03-02,2026-01-27 16:00:00,73.31,1.939,98.92
SENSOR-00003942,MCH-002-03-02,2026-01-27 20:00:00,73.8,1.938,100.7
SENSOR-00003943,MCH-002-03-02,2026-01-28 00:00:00,75.31,2.416,98.32
SENSOR-00003944,MCH-002-03-02,2026-01-28 04:00:00,80.08,2.293,94.32
SENSOR-00003945,MCH-002-03-02,2026-01-28 08:00:00,74.02,2.513,101.03
SENSOR-00003946,MCH-002-03-02,2026-01-28 12:00:00,76.25,2.767,96.66
SENSOR-00003947,MCH-002-03-02,2026-01-28 16:00:00,73.22,2.78,94.1
SENSOR-00003948,MCH-002-03-02,2026-01-28 20:00:00,74.7,2.701,103.64
SENSOR-00003949,MCH-002-03-02,2026-01-29 00:00:00,75.74,2.501,105.33
SENSOR-00003950,MCH-002-03-02,2026-01-29 04:00:00,76.65,2.239,102.03
SENSOR-00003951,MCH-002-03-02,2026-01-29 08:00:00,71.59,2.622,100.19
SENSOR-00003952,MCH-002-03-02,2026-01-29 12:00:00,76.52,1.948,93.25
SENSOR-00003953,MCH-002-03-02,2026-01-29 16:00:00,68.91,2.83,96.56
SENSOR-00003954,MCH-002-03-02,2026-01-29 20:00:00,77.85,2.233,99.28
SENSOR-00003955,MCH-002-03-02,2026-01-30 00:00:00,78.48,2.355,98.69
SENSOR-00003956,MCH-002-03-02,2026-01-30 04:00:00,71.44,2.192,97.25
SENSOR-00003957,MCH-002-03-02,2026-01-30 08:00:00,76.38,2.336,101.29
SENSOR-00003958,MCH-002-03-02,2026-01-30 12:00:00,76.87,2.128,96.73
SENSOR-00003959,MCH-002-03-02,2026-01-30 16:00:00,74.0,2.2,97.36
SENSOR-00003960,MCH-002-03-02,2026-01-30 20:00:00,81.7,2.01,106.07
SENSOR-00003961,MCH-002-03-03,2026-01-01 00:00:00,79.94,2.153,105.95
SENSOR-00003962,MCH-002-03-03,2026-01-01 04:00:00,80.8,2.945,105.72
SENSOR-00003963,MCH-002-03-03,2026-01-01 08:00:00,81.89,2.278,100.68
SENSOR-00003964,MCH-002-03-03,2026-01-01 12:00:00,73.63,2.196,100.45
SENSOR-00003965,MCH-002-03-03,2026-01-01 16:00:00,75.46,2.08,95.87
SENSOR-00003966,MCH-002-03-03,2026-01-01 20:00:00,73.91,2.023,98.23
SENSOR-00003967,MCH-002-03-03,2026-01-02 00:00:00,67.29,2.281,102.55
SENSOR-00003968,MCH-002-03-03,2026-01-02 04:00:00,76.42,1.858,95.44
SENSOR-00003969,MCH-002-03-03,2026-01-02 08:00:00,70.31,2.542,100.66
SENSOR-00003970,MCH-002-03-03,2026-01-02 12:00:00,69.35,1.833,97.95
SENSOR-00003971,MCH-002-03-03,2026-01-02 16:00:00,69.45,2.43,103.04
SENSOR-00003972,MCH-002-03-03,2026-01-02 20:00:00,68.25,2.385,101.95
SENSOR-00003973,MCH-002-03-03,2026-01-03 00:00:00,71.62,2.269,100.29
SENSOR-00003974,MCH-002-03-03,2026-01-03 04:00:00,74.87,1.915,101.19
SENSOR-00003975,MCH-002-03-03,2026-01-03 08:00:00,69.48,2.16,105.12
SENSOR-00003976,MCH-002-03-03,2026-01-03 12:00:00,66.86,2.126,96.18
SENSOR-00003977,MCH-002-03-03,2026-01-03 16:00:00,73.07,2.458,100.51
SENSOR-00003978,MCH-002-03-03,2026-01-03 20:00:00,71.99,2.528,100.99
SENSOR-00003979,MCH-002-03-03,2026-01-04 00:00:00,80.02,1.844,96.75
SENSOR-00003980,MCH-002-03-03,2026-01-04 04:00:00,75.5,2.111,100.92
SENSOR-00003981,MCH-002-03-03,2026-01-04 08:00:00,72.0,2.161,99.09
SENSOR-00003982,MCH-002-03-03,2026-01-04 12:00:00,73.17,2.357,104.84
SENSOR-00003983,MCH-002-03-03,2026-01-04 16:00:00,71.64,2.098,98.43
SENSOR-00003984,MCH-002-03-03,2026-01-04 20:00:00,78.33,2.369,94.3
SENSOR-00003985,MCH-002-03-03,2026-01-05 00:00:00,77.03,1.784,99.74
SENSOR-00003986,MCH-002-03-03,2026-01-05 04:00:00,73.0,2.347,94.85
SENSOR-00003987,MCH-002-03-03,2026-01-05 08:00:00,71.41,2.296,101.43
SENSOR-00003988,MCH-002-03-03,2026-01-05 12:00:00,77.2,2.387,99.82
SENSOR-00003989,MCH-002-03-03,2026-01-05 16:00:00,75.15,2.146,100.44
SENSOR-00003990,MCH-002-03-03,2026-01-05 20:00:00,75.63,2.185,101.09
SENSOR-00003991,MCH-002-03-03,2026-01-06 00:00:00,74.91,2.57,94.95
SENSOR-00003992,MCH-002-03-03,2026-01-06 04:00:00,78.51,2.659,101.7
SENSOR-00003993,MCH-002-03-03,2026-01-06 08:00:00,74.82,2.136,100.02
SENSOR-00003994,MCH-002-03-03,2026-01-06 12:00:00,75.24,2.355,102.16
SENSOR-00003995,MCH-002-03-03,2026-01-06 16:00:00,74.96,2.421,102.36
SENSOR-00003996,MCH-002-03-03,2026-01-06 20:00:00,68.36,2.404,105.58
SENSOR-00003997,MCH-002-03-03,2026-01-07 00:00:00,72.32,2.229,102.2
SENSOR-00003998,MCH-002-03-03,2026-01-07 04:00:00,69.08,2.224,106.43
SENSOR-00003999,MCH-002-03-03,2026-01-07 08:00:00,70.45,2.41,101.57
SENSOR-00004000,MCH-002-03-03,2026-01-07 12:00:00,71.8,2.252,105.26
SENSOR-00004001,MCH-002-03-03,2026-01-07 16:00:00,74.67,2.374,104.8
SENSOR-00004002,MCH-002-03-03,2026-01-07 20:00:00,71.3,1.935,105.31
SENSOR-00004003,MCH-002-03-03,2026-01-08 00:00:00,67.81,2.392,101.04
SENSOR-00004004,MCH-002-03-03,2026-01-08 04:00:00,68.16,2.333,97.37
SENSOR-00004005,MCH-002-03-03,2026-01-08 08:00:00,75.34,2.167,99.02
SENSOR-00004006,MCH-002-03-03,2026-01-08 12:00:00,72.09,2.836,97.72
SENSOR-00004007,MCH-002-03-03,2026-01-08 16:00:00,73.36,2.392,97.11
SENSOR-00004008,MCH-002-03-03,2026-01-08 20:00:00,66.08,2.046,102.28
SENSOR-00004009,MCH-002-03-03,2026-01-09 00:00:00,75.64,1.91,99.42
SENSOR-00004010,MCH-002-03-03,2026-01-09 04:00:00,67.34,2.135,104.45
SENSOR-00004011,MCH-002-03-03,2026-01-09 08:00:00,71.17,1.855,97.96
SENSOR-00004012,MCH-002-03-03,2026-01-09 12:00:00,66.01,1.872,102.01
SENSOR-00004013,MCH-002-03-03,2026-01-09 16:00:00,66.67,2.274,100.08
SENSOR-00004014,MCH-002-03-03,2026-01-09 20:00:00,70.33,2.253,97.19
SENSOR-00004015,MCH-002-03-03,2026-01-10 00:00:00,65.47,2.111,99.68
SENSOR-00004016,MCH-002-03-03,2026-01-10 04:00:00,71.04,2.321,102.16
SENSOR-00004017,MCH-002-03-03,2026-01-10 08:00:00,69.36,1.994,99.89
SENSOR-00004018,MCH-002-03-03,2026-01-10 12:00:00,66.28,2.077,104.04
SENSOR-00004019,MCH-002-03-03,2026-01-10 16:00:00,66.43,2.111,98.22
SENSOR-00004020,MCH-002-03-03,2026-01-10 20:00:00,80.47,2.062,98.56
SENSOR-00004021,MCH-002-03-03,2026-01-11 00:00:00,73.43,2.143,104.37
SENSOR-00004022,MCH-002-03-03,2026-01-11 04:00:00,72.92,2.198,98.63
SENSOR-00004023,MCH-002-03-03,2026-01-11 08:00:00,70.39,2.256,102.46
SENSOR-00004024,MCH-002-03-03,2026-01-11 12:00:00,69.71,2.228,100.55
SENSOR-00004025,MCH-002-03-03,2026-01-11 16:00:00,73.89,1.769,97.23
SENSOR-00004026,MCH-002-03-03,2026-01-11 20:00:00,66.99,2.204,97.3
SENSOR-00004027,MCH-002-03-03,2026-01-12 00:00:00,69.41,2.258,101.86
SENSOR-00004028,MCH-002-03-03,2026-01-12 04:00:00,73.75,2.512,98.3
SENSOR-00004029,MCH-002-03-03,2026-01-12 08:00:00,70.01,2.456,100.5
SENSOR-00004030,MCH-002-03-03,2026-01-12 12:00:00,71.46,2.658,101.73
SENSOR-00004031,MCH-002-03-03,2026-01-12 16:00:00,71.69,2.025,103.98
SENSOR-00004032,MCH-002-03-03,2026-01-12 20:00:00,73.28,2.202,102.03
SENSOR-00004033,MCH-002-03-03,2026-01-13 00:00:00,72.06,2.053,100.41
SENSOR-00004034,MCH-002-03-03,2026-01-13 04:00:00,73.82,1.957,99.91
SENSOR-00004035,MCH-002-03-03,2026-01-13 08:00:00,78.03,1.868,97.44
SENSOR-00004036,MCH-002-03-03,2026-01-13 12:00:00,75.9,2.216,100.45
SENSOR-00004037,MCH-002-03-03,2026-01-13 16:00:00,76.54,1.998,98.44
SENSOR-00004038,MCH-002-03-03,2026-01-13 20:00:00,69.88,2.109,104.02
SENSOR-00004039,MCH-002-03-03,2026-01-14 00:00:00,71.14,2.233,97.02
SENSOR-00004040,MCH-002-03-03,2026-01-14 04:00:00,75.07,2.418,98.41
SENSOR-00004041,MCH-002-03-03,2026-01-14 08:00:00,75.36,2.169,103.44
SENSOR-00004042,MCH-002-03-03,2026-01-14 12:00:00,80.59,1.923,102.31
SENSOR-00004043,MCH-002-03-03,2026-01-14 16:00:00,77.67,1.954,98.27
SENSOR-00004044,MCH-002-03-03,2026-01-14 20:00:00,70.11,2.163,98.93
SENSOR-00004045,MCH-002-03-03,2026-01-15 00:00:00,72.26,1.944,102.62
SENSOR-00004046,MCH-002-03-03,2026-01-15 04:00:00,79.35,1.975,100.12
SENSOR-00004047,MCH-002-03-03,2026-01-15 08:00:00,76.81,2.225,94.76
SENSOR-00004048,MCH-002-03-03,2026-01-15 12:00:00,74.23,1.952,96.19
SENSOR-00004049,MCH-002-03-03,2026-01-15 16:00:00,65.54,2.494,97.5
SENSOR-00004050,MCH-002-03-03,2026-01-15 20:00:00,73.79,2.341,100.49
SENSOR-00004051,MCH-002-03-03,2026-01-16 00:00:00,69.21,1.651,97.69
SENSOR-00004052,MCH-002-03-03,2026-01-16 04:00:00,67.07,2.014,100.73
SENSOR-00004053,MCH-002-03-03,2026-01-16 08:00:00,72.79,2.661,101.45
SENSOR-00004054,MCH-002-03-03,2026-01-16 12:00:00,80.09,2.375,103.26
SENSOR-00004055,MCH-002-03-03,2026-01-16 16:00:00,71.02,1.928,98.65
SENSOR-00004056,MCH-002-03-03,2026-01-16 20:00:00,72.41,2.039,97.0
SENSOR-00004057,MCH-002-03-03,2026-01-17 00:00:00,69.81,1.87,98.27
SENSOR-00004058,MCH-002-03-03,2026-01-17 04:00:00,75.08,2.419,101.06
SENSOR-00004059,MCH-002-03-03,2026-01-17 08:00:00,77.26,2.629,98.55
SENSOR-00004060,MCH-002-03-03,2026-01-17 12:00:00,78.4,2.131,103.06
SENSOR-00004061,MCH-002-03-03,2026-01-17 16:00:00,75.29,1.702,97.1
SENSOR-00004062,MCH-002-03-03,2026-01-17 20:00:00,67.57,1.751,102.64
SENSOR-00004063,MCH-002-03-03,2026-01-18 00:00:00,74.16,2.183,95.22
SENSOR-00004064,MCH-002-03-03,2026-01-18 04:00:00,76.04,1.875,101.86
SENSOR-00004065,MCH-002-03-03,2026-01-18 08:00:00,75.48,1.911,98.18
SENSOR-00004066,MCH-002-03-03,2026-01-18 12:00:00,80.94,2.176,96.34
SENSOR-00004067,MCH-002-03-03,2026-01-18 16:00:00,75.66,2.003,94.24
SENSOR-00004068,MCH-002-03-03,2026-01-18 20:00:00,74.53,1.967,100.96
SENSOR-00004069,MCH-002-03-03,2026-01-19 00:00:00,69.61,1.999,99.92
SENSOR-00004070,MCH-002-03-03,2026-01-19 04:00:00,71.01,2.531,99.54
SENSOR-00004071,MCH-002-03-03,2026-01-19 08:00:00,67.55,1.989,102.9
SENSOR-00004072,MCH-002-03-03,2026-01-19 12:00:00,71.78,2.141,103.18
SENSOR-00004073,MCH-002-03-03,2026-01-19 16:00:00,68.79,1.637,97.44
SENSOR-00004074,MCH-002-03-03,2026-01-19 20:00:00,73.42,2.134,95.32
SENSOR-00004075,MCH-002-03-03,2026-01-20 00:00:00,65.5,2.193,97.13
SENSOR-00004076,MCH-002-03-03,2026-01-20 04:00:00,77.58,2.479,97.15
SENSOR-00004077,MCH-002-03-03,2026-01-20 08:00:00,72.27,2.258,102.7
SENSOR-00004078,MCH-002-03-03,2026-01-20 12:00:00,65.75,1.644,100.11
SENSOR-00004079,MCH-002-03-03,2026-01-20 16:00:00,62.33,2.236,101.78
SENSOR-00004080,MCH-002-03-03,2026-01-20 20:00:00,77.4,2.041,100.48
SENSOR-00004081,MCH-002-03-03,2026-01-21 00:00:00,71.01,2.253,98.14
SENSOR-00004082,MCH-002-03-03,2026-01-21 04:00:00,68.7,2.239,97.31
SENSOR-00004083,MCH-002-03-03,2026-01-21 08:00:00,75.66,2.344,97.7
SENSOR-00004084,MCH-002-03-03,2026-01-21 12:00:00,73.31,2.004,95.19
SENSOR-00004085,MCH-002-03-03,2026-01-21 16:00:00,70.06,2.184,101.56
SENSOR-00004086,MCH-002-03-03,2026-01-21 20:00:00,73.05,2.423,97.06
SENSOR-00004087,MCH-002-03-03,2026-01-22 00:00:00,67.23,2.049,100.0
SENSOR-00004088,MCH-002-03-03,2026-01-22 04:00:00,75.41,2.804,102.11
SENSOR-00004089,MCH-002-03-03,2026-01-22 08:00:00,68.4,2.173,100.54
SENSOR-00004090,MCH-002-03-03,2026-01-22 12:00:00,70.38,2.314,93.19
SENSOR-00004091,MCH-002-03-03,2026-01-22 16:00:00,74.67,2.077,99.67
SENSOR-00004092,MCH-002-03-03,2026-01-22 20:00:00,78.32,1.881,100.82
SENSOR-00004093,MCH-002-03-03,2026-01-23 00:00:00,70.06,2.364,101.55
SENSOR-00004094,MCH-002-03-03,2026-01-23 04:00:00,78.96,2.143,97.59
SENSOR-00004095,MCH-002-03-03,2026-01-23 08:00:00,66.57,2.745,101.99
SENSOR-00004096,MCH-002-03-03,2026-01-23 12:00:00,69.68,2.62,104.07
SENSOR-00004097,MCH-002-03-03,2026-01-23 16:00:00,67.05,2.008,99.6
SENSOR-00004098,MCH-002-03-03,2026-01-23 20:00:00,68.17,2.172,102.14
SENSOR-00004099,MCH-002-03-03,2026-01-24 00:00:00,76.96,2.051,98.51
SENSOR-00004100,MCH-002-03-03,2026-01-24 04:00:00,67.49,2.306,98.73
SENSOR-00004101,MCH-002-03-03,2026-01-24 08:00:00,69.0,2.005,101.61
SENSOR-00004102,MCH-002-03-03,2026-01-24 12:00:00,68.04,1.943,102.69
SENSOR-00004103,MCH-002-03-03,2026-01-24 16:00:00,71.79,2.435,98.92
SENSOR-00004104,MCH-002-03-03,2026-01-24 20:00:00,72.45,2.235,104.16
SENSOR-00004105,MCH-002-03-03,2026-01-25 00:00:00,73.05,2.244,100.29
SENSOR-00004106,MCH-002-03-03,2026-01-25 04:00:00,69.3,2.025,97.9
SENSOR-00004107,MCH-002-03-03,2026-01-25 08:00:00,66.06,2.232,99.88
SENSOR-00004108,MCH-002-03-03,2026-01-25 12:00:00,75.5,2.511,103.97
SENSOR-00004109,MCH-002-03-03,2026-01-25 16:00:00,78.13,2.007,95.7
SENSOR-00004110,MCH-002-03-03,2026-01-25 20:00:00,76.18,2.542,104.67
SENSOR-00004111,MCH-002-03-03,2026-01-26 00:00:00,68.34,2.33,97.62
SENSOR-00004112,MCH-002-03-03,2026-01-26 04:00:00,78.35,1.77,101.7
SENSOR-00004113,MCH-002-03-03,2026-01-26 08:00:00,73.73,2.145,97.22
SENSOR-00004114,MCH-002-03-03,2026-01-26 12:00:00,64.21,2.063,98.46
SENSOR-00004115,MCH-002-03-03,2026-01-26 16:00:00,76.9,2.001,101.36
SENSOR-00004116,MCH-002-03-03,2026-01-26 20:00:00,67.28,2.316,93.29
SENSOR-00004117,MCH-002-03-03,2026-01-27 00:00:00,69.19,1.907,102.47
SENSOR-00004118,MCH-002-03-03,2026-01-27 04:00:00,77.26,2.133,99.95
SENSOR-00004119,MCH-002-03-03,2026-01-27 08:00:00,67.95,2.214,100.69
SENSOR-00004120,MCH-002-03-03,2026-01-27 12:00:00,71.58,2.295,100.93
SENSOR-00004121,MCH-002-03-03,2026-01-27 16:00:00,68.24,2.494,99.38
SENSOR-00004122,MCH-002-03-03,2026-01-27 20:00:00,79.16,2.301,105.91
SENSOR-00004123,MCH-002-03-03,2026-01-28 00:00:00,68.55,2.446,101.5
SENSOR-00004124,MCH-002-03-03,2026-01-28 04:00:00,77.24,2.441,99.75
SENSOR-00004125,MCH-002-03-03,2026-01-28 08:00:00,71.79,2.642,99.13
SENSOR-00004126,MCH-002-03-03,2026-01-28 12:00:00,75.45,2.101,94.41
SENSOR-00004127,MCH-002-03-03,2026-01-28 16:00:00,67.54,2.298,102.1
SENSOR-00004128,MCH-002-03-03,2026-01-28 20:00:00,74.09,2.483,101.17
SENSOR-00004129,MCH-002-03-03,2026-01-29 00:00:00,78.11,2.541,100.56
SENSOR-00004130,MCH-002-03-03,2026-01-29 04:00:00,72.68,1.838,105.16
SENSOR-00004131,MCH-002-03-03,2026-01-29 08:00:00,76.6,2.384,93.18
SENSOR-00004132,MCH-002-03-03,2026-01-29 12:00:00,72.62,2.164,102.05
SENSOR-00004133,MCH-002-03-03,2026-01-29 16:00:00,70.65,2.138,101.86
SENSOR-00004134,MCH-002-03-03,2026-01-29 20:00:00,69.36,2.053,100.58
SENSOR-00004135,MCH-002-03-03,2026-01-30 00:00:00,74.28,2.404,99.89
SENSOR-00004136,MCH-002-03-03,2026-01-30 04:00:00,71.61,2.044,99.85
SENSOR-00004137,MCH-002-03-03,2026-01-30 08:00:00,74.68,2.301,105.96
SENSOR-00004138,MCH-002-03-03,2026-01-30 12:00:00,72.85,1.824,104.93
SENSOR-00004139,MCH-002-03-03,2026-01-30 16:00:00,67.57,2.056,100.82
SENSOR-00004140,MCH-002-03-03,2026-01-30 20:00:00,74.12,1.835,97.76
SENSOR-00004141,MCH-002-03-04,2026-01-01 00:00:00,79.95,2.582,100.44
SENSOR-00004142,MCH-002-03-04,2026-01-01 04:00:00,75.24,2.962,97.07
SENSOR-00004143,MCH-002-03-04,2026-01-01 08:00:00,77.09,2.927,105.25
SENSOR-00004144,MCH-002-03-04,2026-01-01 12:00:00,89.21,2.574,98.21
SENSOR-00004145,MCH-002-03-04,2026-01-01 16:00:00,82.48,3.126,93.51
SENSOR-00004146,MCH-002-03-04,2026-01-01 20:00:00,80.77,2.712,94.23
SENSOR-00004147,MCH-002-03-04,2026-01-02 00:00:00,79.83,2.601,101.01
SENSOR-00004148,MCH-002-03-04,2026-01-02 04:00:00,82.33,3.142,97.96
SENSOR-00004149,MCH-002-03-04,2026-01-02 08:00:00,77.75,3.023,98.78
SENSOR-00004150,MCH-002-03-04,2026-01-02 12:00:00,78.62,3.147,95.89
SENSOR-00004151,MCH-002-03-04,2026-01-02 16:00:00,88.64,2.68,102.6
SENSOR-00004152,MCH-002-03-04,2026-01-02 20:00:00,79.98,2.901,99.21
SENSOR-00004153,MCH-002-03-04,2026-01-03 00:00:00,78.21,3.349,101.2
SENSOR-00004154,MCH-002-03-04,2026-01-03 04:00:00,80.99,2.876,106.65
SENSOR-00004155,MCH-002-03-04,2026-01-03 08:00:00,71.65,2.887,99.2
SENSOR-00004156,MCH-002-03-04,2026-01-03 12:00:00,79.57,2.871,99.2
SENSOR-00004157,MCH-002-03-04,2026-01-03 16:00:00,81.17,2.828,96.06
SENSOR-00004158,MCH-002-03-04,2026-01-03 20:00:00,81.94,3.013,98.37
SENSOR-00004159,MCH-002-03-04,2026-01-04 00:00:00,82.71,3.043,99.77
SENSOR-00004160,MCH-002-03-04,2026-01-04 04:00:00,78.15,3.23,96.78
SENSOR-00004161,MCH-002-03-04,2026-01-04 08:00:00,76.65,2.502,97.17
SENSOR-00004162,MCH-002-03-04,2026-01-04 12:00:00,85.41,3.154,99.78
SENSOR-00004163,MCH-002-03-04,2026-01-04 16:00:00,82.4,2.831,96.42
SENSOR-00004164,MCH-002-03-04,2026-01-04 20:00:00,89.29,3.177,101.06
SENSOR-00004165,MCH-002-03-04,2026-01-05 00:00:00,81.37,2.948,98.73
SENSOR-00004166,MCH-002-03-04,2026-01-05 04:00:00,74.17,2.813,99.03
SENSOR-00004167,MCH-002-03-04,2026-01-05 08:00:00,83.26,3.06,102.3
SENSOR-00004168,MCH-002-03-04,2026-01-05 12:00:00,84.37,3.284,101.17
SENSOR-00004169,MCH-002-03-04,2026-01-05 16:00:00,84.82,2.957,94.3
SENSOR-00004170,MCH-002-03-04,2026-01-05 20:00:00,79.8,2.617,100.69
SENSOR-00004171,MCH-002-03-04,2026-01-06 00:00:00,84.46,2.89,100.1
SENSOR-00004172,MCH-002-03-04,2026-01-06 04:00:00,80.19,2.35,97.68
SENSOR-00004173,MCH-002-03-04,2026-01-06 08:00:00,79.97,2.655,98.24
SENSOR-00004174,MCH-002-03-04,2026-01-06 12:00:00,90.65,2.771,100.83
SENSOR-00004175,MCH-002-03-04,2026-01-06 16:00:00,81.39,2.981,98.57
SENSOR-00004176,MCH-002-03-04,2026-01-06 20:00:00,85.41,2.944,96.14
SENSOR-00004177,MCH-002-03-04,2026-01-07 00:00:00,83.53,2.956,97.05
SENSOR-00004178,MCH-002-03-04,2026-01-07 04:00:00,81.54,2.996,103.51
SENSOR-00004179,MCH-002-03-04,2026-01-07 08:00:00,82.46,2.914,102.84
SENSOR-00004180,MCH-002-03-04,2026-01-07 12:00:00,79.19,2.937,98.14
SENSOR-00004181,MCH-002-03-04,2026-01-07 16:00:00,84.86,2.431,102.45
SENSOR-00004182,MCH-002-03-04,2026-01-07 20:00:00,80.49,3.075,97.66
SENSOR-00004183,MCH-002-03-04,2026-01-08 00:00:00,77.75,2.443,102.48
SENSOR-00004184,MCH-002-03-04,2026-01-08 04:00:00,82.02,2.948,104.42
SENSOR-00004185,MCH-002-03-04,2026-01-08 08:00:00,79.16,2.986,100.2
SENSOR-00004186,MCH-002-03-04,2026-01-08 12:00:00,80.07,3.16,106.25
SENSOR-00004187,MCH-002-03-04,2026-01-08 16:00:00,78.69,3.042,100.96
SENSOR-00004188,MCH-002-03-04,2026-01-08 20:00:00,81.74,2.895,99.0
SENSOR-00004189,MCH-002-03-04,2026-01-09 00:00:00,80.29,3.066,95.98
SENSOR-00004190,MCH-002-03-04,2026-01-09 04:00:00,77.2,3.015,98.08
SENSOR-00004191,MCH-002-03-04,2026-01-09 08:00:00,76.81,2.686,99.7
SENSOR-00004192,MCH-002-03-04,2026-01-09 12:00:00,80.03,2.781,96.91
SENSOR-00004193,MCH-002-03-04,2026-01-09 16:00:00,83.51,3.165,94.27
SENSOR-00004194,MCH-002-03-04,2026-01-09 20:00:00,74.21,3.084,104.71
SENSOR-00004195,MCH-002-03-04,2026-01-10 00:00:00,87.32,3.194,99.97
SENSOR-00004196,MCH-002-03-04,2026-01-10 04:00:00,92.85,3.171,101.62
SENSOR-00004197,MCH-002-03-04,2026-01-10 08:00:00,76.43,2.451,95.66
SENSOR-00004198,MCH-002-03-04,2026-01-10 12:00:00,76.68,3.178,101.46
SENSOR-00004199,MCH-002-03-04,2026-01-10 16:00:00,77.97,2.8,99.23
SENSOR-00004200,MCH-002-03-04,2026-01-10 20:00:00,83.62,2.614,101.05
SENSOR-00004201,MCH-002-03-04,2026-01-11 00:00:00,75.68,3.037,106.52
SENSOR-00004202,MCH-002-03-04,2026-01-11 04:00:00,75.37,2.922,97.64
SENSOR-00004203,MCH-002-03-04,2026-01-11 08:00:00,91.18,3.143,100.85
SENSOR-00004204,MCH-002-03-04,2026-01-11 12:00:00,75.51,2.587,102.24
SENSOR-00004205,MCH-002-03-04,2026-01-11 16:00:00,74.97,2.501,100.03
SENSOR-00004206,MCH-002-03-04,2026-01-11 20:00:00,80.95,2.929,98.68
SENSOR-00004207,MCH-002-03-04,2026-01-12 00:00:00,79.72,2.807,96.74
SENSOR-00004208,MCH-002-03-04,2026-01-12 04:00:00,76.93,3.214,102.63
SENSOR-00004209,MCH-002-03-04,2026-01-12 08:00:00,75.37,2.723,101.22
SENSOR-00004210,MCH-002-03-04,2026-01-12 12:00:00,77.91,2.631,98.99
SENSOR-00004211,MCH-002-03-04,2026-01-12 16:00:00,84.78,3.129,97.79
SENSOR-00004212,MCH-002-03-04,2026-01-12 20:00:00,82.26,2.832,96.98
SENSOR-00004213,MCH-002-03-04,2026-01-13 00:00:00,75.96,2.797,99.82
SENSOR-00004214,MCH-002-03-04,2026-01-13 04:00:00,77.34,2.93,97.9
SENSOR-00004215,MCH-002-03-04,2026-01-13 08:00:00,78.26,2.808,95.53
SENSOR-00004216,MCH-002-03-04,2026-01-13 12:00:00,72.19,3.063,97.78
SENSOR-00004217,MCH-002-03-04,2026-01-13 16:00:00,88.96,3.327,98.48
SENSOR-00004218,MCH-002-03-04,2026-01-13 20:00:00,89.78,3.068,98.06
SENSOR-00004219,MCH-002-03-04,2026-01-14 00:00:00,78.98,2.454,100.27
SENSOR-00004220,MCH-002-03-04,2026-01-14 04:00:00,75.97,3.063,97.8
SENSOR-00004221,MCH-002-03-04,2026-01-14 08:00:00,79.24,3.375,99.08
SENSOR-00004222,MCH-002-03-04,2026-01-14 12:00:00,78.66,2.98,94.64
SENSOR-00004223,MCH-002-03-04,2026-01-14 16:00:00,85.42,3.082,101.57
SENSOR-00004224,MCH-002-03-04,2026-01-14 20:00:00,66.91,2.769,96.18
SENSOR-00004225,MCH-002-03-04,2026-01-15 00:00:00,82.45,2.718,104.22
SENSOR-00004226,MCH-002-03-04,2026-01-15 04:00:00,82.85,3.194,100.53
SENSOR-00004227,MCH-002-03-04,2026-01-15 08:00:00,80.23,2.982,104.33
SENSOR-00004228,MCH-002-03-04,2026-01-15 12:00:00,84.49,2.868,94.43
SENSOR-00004229,MCH-002-03-04,2026-01-15 16:00:00,83.66,2.474,100.11
SENSOR-00004230,MCH-002-03-04,2026-01-15 20:00:00,79.96,2.479,101.12
SENSOR-00004231,MCH-002-03-04,2026-01-16 00:00:00,86.15,3.137,91.69
SENSOR-00004232,MCH-002-03-04,2026-01-16 04:00:00,76.99,2.816,96.95
SENSOR-00004233,MCH-002-03-04,2026-01-16 08:00:00,65.62,2.652,99.99
SENSOR-00004234,MCH-002-03-04,2026-01-16 12:00:00,78.32,2.584,100.12
SENSOR-00004235,MCH-002-03-04,2026-01-16 16:00:00,81.79,2.716,104.12
SENSOR-00004236,MCH-002-03-04,2026-01-16 20:00:00,80.65,2.616,96.63
SENSOR-00004237,MCH-002-03-04,2026-01-17 00:00:00,78.83,2.543,101.61
SENSOR-00004238,MCH-002-03-04,2026-01-17 04:00:00,80.67,2.454,100.76
SENSOR-00004239,MCH-002-03-04,2026-01-17 08:00:00,77.87,2.455,98.94
SENSOR-00004240,MCH-002-03-04,2026-01-17 12:00:00,85.55,3.136,102.84
SENSOR-00004241,MCH-002-03-04,2026-01-17 16:00:00,81.5,2.982,100.3
SENSOR-00004242,MCH-002-03-04,2026-01-17 20:00:00,76.0,2.607,98.18
SENSOR-00004243,MCH-002-03-04,2026-01-18 00:00:00,81.28,2.89,96.92
SENSOR-00004244,MCH-002-03-04,2026-01-18 04:00:00,80.85,3.099,104.42
SENSOR-00004245,MCH-002-03-04,2026-01-18 08:00:00,75.83,2.454,100.19
SENSOR-00004246,MCH-002-03-04,2026-01-18 12:00:00,84.86,2.923,102.04
SENSOR-00004247,MCH-002-03-04,2026-01-18 16:00:00,74.98,2.691,93.41
SENSOR-00004248,MCH-002-03-04,2026-01-18 20:00:00,79.85,2.292,104.0
SENSOR-00004249,MCH-002-03-04,2026-01-19 00:00:00,72.71,3.4,100.42
SENSOR-00004250,MCH-002-03-04,2026-01-19 04:00:00,83.89,2.718,95.37
SENSOR-00004251,MCH-002-03-04,2026-01-19 08:00:00,86.12,2.553,101.05
SENSOR-00004252,MCH-002-03-04,2026-01-19 12:00:00,82.19,2.852,97.65
SENSOR-00004253,MCH-002-03-04,2026-01-19 16:00:00,79.82,2.596,102.43
SENSOR-00004254,MCH-002-03-04,2026-01-19 20:00:00,82.71,2.828,98.29
SENSOR-00004255,MCH-002-03-04,2026-01-20 00:00:00,88.83,2.897,97.96
SENSOR-00004256,MCH-002-03-04,2026-01-20 04:00:00,81.21,2.179,99.9
SENSOR-00004257,MCH-002-03-04,2026-01-20 08:00:00,84.79,2.984,100.9
SENSOR-00004258,MCH-002-03-04,2026-01-20 12:00:00,83.02,3.109,104.28
SENSOR-00004259,MCH-002-03-04,2026-01-20 16:00:00,82.21,2.755,93.06
SENSOR-00004260,MCH-002-03-04,2026-01-20 20:00:00,84.33,2.962,100.46
SENSOR-00004261,MCH-002-03-04,2026-01-21 00:00:00,76.44,3.054,100.3
SENSOR-00004262,MCH-002-03-04,2026-01-21 04:00:00,73.83,3.175,100.93
SENSOR-00004263,MCH-002-03-04,2026-01-21 08:00:00,82.0,3.085,104.5
SENSOR-00004264,MCH-002-03-04,2026-01-21 12:00:00,81.22,2.988,101.11
SENSOR-00004265,MCH-002-03-04,2026-01-21 16:00:00,79.05,2.438,100.64
SENSOR-00004266,MCH-002-03-04,2026-01-21 20:00:00,85.94,2.979,96.8
SENSOR-00004267,MCH-002-03-04,2026-01-22 00:00:00,90.11,3.084,100.71
SENSOR-00004268,MCH-002-03-04,2026-01-22 04:00:00,91.98,2.863,101.75
SENSOR-00004269,MCH-002-03-04,2026-01-22 08:00:00,76.67,2.415,99.14
SENSOR-00004270,MCH-002-03-04,2026-01-22 12:00:00,80.57,2.916,95.74
SENSOR-00004271,MCH-002-03-04,2026-01-22 16:00:00,83.06,2.626,101.83
SENSOR-00004272,MCH-002-03-04,2026-01-22 20:00:00,84.16,2.735,97.11
SENSOR-00004273,MCH-002-03-04,2026-01-23 00:00:00,83.51,3.181,100.07
SENSOR-00004274,MCH-002-03-04,2026-01-23 04:00:00,85.27,2.78,97.66
SENSOR-00004275,MCH-002-03-04,2026-01-23 08:00:00,75.19,2.707,96.19
SENSOR-00004276,MCH-002-03-04,2026-01-23 12:00:00,88.46,2.943,99.71
SENSOR-00004277,MCH-002-03-04,2026-01-23 16:00:00,87.31,2.508,99.59
SENSOR-00004278,MCH-002-03-04,2026-01-23 20:00:00,88.42,2.798,107.34
SENSOR-00004279,MCH-002-03-04,2026-01-24 00:00:00,82.79,3.424,93.52
SENSOR-00004280,MCH-002-03-04,2026-01-24 04:00:00,75.55,2.745,104.48
SENSOR-00004281,MCH-002-03-04,2026-01-24 08:00:00,79.98,2.467,99.26
SENSOR-00004282,MCH-002-03-04,2026-01-24 12:00:00,75.63,2.485,106.0
SENSOR-00004283,MCH-002-03-04,2026-01-24 16:00:00,79.01,2.877,99.72
SENSOR-00004284,MCH-002-03-04,2026-01-24 20:00:00,79.41,2.623,99.07
SENSOR-00004285,MCH-002-03-04,2026-01-25 00:00:00,76.97,3.332,94.21
SENSOR-00004286,MCH-002-03-04,2026-01-25 04:00:00,82.73,2.925,101.93
SENSOR-00004287,MCH-002-03-04,2026-01-25 08:00:00,77.59,3.126,99.68
SENSOR-00004288,MCH-002-03-04,2026-01-25 12:00:00,75.67,2.56,100.37
SENSOR-00004289,MCH-002-03-04,2026-01-25 16:00:00,74.03,3.284,103.15
SENSOR-00004290,MCH-002-03-04,2026-01-25 20:00:00,87.73,3.264,98.94
SENSOR-00004291,MCH-002-03-04,2026-01-26 00:00:00,75.03,3.205,102.2
SENSOR-00004292,MCH-002-03-04,2026-01-26 04:00:00,79.38,3.26,95.9
SENSOR-00004293,MCH-002-03-04,2026-01-26 08:00:00,84.14,2.816,101.82
SENSOR-00004294,MCH-002-03-04,2026-01-26 12:00:00,70.87,2.768,102.21
SENSOR-00004295,MCH-002-03-04,2026-01-26 16:00:00,80.17,3.147,103.67
SENSOR-00004296,MCH-002-03-04,2026-01-26 20:00:00,76.59,3.04,97.02
SENSOR-00004297,MCH-002-03-04,2026-01-27 00:00:00,76.87,3.094,100.33
SENSOR-00004298,MCH-002-03-04,2026-01-27 04:00:00,74.6,3.047,98.78
SENSOR-00004299,MCH-002-03-04,2026-01-27 08:00:00,74.81,2.207,102.71
SENSOR-00004300,MCH-002-03-04,2026-01-27 12:00:00,76.98,2.523,101.92
SENSOR-00004301,MCH-002-03-04,2026-01-27 16:00:00,83.64,2.637,102.74
SENSOR-00004302,MCH-002-03-04,2026-01-27 20:00:00,88.64,3.17,103.57
SENSOR-00004303,MCH-002-03-04,2026-01-28 00:00:00,83.7,2.572,97.93
SENSOR-00004304,MCH-002-03-04,2026-01-28 04:00:00,83.54,3.066,97.61
SENSOR-00004305,MCH-002-03-04,2026-01-28 08:00:00,81.35,2.639,99.41
SENSOR-00004306,MCH-002-03-04,2026-01-28 12:00:00,80.99,2.974,100.95
SENSOR-00004307,MCH-002-03-04,2026-01-28 16:00:00,81.51,2.564,101.16
SENSOR-00004308,MCH-002-03-04,2026-01-28 20:00:00,82.62,3.006,97.84
SENSOR-00004309,MCH-002-03-04,2026-01-29 00:00:00,82.27,2.396,106.12
SENSOR-00004310,MCH-002-03-04,2026-01-29 04:00:00,81.27,2.865,100.7
SENSOR-00004311,MCH-002-03-04,2026-01-29 08:00:00,82.84,3.078,95.31
SENSOR-00004312,MCH-002-03-04,2026-01-29 12:00:00,85.66,3.145,99.8
SENSOR-00004313,MCH-002-03-04,2026-01-29 16:00:00,79.94,2.058,96.27
SENSOR-00004314,MCH-002-03-04,2026-01-29 20:00:00,82.49,3.134,102.19
SENSOR-00004315,MCH-002-03-04,2026-01-30 00:00:00,77.38,2.742,102.39
SENSOR-00004316,MCH-002-03-04,2026-01-30 04:00:00,80.28,2.831,100.18
SENSOR-00004317,MCH-002-03-04,2026-01-30 08:00:00,71.17,2.455,98.84
SENSOR-00004318,MCH-002-03-04,2026-01-30 12:00:00,77.05,2.776,104.21
SENSOR-00004319,MCH-002-03-04,2026-01-30 16:00:00,80.12,2.503,97.62
SENSOR-00004320,MCH-002-03-04,2026-01-30 20:00:00,87.26,3.217,101.79
SENSOR-00004321,MCH-003-01-01,2026-01-01 00:00:00,82.02,2.946,107.03
SENSOR-00004322,MCH-003-01-01,2026-01-01 04:00:00,84.1,3.057,100.11
SENSOR-00004323,MCH-003-01-01,2026-01-01 08:00:00,78.87,3.194,101.96
SENSOR-00004324,MCH-003-01-01,2026-01-01 12:00:00,77.29,2.962,102.51
SENSOR-00004325,MCH-003-01-01,2026-01-01 16:00:00,72.23,2.618,101.09
SENSOR-00004326,MCH-003-01-01,2026-01-01 20:00:00,72.91,2.407,99.19
SENSOR-00004327,MCH-003-01-01,2026-01-02 00:00:00,81.67,2.985,103.83
SENSOR-00004328,MCH-003-01-01,2026-01-02 04:00:00,80.91,3.191,97.82
SENSOR-00004329,MCH-003-01-01,2026-01-02 08:00:00,80.32,2.728,102.38
SENSOR-00004330,MCH-003-01-01,2026-01-02 12:00:00,76.55,2.768,94.42
SENSOR-00004331,MCH-003-01-01,2026-01-02 16:00:00,82.99,3.16,102.73
SENSOR-00004332,MCH-003-01-01,2026-01-02 20:00:00,83.86,3.059,102.1
SENSOR-00004333,MCH-003-01-01,2026-01-03 00:00:00,81.53,3.075,100.03
SENSOR-00004334,MCH-003-01-01,2026-01-03 04:00:00,91.67,2.619,101.33
SENSOR-00004335,MCH-003-01-01,2026-01-03 08:00:00,85.77,3.115,101.97
SENSOR-00004336,MCH-003-01-01,2026-01-03 12:00:00,84.89,2.863,104.99
SENSOR-00004337,MCH-003-01-01,2026-01-03 16:00:00,85.74,2.636,100.96
SENSOR-00004338,MCH-003-01-01,2026-01-03 20:00:00,74.42,3.229,100.67
SENSOR-00004339,MCH-003-01-01,2026-01-04 00:00:00,76.16,2.676,105.35
SENSOR-00004340,MCH-003-01-01,2026-01-04 04:00:00,80.08,2.639,98.64
SENSOR-00004341,MCH-003-01-01,2026-01-04 08:00:00,84.9,2.355,100.76
SENSOR-00004342,MCH-003-01-01,2026-01-04 12:00:00,90.46,3.356,101.72
SENSOR-00004343,MCH-003-01-01,2026-01-04 16:00:00,85.87,3.175,99.62
SENSOR-00004344,MCH-003-01-01,2026-01-04 20:00:00,84.31,3.296,96.21
SENSOR-00004345,MCH-003-01-01,2026-01-05 00:00:00,77.25,2.731,100.78
SENSOR-00004346,MCH-003-01-01,2026-01-05 04:00:00,77.78,3.085,101.29
SENSOR-00004347,MCH-003-01-01,2026-01-05 08:00:00,85.18,2.689,97.51
SENSOR-00004348,MCH-003-01-01,2026-01-05 12:00:00,85.15,2.881,99.39
SENSOR-00004349,MCH-003-01-01,2026-01-05 16:00:00,83.4,3.014,96.23
SENSOR-00004350,MCH-003-01-01,2026-01-05 20:00:00,86.15,2.746,105.1
SENSOR-00004351,MCH-003-01-01,2026-01-06 00:00:00,78.49,2.623,102.4
SENSOR-00004352,MCH-003-01-01,2026-01-06 04:00:00,79.61,2.747,103.82
SENSOR-00004353,MCH-003-01-01,2026-01-06 08:00:00,75.94,2.734,102.6
SENSOR-00004354,MCH-003-01-01,2026-01-06 12:00:00,75.68,3.293,99.35
SENSOR-00004355,MCH-003-01-01,2026-01-06 16:00:00,84.11,3.067,99.54
SENSOR-00004356,MCH-003-01-01,2026-01-06 20:00:00,78.69,2.838,102.14
SENSOR-00004357,MCH-003-01-01,2026-01-07 00:00:00,80.27,2.759,99.19
SENSOR-00004358,MCH-003-01-01,2026-01-07 04:00:00,78.59,2.681,98.5
SENSOR-00004359,MCH-003-01-01,2026-01-07 08:00:00,87.26,3.027,98.96
SENSOR-00004360,MCH-003-01-01,2026-01-07 12:00:00,84.54,2.452,104.13
SENSOR-00004361,MCH-003-01-01,2026-01-07 16:00:00,85.79,3.408,103.03
SENSOR-00004362,MCH-003-01-01,2026-01-07 20:00:00,82.36,3.171,98.12
SENSOR-00004363,MCH-003-01-01,2026-01-08 00:00:00,86.08,3.149,101.06
SENSOR-00004364,MCH-003-01-01,2026-01-08 04:00:00,80.25,3.283,100.05
SENSOR-00004365,MCH-003-01-01,2026-01-08 08:00:00,84.37,3.338,102.51
SENSOR-00004366,MCH-003-01-01,2026-01-08 12:00:00,76.62,2.539,99.11
SENSOR-00004367,MCH-003-01-01,2026-01-08 16:00:00,83.45,2.96,106.62
SENSOR-00004368,MCH-003-01-01,2026-01-08 20:00:00,82.35,2.767,96.6
SENSOR-00004369,MCH-003-01-01,2026-01-09 00:00:00,78.66,2.663,97.85
SENSOR-00004370,MCH-003-01-01,2026-01-09 04:00:00,76.58,2.728,97.32
SENSOR-00004371,MCH-003-01-01,2026-01-09 08:00:00,82.96,2.899,103.58
SENSOR-00004372,MCH-003-01-01,2026-01-09 12:00:00,88.16,3.018,101.35
SENSOR-00004373,MCH-003-01-01,2026-01-09 16:00:00,83.57,2.965,100.15
SENSOR-00004374,MCH-003-01-01,2026-01-09 20:00:00,80.49,2.593,102.52
SENSOR-00004375,MCH-003-01-01,2026-01-10 00:00:00,82.59,2.956,103.37
SENSOR-00004376,MCH-003-01-01,2026-01-10 04:00:00,79.29,2.312,99.02
SENSOR-00004377,MCH-003-01-01,2026-01-10 08:00:00,79.73,2.336,100.14
SENSOR-00004378,MCH-003-01-01,2026-01-10 12:00:00,76.31,3.011,99.26
SENSOR-00004379,MCH-003-01-01,2026-01-10 16:00:00,88.45,2.785,101.29
SENSOR-00004380,MCH-003-01-01,2026-01-10 20:00:00,79.76,2.443,99.39
SENSOR-00004381,MCH-003-01-01,2026-01-11 00:00:00,73.87,2.982,99.97
SENSOR-00004382,MCH-003-01-01,2026-01-11 04:00:00,86.18,2.856,99.86
SENSOR-00004383,MCH-003-01-01,2026-01-11 08:00:00,82.28,2.699,98.06
SENSOR-00004384,MCH-003-01-01,2026-01-11 12:00:00,80.22,2.619,99.31
SENSOR-00004385,MCH-003-01-01,2026-01-11 16:00:00,88.37,3.109,100.92
SENSOR-00004386,MCH-003-01-01,2026-01-11 20:00:00,86.82,2.642,107.47
SENSOR-00004387,MCH-003-01-01,2026-01-12 00:00:00,82.62,2.614,100.53
SENSOR-00004388,MCH-003-01-01,2026-01-12 04:00:00,85.95,2.945,98.92
SENSOR-00004389,MCH-003-01-01,2026-01-12 08:00:00,82.77,2.497,97.48
SENSOR-00004390,MCH-003-01-01,2026-01-12 12:00:00,78.89,3.045,101.22
SENSOR-00004391,MCH-003-01-01,2026-01-12 16:00:00,82.75,2.842,97.64
SENSOR-00004392,MCH-003-01-01,2026-01-12 20:00:00,86.56,2.674,101.26
SENSOR-00004393,MCH-003-01-01,2026-01-13 00:00:00,91.9,2.601,102.64
SENSOR-00004394,MCH-003-01-01,2026-01-13 04:00:00,81.94,2.833,100.56
SENSOR-00004395,MCH-003-01-01,2026-01-13 08:00:00,78.57,2.955,100.95
SENSOR-00004396,MCH-003-01-01,2026-01-13 12:00:00,91.32,3.116,101.55
SENSOR-00004397,MCH-003-01-01,2026-01-13 16:00:00,82.91,3.309,97.09
SENSOR-00004398,MCH-003-01-01,2026-01-13 20:00:00,79.88,2.372,101.68
SENSOR-00004399,MCH-003-01-01,2026-01-14 00:00:00,81.77,3.042,101.71
SENSOR-00004400,MCH-003-01-01,2026-01-14 04:00:00,83.03,3.039,98.34
SENSOR-00004401,MCH-003-01-01,2026-01-14 08:00:00,87.36,2.821,99.27
SENSOR-00004402,MCH-003-01-01,2026-01-14 12:00:00,86.0,2.691,100.96
SENSOR-00004403,MCH-003-01-01,2026-01-14 16:00:00,77.72,3.479,106.93
SENSOR-00004404,MCH-003-01-01,2026-01-14 20:00:00,80.17,2.979,100.02
SENSOR-00004405,MCH-003-01-01,2026-01-15 00:00:00,79.17,3.067,101.6
SENSOR-00004406,MCH-003-01-01,2026-01-15 04:00:00,86.19,2.972,99.41
SENSOR-00004407,MCH-003-01-01,2026-01-15 08:00:00,83.08,2.354,106.31
SENSOR-00004408,MCH-003-01-01,2026-01-15 12:00:00,81.71,3.395,97.39
SENSOR-00004409,MCH-003-01-01,2026-01-15 16:00:00,76.14,2.94,101.09
SENSOR-00004410,MCH-003-01-01,2026-01-15 20:00:00,81.96,2.895,98.12
SENSOR-00004411,MCH-003-01-01,2026-01-16 00:00:00,86.34,3.012,101.1
SENSOR-00004412,MCH-003-01-01,2026-01-16 04:00:00,90.63,2.518,98.76
SENSOR-00004413,MCH-003-01-01,2026-01-16 08:00:00,79.27,3.072,97.06
SENSOR-00004414,MCH-003-01-01,2026-01-16 12:00:00,83.66,2.994,102.44
SENSOR-00004415,MCH-003-01-01,2026-01-16 16:00:00,83.79,3.233,99.85
SENSOR-00004416,MCH-003-01-01,2026-01-16 20:00:00,82.73,2.665,97.11
SENSOR-00004417,MCH-003-01-01,2026-01-17 00:00:00,78.21,2.786,103.11
SENSOR-00004418,MCH-003-01-01,2026-01-17 04:00:00,83.53,2.817,96.58
SENSOR-00004419,MCH-003-01-01,2026-01-17 08:00:00,76.33,3.037,96.17
SENSOR-00004420,MCH-003-01-01,2026-01-17 12:00:00,80.14,3.519,101.38
SENSOR-00004421,MCH-003-01-01,2026-01-17 16:00:00,83.58,2.583,96.32
SENSOR-00004422,MCH-003-01-01,2026-01-17 20:00:00,83.79,2.778,103.52
SENSOR-00004423,MCH-003-01-01,2026-01-18 00:00:00,79.74,3.217,104.06
SENSOR-00004424,MCH-003-01-01,2026-01-18 04:00:00,75.35,2.757,105.76
SENSOR-00004425,MCH-003-01-01,2026-01-18 08:00:00,80.34,2.92,103.38
SENSOR-00004426,MCH-003-01-01,2026-01-18 12:00:00,75.68,2.639,99.33
SENSOR-00004427,MCH-003-01-01,2026-01-18 16:00:00,85.83,3.129,102.46
SENSOR-00004428,MCH-003-01-01,2026-01-18 20:00:00,80.45,3.156,99.84
SENSOR-00004429,MCH-003-01-01,2026-01-19 00:00:00,85.88,2.463,95.22
SENSOR-00004430,MCH-003-01-01,2026-01-19 04:00:00,79.94,2.874,96.82
SENSOR-00004431,MCH-003-01-01,2026-01-19 08:00:00,81.5,2.915,98.56
SENSOR-00004432,MCH-003-01-01,2026-01-19 12:00:00,88.74,2.956,103.39
SENSOR-00004433,MCH-003-01-01,2026-01-19 16:00:00,74.78,2.482,101.38
SENSOR-00004434,MCH-003-01-01,2026-01-19 20:00:00,88.03,2.596,100.43
SENSOR-00004435,MCH-003-01-01,2026-01-20 00:00:00,83.0,2.997,97.27
SENSOR-00004436,MCH-003-01-01,2026-01-20 04:00:00,84.63,3.025,100.02
SENSOR-00004437,MCH-003-01-01,2026-01-20 08:00:00,79.98,2.686,100.58
SENSOR-00004438,MCH-003-01-01,2026-01-20 12:00:00,87.08,3.133,99.23
SENSOR-00004439,MCH-003-01-01,2026-01-20 16:00:00,82.76,2.573,102.19
SENSOR-00004440,MCH-003-01-01,2026-01-20 20:00:00,77.29,3.021,108.91
SENSOR-00004441,MCH-003-01-01,2026-01-21 00:00:00,79.79,2.956,99.97
SENSOR-00004442,MCH-003-01-01,2026-01-21 04:00:00,81.99,3.292,96.62
SENSOR-00004443,MCH-003-01-01,2026-01-21 08:00:00,83.19,2.83,98.5
SENSOR-00004444,MCH-003-01-01,2026-01-21 12:00:00,84.9,2.483,92.9
SENSOR-00004445,MCH-003-01-01,2026-01-21 16:00:00,81.51,2.814,95.94
SENSOR-00004446,MCH-003-01-01,2026-01-21 20:00:00,73.77,3.331,101.39
SENSOR-00004447,MCH-003-01-01,2026-01-22 00:00:00,85.61,2.441,102.11
SENSOR-00004448,MCH-003-01-01,2026-01-22 04:00:00,84.57,3.083,98.78
SENSOR-00004449,MCH-003-01-01,2026-01-22 08:00:00,82.68,2.655,99.12
SENSOR-00004450,MCH-003-01-01,2026-01-22 12:00:00,76.44,2.659,99.28
SENSOR-00004451,MCH-003-01-01,2026-01-22 16:00:00,78.65,2.659,96.1
SENSOR-00004452,MCH-003-01-01,2026-01-22 20:00:00,88.45,2.724,100.99
SENSOR-00004453,MCH-003-01-01,2026-01-23 00:00:00,80.09,3.475,98.99
SENSOR-00004454,MCH-003-01-01,2026-01-23 04:00:00,84.57,3.302,102.01
SENSOR-00004455,MCH-003-01-01,2026-01-23 08:00:00,77.91,2.528,102.24
SENSOR-00004456,MCH-003-01-01,2026-01-23 12:00:00,87.19,2.985,103.7
SENSOR-00004457,MCH-003-01-01,2026-01-23 16:00:00,90.98,3.058,96.7
SENSOR-00004458,MCH-003-01-01,2026-01-23 20:00:00,80.81,3.191,99.25
SENSOR-00004459,MCH-003-01-01,2026-01-24 00:00:00,77.43,3.102,103.07
SENSOR-00004460,MCH-003-01-01,2026-01-24 04:00:00,82.85,2.532,99.71
SENSOR-00004461,MCH-003-01-01,2026-01-24 08:00:00,75.22,2.812,101.94
SENSOR-00004462,MCH-003-01-01,2026-01-24 12:00:00,84.58,2.967,103.78
SENSOR-00004463,MCH-003-01-01,2026-01-24 16:00:00,81.65,2.79,102.62
SENSOR-00004464,MCH-003-01-01,2026-01-24 20:00:00,84.23,2.718,101.14
SENSOR-00004465,MCH-003-01-01,2026-01-25 00:00:00,85.42,2.715,96.78
SENSOR-00004466,MCH-003-01-01,2026-01-25 04:00:00,82.07,2.794,102.37
SENSOR-00004467,MCH-003-01-01,2026-01-25 08:00:00,76.56,2.901,107.41
SENSOR-00004468,MCH-003-01-01,2026-01-25 12:00:00,79.65,2.895,95.02
SENSOR-00004469,MCH-003-01-01,2026-01-25 16:00:00,77.2,2.964,99.01
SENSOR-00004470,MCH-003-01-01,2026-01-25 20:00:00,83.07,2.955,96.05
SENSOR-00004471,MCH-003-01-01,2026-01-26 00:00:00,83.24,3.145,98.79
SENSOR-00004472,MCH-003-01-01,2026-01-26 04:00:00,84.66,3.181,105.35
SENSOR-00004473,MCH-003-01-01,2026-01-26 08:00:00,82.62,2.888,98.58
SENSOR-00004474,MCH-003-01-01,2026-01-26 12:00:00,74.77,2.779,100.34
SENSOR-00004475,MCH-003-01-01,2026-01-26 16:00:00,80.17,2.998,95.64
SENSOR-00004476,MCH-003-01-01,2026-01-26 20:00:00,79.88,3.347,102.99
SENSOR-00004477,MCH-003-01-01,2026-01-27 00:00:00,78.82,3.392,105.47
SENSOR-00004478,MCH-003-01-01,2026-01-27 04:00:00,84.74,2.617,105.76
SENSOR-00004479,MCH-003-01-01,2026-01-27 08:00:00,83.08,2.613,100.1
SENSOR-00004480,MCH-003-01-01,2026-01-27 12:00:00,84.44,2.699,100.42
SENSOR-00004481,MCH-003-01-01,2026-01-27 16:00:00,81.87,2.573,99.19
SENSOR-00004482,MCH-003-01-01,2026-01-27 20:00:00,76.51,3.066,97.28
SENSOR-00004483,MCH-003-01-01,2026-01-28 00:00:00,79.93,2.661,101.6
SENSOR-00004484,MCH-003-01-01,2026-01-28 04:00:00,79.54,2.828,97.77
SENSOR-00004485,MCH-003-01-01,2026-01-28 08:00:00,87.51,2.528,98.8
SENSOR-00004486,MCH-003-01-01,2026-01-28 12:00:00,81.04,2.786,97.71
SENSOR-00004487,MCH-003-01-01,2026-01-28 16:00:00,73.36,2.676,97.12
SENSOR-00004488,MCH-003-01-01,2026-01-28 20:00:00,87.33,3.415,99.85
SENSOR-00004489,MCH-003-01-01,2026-01-29 00:00:00,77.8,3.104,99.9
SENSOR-00004490,MCH-003-01-01,2026-01-29 04:00:00,81.11,2.291,102.84
SENSOR-00004491,MCH-003-01-01,2026-01-29 08:00:00,77.87,3.13,100.46
SENSOR-00004492,MCH-003-01-01,2026-01-29 12:00:00,78.36,2.429,106.52
SENSOR-00004493,MCH-003-01-01,2026-01-29 16:00:00,83.82,3.064,105.46
SENSOR-00004494,MCH-003-01-01,2026-01-29 20:00:00,81.51,3.187,98.56
SENSOR-00004495,MCH-003-01-01,2026-01-30 00:00:00,78.78,2.762,102.56
SENSOR-00004496,MCH-003-01-01,2026-01-30 04:00:00,81.75,3.211,101.56
SENSOR-00004497,MCH-003-01-01,2026-01-30 08:00:00,78.39,2.834,98.96
SENSOR-00004498,MCH-003-01-01,2026-01-30 12:00:00,82.56,2.864,98.11
SENSOR-00004499,MCH-003-01-01,2026-01-30 16:00:00,80.64,2.964,96.98
SENSOR-00004500,MCH-003-01-01,2026-01-30 20:00:00,81.88,2.454,103.32
SENSOR-00004501,MCH-003-01-02,2026-01-01 00:00:00,75.93,3.275,95.49
SENSOR-00004502,MCH-003-01-02,2026-01-01 04:00:00,81.55,2.985,101.07
SENSOR-00004503,MCH-003-01-02,2026-01-01 08:00:00,82.73,3.113,98.66
SENSOR-00004504,MCH-003-01-02,2026-01-01 12:00:00,81.3,2.803,103.91
SENSOR-00004505,MCH-003-01-02,2026-01-01 16:00:00,89.35,2.578,93.91
SENSOR-00004506,MCH-003-01-02,2026-01-01 20:00:00,83.23,3.144,105.87
SENSOR-00004507,MCH-003-01-02,2026-01-02 00:00:00,80.8,3.268,97.73
SENSOR-00004508,MCH-003-01-02,2026-01-02 04:00:00,84.15,2.955,97.43
SENSOR-00004509,MCH-003-01-02,2026-01-02 08:00:00,76.65,2.451,101.46
SENSOR-00004510,MCH-003-01-02,2026-01-02 12:00:00,80.7,2.67,94.37
SENSOR-00004511,MCH-003-01-02,2026-01-02 16:00:00,82.68,2.833,97.86
SENSOR-00004512,MCH-003-01-02,2026-01-02 20:00:00,77.1,2.817,101.41
SENSOR-00004513,MCH-003-01-02,2026-01-03 00:00:00,85.68,2.992,100.25
SENSOR-00004514,MCH-003-01-02,2026-01-03 04:00:00,82.14,2.961,97.8
SENSOR-00004515,MCH-003-01-02,2026-01-03 08:00:00,79.65,2.758,107.53
SENSOR-00004516,MCH-003-01-02,2026-01-03 12:00:00,85.03,2.918,104.1
SENSOR-00004517,MCH-003-01-02,2026-01-03 16:00:00,85.91,2.531,99.33
SENSOR-00004518,MCH-003-01-02,2026-01-03 20:00:00,80.89,3.029,99.33
SENSOR-00004519,MCH-003-01-02,2026-01-04 00:00:00,85.45,3.215,99.79
SENSOR-00004520,MCH-003-01-02,2026-01-04 04:00:00,81.95,2.763,101.88
SENSOR-00004521,MCH-003-01-02,2026-01-04 08:00:00,76.18,3.325,103.42
SENSOR-00004522,MCH-003-01-02,2026-01-04 12:00:00,76.16,2.679,101.26
SENSOR-00004523,MCH-003-01-02,2026-01-04 16:00:00,79.6,3.012,98.92
SENSOR-00004524,MCH-003-01-02,2026-01-04 20:00:00,87.05,2.878,107.26
SENSOR-00004525,MCH-003-01-02,2026-01-05 00:00:00,82.54,3.304,103.96
SENSOR-00004526,MCH-003-01-02,2026-01-05 04:00:00,81.04,3.172,104.57
SENSOR-00004527,MCH-003-01-02,2026-01-05 08:00:00,80.63,2.823,100.42
SENSOR-00004528,MCH-003-01-02,2026-01-05 12:00:00,71.31,2.946,102.16
SENSOR-00004529,MCH-003-01-02,2026-01-05 16:00:00,81.53,2.962,99.87
SENSOR-00004530,MCH-003-01-02,2026-01-05 20:00:00,72.96,3.292,98.9
SENSOR-00004531,MCH-003-01-02,2026-01-06 00:00:00,78.24,2.627,100.24
SENSOR-00004532,MCH-003-01-02,2026-01-06 04:00:00,81.36,3.038,95.87
SENSOR-00004533,MCH-003-01-02,2026-01-06 08:00:00,70.76,3.107,96.75
SENSOR-00004534,MCH-003-01-02,2026-01-06 12:00:00,78.51,2.33,103.07
SENSOR-00004535,MCH-003-01-02,2026-01-06 16:00:00,82.35,2.954,100.91
SENSOR-00004536,MCH-003-01-02,2026-01-06 20:00:00,72.71,2.63,98.64
SENSOR-00004537,MCH-003-01-02,2026-01-07 00:00:00,82.82,2.879,102.02
SENSOR-00004538,MCH-003-01-02,2026-01-07 04:00:00,81.33,2.798,96.48
SENSOR-00004539,MCH-003-01-02,2026-01-07 08:00:00,81.94,2.901,97.02
SENSOR-00004540,MCH-003-01-02,2026-01-07 12:00:00,83.28,3.193,98.02
SENSOR-00004541,MCH-003-01-02,2026-01-07 16:00:00,78.04,2.685,94.96
SENSOR-00004542,MCH-003-01-02,2026-01-07 20:00:00,88.97,2.764,97.42
SENSOR-00004543,MCH-003-01-02,2026-01-08 00:00:00,83.19,2.91,99.86
SENSOR-00004544,MCH-003-01-02,2026-01-08 04:00:00,75.33,2.459,97.9
SENSOR-00004545,MCH-003-01-02,2026-01-08 08:00:00,76.62,2.944,94.6
SENSOR-00004546,MCH-003-01-02,2026-01-08 12:00:00,79.16,2.833,99.88
SENSOR-00004547,MCH-003-01-02,2026-01-08 16:00:00,82.55,2.795,98.0
SENSOR-00004548,MCH-003-01-02,2026-01-08 20:00:00,85.93,2.796,104.26
SENSOR-00004549,MCH-003-01-02,2026-01-09 00:00:00,75.58,2.581,100.65
SENSOR-00004550,MCH-003-01-02,2026-01-09 04:00:00,84.04,2.746,97.91
SENSOR-00004551,MCH-003-01-02,2026-01-09 08:00:00,86.53,3.048,103.17
SENSOR-00004552,MCH-003-01-02,2026-01-09 12:00:00,79.19,2.746,102.85
SENSOR-00004553,MCH-003-01-02,2026-01-09 16:00:00,79.9,2.723,97.26
SENSOR-00004554,MCH-003-01-02,2026-01-09 20:00:00,78.91,3.095,95.47
SENSOR-00004555,MCH-003-01-02,2026-01-10 00:00:00,80.45,2.715,98.78
SENSOR-00004556,MCH-003-01-02,2026-01-10 04:00:00,78.39,3.068,97.74
SENSOR-00004557,MCH-003-01-02,2026-01-10 08:00:00,71.97,2.891,99.16
SENSOR-00004558,MCH-003-01-02,2026-01-10 12:00:00,78.61,3.104,91.8
SENSOR-00004559,MCH-003-01-02,2026-01-10 16:00:00,87.26,3.14,98.12
SENSOR-00004560,MCH-003-01-02,2026-01-10 20:00:00,79.15,3.002,101.59
SENSOR-00004561,MCH-003-01-02,2026-01-11 00:00:00,79.55,2.763,99.52
SENSOR-00004562,MCH-003-01-02,2026-01-11 04:00:00,84.04,2.429,95.95
SENSOR-00004563,MCH-003-01-02,2026-01-11 08:00:00,78.23,2.915,102.5
SENSOR-00004564,MCH-003-01-02,2026-01-11 12:00:00,87.48,2.805,102.49
SENSOR-00004565,MCH-003-01-02,2026-01-11 16:00:00,83.79,3.012,99.93
SENSOR-00004566,MCH-003-01-02,2026-01-11 20:00:00,79.35,2.61,96.61
SENSOR-00004567,MCH-003-01-02,2026-01-12 00:00:00,76.86,2.929,99.83
SENSOR-00004568,MCH-003-01-02,2026-01-12 04:00:00,77.91,2.803,95.28
SENSOR-00004569,MCH-003-01-02,2026-01-12 08:00:00,81.39,2.535,103.22
SENSOR-00004570,MCH-003-01-02,2026-01-12 12:00:00,80.58,2.733,103.48
SENSOR-00004571,MCH-003-01-02,2026-01-12 16:00:00,76.83,2.689,94.51
SENSOR-00004572,MCH-003-01-02,2026-01-12 20:00:00,86.19,3.344,94.98
SENSOR-00004573,MCH-003-01-02,2026-01-13 00:00:00,76.49,2.773,94.79
SENSOR-00004574,MCH-003-01-02,2026-01-13 04:00:00,79.33,2.733,102.83
SENSOR-00004575,MCH-003-01-02,2026-01-13 08:00:00,80.72,2.907,99.93
SENSOR-00004576,MCH-003-01-02,2026-01-13 12:00:00,72.44,2.377,99.04
SENSOR-00004577,MCH-003-01-02,2026-01-13 16:00:00,82.07,2.817,97.41
SENSOR-00004578,MCH-003-01-02,2026-01-13 20:00:00,79.99,2.794,102.34
SENSOR-00004579,MCH-003-01-02,2026-01-14 00:00:00,81.56,3.038,92.33
SENSOR-00004580,MCH-003-01-02,2026-01-14 04:00:00,81.71,3.027,101.64
SENSOR-00004581,MCH-003-01-02,2026-01-14 08:00:00,76.17,3.069,100.03
SENSOR-00004582,MCH-003-01-02,2026-01-14 12:00:00,83.32,2.845,101.14
SENSOR-00004583,MCH-003-01-02,2026-01-14 16:00:00,85.39,2.825,100.85
SENSOR-00004584,MCH-003-01-02,2026-01-14 20:00:00,85.95,2.843,96.62
SENSOR-00004585,MCH-003-01-02,2026-01-15 00:00:00,77.89,3.088,102.77
SENSOR-00004586,MCH-003-01-02,2026-01-15 04:00:00,83.55,2.684,101.51
SENSOR-00004587,MCH-003-01-02,2026-01-15 08:00:00,76.82,2.677,99.72
SENSOR-00004588,MCH-003-01-02,2026-01-15 12:00:00,77.67,3.139,98.27
SENSOR-00004589,MCH-003-01-02,2026-01-15 16:00:00,80.07,2.656,103.11
SENSOR-00004590,MCH-003-01-02,2026-01-15 20:00:00,78.29,3.162,103.21
SENSOR-00004591,MCH-003-01-02,2026-01-16 00:00:00,81.5,3.114,98.87
SENSOR-00004592,MCH-003-01-02,2026-01-16 04:00:00,79.12,2.597,98.78
SENSOR-00004593,MCH-003-01-02,2026-01-16 08:00:00,88.82,2.945,98.24
SENSOR-00004594,MCH-003-01-02,2026-01-16 12:00:00,76.93,2.477,97.51
SENSOR-00004595,MCH-003-01-02,2026-01-16 16:00:00,83.99,2.769,97.13
SENSOR-00004596,MCH-003-01-02,2026-01-16 20:00:00,77.56,3.039,99.76
SENSOR-00004597,MCH-003-01-02,2026-01-17 00:00:00,82.26,2.658,98.02
SENSOR-00004598,MCH-003-01-02,2026-01-17 04:00:00,83.43,3.056,100.42
SENSOR-00004599,MCH-003-01-02,2026-01-17 08:00:00,81.47,2.889,100.81
SENSOR-00004600,MCH-003-01-02,2026-01-17 12:00:00,83.82,3.034,100.07
SENSOR-00004601,MCH-003-01-02,2026-01-17 16:00:00,80.76,2.854,97.66
SENSOR-00004602,MCH-003-01-02,2026-01-17 20:00:00,77.78,3.012,97.86
SENSOR-00004603,MCH-003-01-02,2026-01-18 00:00:00,74.75,3.302,106.8
SENSOR-00004604,MCH-003-01-02,2026-01-18 04:00:00,84.74,3.078,101.77
SENSOR-00004605,MCH-003-01-02,2026-01-18 08:00:00,79.66,2.849,102.89
SENSOR-00004606,MCH-003-01-02,2026-01-18 12:00:00,77.06,2.611,98.81
SENSOR-00004607,MCH-003-01-02,2026-01-18 16:00:00,83.58,2.66,99.32
SENSOR-00004608,MCH-003-01-02,2026-01-18 20:00:00,80.53,2.623,92.68
SENSOR-00004609,MCH-003-01-02,2026-01-19 00:00:00,80.11,3.103,101.14
SENSOR-00004610,MCH-003-01-02,2026-01-19 04:00:00,86.09,2.76,103.2
SENSOR-00004611,MCH-003-01-02,2026-01-19 08:00:00,89.09,2.89,101.5
SENSOR-00004612,MCH-003-01-02,2026-01-19 12:00:00,77.23,3.1,103.39
SENSOR-00004613,MCH-003-01-02,2026-01-19 16:00:00,78.97,3.023,100.84
SENSOR-00004614,MCH-003-01-02,2026-01-19 20:00:00,82.52,3.079,101.56
SENSOR-00004615,MCH-003-01-02,2026-01-20 00:00:00,80.07,2.78,100.7
SENSOR-00004616,MCH-003-01-02,2026-01-20 04:00:00,77.82,2.817,97.29
SENSOR-00004617,MCH-003-01-02,2026-01-20 08:00:00,83.31,2.936,98.71
SENSOR-00004618,MCH-003-01-02,2026-01-20 12:00:00,81.1,2.821,103.43
SENSOR-00004619,MCH-003-01-02,2026-01-20 16:00:00,79.19,3.035,97.88
SENSOR-00004620,MCH-003-01-02,2026-01-20 20:00:00,84.21,3.136,103.25
SENSOR-00004621,MCH-003-01-02,2026-01-21 00:00:00,74.92,2.431,96.71
SENSOR-00004622,MCH-003-01-02,2026-01-21 04:00:00,74.0,2.944,96.75
SENSOR-00004623,MCH-003-01-02,2026-01-21 08:00:00,74.19,2.866,100.05
SENSOR-00004624,MCH-003-01-02,2026-01-21 12:00:00,73.47,2.698,99.78
SENSOR-00004625,MCH-003-01-02,2026-01-21 16:00:00,79.53,2.794,103.54
SENSOR-00004626,MCH-003-01-02,2026-01-21 20:00:00,89.54,2.798,96.03
SENSOR-00004627,MCH-003-01-02,2026-01-22 00:00:00,78.86,3.074,101.89
SENSOR-00004628,MCH-003-01-02,2026-01-22 04:00:00,85.9,3.355,101.0
SENSOR-00004629,MCH-003-01-02,2026-01-22 08:00:00,73.97,2.701,106.56
SENSOR-00004630,MCH-003-01-02,2026-01-22 12:00:00,75.3,3.0,92.46
SENSOR-00004631,MCH-003-01-02,2026-01-22 16:00:00,75.55,3.098,100.11
SENSOR-00004632,MCH-003-01-02,2026-01-22 20:00:00,79.45,2.673,94.01
SENSOR-00004633,MCH-003-01-02,2026-01-23 00:00:00,78.13,2.89,102.21
SENSOR-00004634,MCH-003-01-02,2026-01-23 04:00:00,85.09,3.074,97.97
SENSOR-00004635,MCH-003-01-02,2026-01-23 08:00:00,83.5,2.993,97.87
SENSOR-00004636,MCH-003-01-02,2026-01-23 12:00:00,79.1,3.046,104.13
SENSOR-00004637,MCH-003-01-02,2026-01-23 16:00:00,73.71,3.286,103.49
SENSOR-00004638,MCH-003-01-02,2026-01-23 20:00:00,81.75,2.816,101.17
SENSOR-00004639,MCH-003-01-02,2026-01-24 00:00:00,77.64,2.799,100.27
SENSOR-00004640,MCH-003-01-02,2026-01-24 04:00:00,80.17,2.688,101.44
SENSOR-00004641,MCH-003-01-02,2026-01-24 08:00:00,81.71,2.974,102.12
SENSOR-00004642,MCH-003-01-02,2026-01-24 12:00:00,80.27,2.834,104.45
SENSOR-00004643,MCH-003-01-02,2026-01-24 16:00:00,77.18,2.408,101.67
SENSOR-00004644,MCH-003-01-02,2026-01-24 20:00:00,78.44,2.607,102.66
SENSOR-00004645,MCH-003-01-02,2026-01-25 00:00:00,84.23,2.872,104.05
SENSOR-00004646,MCH-003-01-02,2026-01-25 04:00:00,79.23,2.475,100.71
SENSOR-00004647,MCH-003-01-02,2026-01-25 08:00:00,79.94,2.421,96.83
SENSOR-00004648,MCH-003-01-02,2026-01-25 12:00:00,78.0,3.265,102.12
SENSOR-00004649,MCH-003-01-02,2026-01-25 16:00:00,79.56,2.994,93.88
SENSOR-00004650,MCH-003-01-02,2026-01-25 20:00:00,78.69,2.976,100.5
SENSOR-00004651,MCH-003-01-02,2026-01-26 00:00:00,87.81,3.083,105.22
SENSOR-00004652,MCH-003-01-02,2026-01-26 04:00:00,78.27,2.478,99.58
SENSOR-00004653,MCH-003-01-02,2026-01-26 08:00:00,80.05,3.241,96.61
SENSOR-00004654,MCH-003-01-02,2026-01-26 12:00:00,80.64,2.978,100.3
SENSOR-00004655,MCH-003-01-02,2026-01-26 16:00:00,80.27,2.966,103.24
SENSOR-00004656,MCH-003-01-02,2026-01-26 20:00:00,87.1,2.884,97.55
SENSOR-00004657,MCH-003-01-02,2026-01-27 00:00:00,82.18,2.707,99.05
SENSOR-00004658,MCH-003-01-02,2026-01-27 04:00:00,83.4,2.834,96.34
SENSOR-00004659,MCH-003-01-02,2026-01-27 08:00:00,84.5,3.005,99.25
SENSOR-00004660,MCH-003-01-02,2026-01-27 12:00:00,83.8,2.9,103.99
SENSOR-00004661,MCH-003-01-02,2026-01-27 16:00:00,81.56,3.207,94.38
SENSOR-00004662,MCH-003-01-02,2026-01-27 20:00:00,82.79,2.777,97.42
SENSOR-00004663,MCH-003-01-02,2026-01-28 00:00:00,79.6,2.832,102.39
SENSOR-00004664,MCH-003-01-02,2026-01-28 04:00:00,82.03,2.611,100.72
SENSOR-00004665,MCH-003-01-02,2026-01-28 08:00:00,79.94,2.643,95.23
SENSOR-00004666,MCH-003-01-02,2026-01-28 12:00:00,83.45,2.988,101.67
SENSOR-00004667,MCH-003-01-02,2026-01-28 16:00:00,78.04,2.919,95.87
SENSOR-00004668,MCH-003-01-02,2026-01-28 20:00:00,77.01,2.885,100.79
SENSOR-00004669,MCH-003-01-02,2026-01-29 00:00:00,78.33,3.235,104.51
SENSOR-00004670,MCH-003-01-02,2026-01-29 04:00:00,84.32,3.151,94.52
SENSOR-00004671,MCH-003-01-02,2026-01-29 08:00:00,77.16,2.798,107.25
SENSOR-00004672,MCH-003-01-02,2026-01-29 12:00:00,79.7,3.062,101.14
SENSOR-00004673,MCH-003-01-02,2026-01-29 16:00:00,82.38,2.87,96.4
SENSOR-00004674,MCH-003-01-02,2026-01-29 20:00:00,70.15,3.197,98.15
SENSOR-00004675,MCH-003-01-02,2026-01-30 00:00:00,81.47,3.109,102.67
SENSOR-00004676,MCH-003-01-02,2026-01-30 04:00:00,83.79,3.142,91.76
SENSOR-00004677,MCH-003-01-02,2026-01-30 08:00:00,87.41,2.959,104.0
SENSOR-00004678,MCH-003-01-02,2026-01-30 12:00:00,76.25,2.438,105.36
SENSOR-00004679,MCH-003-01-02,2026-01-30 16:00:00,77.25,2.799,101.58
SENSOR-00004680,MCH-003-01-02,2026-01-30 20:00:00,84.04,3.146,100.67
SENSOR-00004681,MCH-003-01-03,2026-01-01 00:00:00,74.15,2.159,101.35
SENSOR-00004682,MCH-003-01-03,2026-01-01 04:00:00,71.76,2.347,106.56
SENSOR-00004683,MCH-003-01-03,2026-01-01 08:00:00,66.74,1.372,98.75
SENSOR-00004684,MCH-003-01-03,2026-01-01 12:00:00,70.17,2.074,97.22
SENSOR-00004685,MCH-003-01-03,2026-01-01 16:00:00,75.6,1.823,101.35
SENSOR-00004686,MCH-003-01-03,2026-01-01 20:00:00,74.66,2.248,101.46
SENSOR-00004687,MCH-003-01-03,2026-01-02 00:00:00,67.85,2.309,102.18
SENSOR-00004688,MCH-003-01-03,2026-01-02 04:00:00,71.01,1.986,101.79
SENSOR-00004689,MCH-003-01-03,2026-01-02 08:00:00,71.57,2.525,105.32
SENSOR-00004690,MCH-003-01-03,2026-01-02 12:00:00,76.11,2.227,105.48
SENSOR-00004691,MCH-003-01-03,2026-01-02 16:00:00,73.07,2.049,97.97
SENSOR-00004692,MCH-003-01-03,2026-01-02 20:00:00,69.29,2.167,101.39
SENSOR-00004693,MCH-003-01-03,2026-01-03 00:00:00,71.86,2.296,100.69
SENSOR-00004694,MCH-003-01-03,2026-01-03 04:00:00,68.71,2.109,104.54
SENSOR-00004695,MCH-003-01-03,2026-01-03 08:00:00,74.28,2.128,96.92
SENSOR-00004696,MCH-003-01-03,2026-01-03 12:00:00,69.25,2.17,100.83
SENSOR-00004697,MCH-003-01-03,2026-01-03 16:00:00,74.37,2.266,98.89
SENSOR-00004698,MCH-003-01-03,2026-01-03 20:00:00,70.06,2.68,98.33
SENSOR-00004699,MCH-003-01-03,2026-01-04 00:00:00,72.47,2.289,99.46
SENSOR-00004700,MCH-003-01-03,2026-01-04 04:00:00,73.28,2.316,95.74
SENSOR-00004701,MCH-003-01-03,2026-01-04 08:00:00,70.74,2.039,98.59
SENSOR-00004702,MCH-003-01-03,2026-01-04 12:00:00,73.73,2.042,93.98
SENSOR-00004703,MCH-003-01-03,2026-01-04 16:00:00,71.16,1.902,101.49
SENSOR-00004704,MCH-003-01-03,2026-01-04 20:00:00,75.33,1.625,97.68
SENSOR-00004705,MCH-003-01-03,2026-01-05 00:00:00,71.33,1.895,102.51
SENSOR-00004706,MCH-003-01-03,2026-01-05 04:00:00,71.6,2.288,100.91
SENSOR-00004707,MCH-003-01-03,2026-01-05 08:00:00,72.48,2.426,103.2
SENSOR-00004708,MCH-003-01-03,2026-01-05 12:00:00,70.02,1.938,92.5
SENSOR-00004709,MCH-003-01-03,2026-01-05 16:00:00,70.72,1.895,101.26
SENSOR-00004710,MCH-003-01-03,2026-01-05 20:00:00,70.76,2.112,102.44
SENSOR-00004711,MCH-003-01-03,2026-01-06 00:00:00,75.69,2.483,103.54
SENSOR-00004712,MCH-003-01-03,2026-01-06 04:00:00,78.28,2.686,105.19
SENSOR-00004713,MCH-003-01-03,2026-01-06 08:00:00,73.47,2.116,94.51
SENSOR-00004714,MCH-003-01-03,2026-01-06 12:00:00,72.15,2.298,100.13
SENSOR-00004715,MCH-003-01-03,2026-01-06 16:00:00,64.55,2.097,101.94
SENSOR-00004716,MCH-003-01-03,2026-01-06 20:00:00,68.0,2.21,101.29
SENSOR-00004717,MCH-003-01-03,2026-01-07 00:00:00,62.78,2.273,101.46
SENSOR-00004718,MCH-003-01-03,2026-01-07 04:00:00,71.17,1.603,99.82
SENSOR-00004719,MCH-003-01-03,2026-01-07 08:00:00,69.26,2.588,101.13
SENSOR-00004720,MCH-003-01-03,2026-01-07 12:00:00,68.92,1.655,101.77
SENSOR-00004721,MCH-003-01-03,2026-01-07 16:00:00,74.89,2.115,101.81
SENSOR-00004722,MCH-003-01-03,2026-01-07 20:00:00,70.71,2.435,102.98
SENSOR-00004723,MCH-003-01-03,2026-01-08 00:00:00,71.75,2.45,105.5
SENSOR-00004724,MCH-003-01-03,2026-01-08 04:00:00,70.19,1.886,101.17
SENSOR-00004725,MCH-003-01-03,2026-01-08 08:00:00,78.63,2.068,102.55
SENSOR-00004726,MCH-003-01-03,2026-01-08 12:00:00,68.76,2.174,96.51
SENSOR-00004727,MCH-003-01-03,2026-01-08 16:00:00,72.15,2.139,101.82
SENSOR-00004728,MCH-003-01-03,2026-01-08 20:00:00,79.22,2.071,94.0
SENSOR-00004729,MCH-003-01-03,2026-01-09 00:00:00,73.09,1.904,99.87
SENSOR-00004730,MCH-003-01-03,2026-01-09 04:00:00,71.53,2.012,97.62
SENSOR-00004731,MCH-003-01-03,2026-01-09 08:00:00,73.73,2.112,98.23
SENSOR-00004732,MCH-003-01-03,2026-01-09 12:00:00,68.66,2.136,102.77
SENSOR-00004733,MCH-003-01-03,2026-01-09 16:00:00,72.93,2.109,100.93
SENSOR-00004734,MCH-003-01-03,2026-01-09 20:00:00,77.56,2.291,100.78
SENSOR-00004735,MCH-003-01-03,2026-01-10 00:00:00,69.32,1.783,101.01
SENSOR-00004736,MCH-003-01-03,2026-01-10 04:00:00,69.1,2.415,102.89
SENSOR-00004737,MCH-003-01-03,2026-01-10 08:00:00,68.41,1.967,101.6
SENSOR-00004738,MCH-003-01-03,2026-01-10 12:00:00,76.03,1.665,100.85
SENSOR-00004739,MCH-003-01-03,2026-01-10 16:00:00,63.32,2.031,103.28
SENSOR-00004740,MCH-003-01-03,2026-01-10 20:00:00,84.15,2.109,96.26
SENSOR-00004741,MCH-003-01-03,2026-01-11 00:00:00,69.43,2.065,97.0
SENSOR-00004742,MCH-003-01-03,2026-01-11 04:00:00,69.28,2.329,99.31
SENSOR-00004743,MCH-003-01-03,2026-01-11 08:00:00,65.09,2.425,101.25
SENSOR-00004744,MCH-003-01-03,2026-01-11 12:00:00,66.57,2.077,97.62
SENSOR-00004745,MCH-003-01-03,2026-01-11 16:00:00,74.81,2.076,99.78
SENSOR-00004746,MCH-003-01-03,2026-01-11 20:00:00,71.35,1.799,104.22
SENSOR-00004747,MCH-003-01-03,2026-01-12 00:00:00,77.1,2.08,102.63
SENSOR-00004748,MCH-003-01-03,2026-01-12 04:00:00,76.41,1.898,97.21
SENSOR-00004749,MCH-003-01-03,2026-01-12 08:00:00,79.09,2.151,98.02
SENSOR-00004750,MCH-003-01-03,2026-01-12 12:00:00,67.93,2.133,104.52
SENSOR-00004751,MCH-003-01-03,2026-01-12 16:00:00,74.85,2.214,104.77
SENSOR-00004752,MCH-003-01-03,2026-01-12 20:00:00,77.69,2.252,108.33
SENSOR-00004753,MCH-003-01-03,2026-01-13 00:00:00,69.01,2.216,96.98
SENSOR-00004754,MCH-003-01-03,2026-01-13 04:00:00,75.65,2.384,99.46
SENSOR-00004755,MCH-003-01-03,2026-01-13 08:00:00,78.76,2.549,100.45
SENSOR-00004756,MCH-003-01-03,2026-01-13 12:00:00,74.37,2.021,99.18
SENSOR-00004757,MCH-003-01-03,2026-01-13 16:00:00,67.79,2.049,99.69
SENSOR-00004758,MCH-003-01-03,2026-01-13 20:00:00,65.47,2.313,103.07
SENSOR-00004759,MCH-003-01-03,2026-01-14 00:00:00,75.43,1.993,97.66
SENSOR-00004760,MCH-003-01-03,2026-01-14 04:00:00,80.24,2.263,102.8
SENSOR-00004761,MCH-003-01-03,2026-01-14 08:00:00,74.09,2.209,103.79
SENSOR-00004762,MCH-003-01-03,2026-01-14 12:00:00,79.73,1.748,99.89
SENSOR-00004763,MCH-003-01-03,2026-01-14 16:00:00,71.93,2.061,102.94
SENSOR-00004764,MCH-003-01-03,2026-01-14 20:00:00,73.13,2.65,103.3
SENSOR-00004765,MCH-003-01-03,2026-01-15 00:00:00,83.12,2.133,101.59
SENSOR-00004766,MCH-003-01-03,2026-01-15 04:00:00,67.54,2.408,94.68
SENSOR-00004767,MCH-003-01-03,2026-01-15 08:00:00,68.19,1.986,100.66
SENSOR-00004768,MCH-003-01-03,2026-01-15 12:00:00,68.93,2.55,101.51
SENSOR-00004769,MCH-003-01-03,2026-01-15 16:00:00,69.35,2.418,98.82
SENSOR-00004770,MCH-003-01-03,2026-01-15 20:00:00,69.75,2.393,92.64
SENSOR-00004771,MCH-003-01-03,2026-01-16 00:00:00,78.22,2.401,98.5
SENSOR-00004772,MCH-003-01-03,2026-01-16 04:00:00,67.92,2.022,102.94
SENSOR-00004773,MCH-003-01-03,2026-01-16 08:00:00,76.82,2.307,95.15
SENSOR-00004774,MCH-003-01-03,2026-01-16 12:00:00,75.12,2.494,100.52
SENSOR-00004775,MCH-003-01-03,2026-01-16 16:00:00,80.03,1.838,102.05
SENSOR-00004776,MCH-003-01-03,2026-01-16 20:00:00,68.03,2.433,101.84
SENSOR-00004777,MCH-003-01-03,2026-01-17 00:00:00,66.12,2.178,100.19
SENSOR-00004778,MCH-003-01-03,2026-01-17 04:00:00,68.98,2.278,104.38
SENSOR-00004779,MCH-003-01-03,2026-01-17 08:00:00,75.67,2.505,97.84
SENSOR-00004780,MCH-003-01-03,2026-01-17 12:00:00,72.25,1.977,100.72
SENSOR-00004781,MCH-003-01-03,2026-01-17 16:00:00,73.42,2.409,103.94
SENSOR-00004782,MCH-003-01-03,2026-01-17 20:00:00,74.86,1.954,95.94
SENSOR-00004783,MCH-003-01-03,2026-01-18 00:00:00,74.12,1.999,99.83
SENSOR-00004784,MCH-003-01-03,2026-01-18 04:00:00,69.64,2.585,102.68
SENSOR-00004785,MCH-003-01-03,2026-01-18 08:00:00,70.01,1.876,100.83
SENSOR-00004786,MCH-003-01-03,2026-01-18 12:00:00,70.14,2.064,96.59
SENSOR-00004787,MCH-003-01-03,2026-01-18 16:00:00,68.06,2.209,99.2
SENSOR-00004788,MCH-003-01-03,2026-01-18 20:00:00,82.09,2.317,96.54
SENSOR-00004789,MCH-003-01-03,2026-01-19 00:00:00,72.72,1.835,100.02
SENSOR-00004790,MCH-003-01-03,2026-01-19 04:00:00,73.59,2.534,100.74
SENSOR-00004791,MCH-003-01-03,2026-01-19 08:00:00,68.84,2.542,99.45
SENSOR-00004792,MCH-003-01-03,2026-01-19 12:00:00,75.2,2.015,100.27
SENSOR-00004793,MCH-003-01-03,2026-01-19 16:00:00,68.9,2.249,102.41
SENSOR-00004794,MCH-003-01-03,2026-01-19 20:00:00,70.13,2.031,101.07
SENSOR-00004795,MCH-003-01-03,2026-01-20 00:00:00,67.62,2.009,101.75
SENSOR-00004796,MCH-003-01-03,2026-01-20 04:00:00,72.65,2.031,97.65
SENSOR-00004797,MCH-003-01-03,2026-01-20 08:00:00,74.58,2.113,102.26
SENSOR-00004798,MCH-003-01-03,2026-01-20 12:00:00,75.62,2.09,102.85
SENSOR-00004799,MCH-003-01-03,2026-01-20 16:00:00,72.66,2.235,93.43
SENSOR-00004800,MCH-003-01-03,2026-01-20 20:00:00,68.22,1.939,99.04
SENSOR-00004801,MCH-003-01-03,2026-01-21 00:00:00,70.0,1.736,95.63
SENSOR-00004802,MCH-003-01-03,2026-01-21 04:00:00,76.19,2.489,104.8
SENSOR-00004803,MCH-003-01-03,2026-01-21 08:00:00,73.01,1.921,98.69
SENSOR-00004804,MCH-003-01-03,2026-01-21 12:00:00,66.14,1.786,100.77
SENSOR-00004805,MCH-003-01-03,2026-01-21 16:00:00,74.26,2.658,99.75
SENSOR-00004806,MCH-003-01-03,2026-01-21 20:00:00,66.68,2.138,99.15
SENSOR-00004807,MCH-003-01-03,2026-01-22 00:00:00,70.33,2.092,104.04
SENSOR-00004808,MCH-003-01-03,2026-01-22 04:00:00,66.62,2.068,103.39
SENSOR-00004809,MCH-003-01-03,2026-01-22 08:00:00,71.26,2.097,99.2
SENSOR-00004810,MCH-003-01-03,2026-01-22 12:00:00,72.58,2.44,102.77
SENSOR-00004811,MCH-003-01-03,2026-01-22 16:00:00,72.15,2.442,101.03
SENSOR-00004812,MCH-003-01-03,2026-01-22 20:00:00,75.54,1.911,105.22
SENSOR-00004813,MCH-003-01-03,2026-01-23 00:00:00,69.8,2.03,99.12
SENSOR-00004814,MCH-003-01-03,2026-01-23 04:00:00,70.05,2.382,100.81
SENSOR-00004815,MCH-003-01-03,2026-01-23 08:00:00,73.68,2.321,99.72
SENSOR-00004816,MCH-003-01-03,2026-01-23 12:00:00,68.03,2.62,102.78
SENSOR-00004817,MCH-003-01-03,2026-01-23 16:00:00,78.56,2.427,98.62
SENSOR-00004818,MCH-003-01-03,2026-01-23 20:00:00,62.71,1.861,101.91
SENSOR-00004819,MCH-003-01-03,2026-01-24 00:00:00,68.37,2.215,102.62
SENSOR-00004820,MCH-003-01-03,2026-01-24 04:00:00,70.5,2.535,96.16
SENSOR-00004821,MCH-003-01-03,2026-01-24 08:00:00,66.29,1.784,95.04
SENSOR-00004822,MCH-003-01-03,2026-01-24 12:00:00,73.45,1.924,95.77
SENSOR-00004823,MCH-003-01-03,2026-01-24 16:00:00,73.63,2.375,103.15
SENSOR-00004824,MCH-003-01-03,2026-01-24 20:00:00,75.61,1.939,100.83
SENSOR-00004825,MCH-003-01-03,2026-01-25 00:00:00,71.81,1.807,97.49
SENSOR-00004826,MCH-003-01-03,2026-01-25 04:00:00,68.9,2.312,102.83
SENSOR-00004827,MCH-003-01-03,2026-01-25 08:00:00,75.05,2.464,100.22
SENSOR-00004828,MCH-003-01-03,2026-01-25 12:00:00,68.18,2.156,97.83
SENSOR-00004829,MCH-003-01-03,2026-01-25 16:00:00,74.74,2.079,99.7
SENSOR-00004830,MCH-003-01-03,2026-01-25 20:00:00,74.88,1.983,102.89
SENSOR-00004831,MCH-003-01-03,2026-01-26 00:00:00,71.74,2.004,102.74
SENSOR-00004832,MCH-003-01-03,2026-01-26 04:00:00,73.3,2.229,96.49
SENSOR-00004833,MCH-003-01-03,2026-01-26 08:00:00,74.11,1.92,98.02
SENSOR-00004834,MCH-003-01-03,2026-01-26 12:00:00,66.65,2.129,103.19
SENSOR-00004835,MCH-003-01-03,2026-01-26 16:00:00,73.01,2.058,100.33
SENSOR-00004836,MCH-003-01-03,2026-01-26 20:00:00,72.52,2.185,100.53
SENSOR-00004837,MCH-003-01-03,2026-01-27 00:00:00,73.3,2.323,99.15
SENSOR-00004838,MCH-003-01-03,2026-01-27 04:00:00,75.68,1.969,98.8
SENSOR-00004839,MCH-003-01-03,2026-01-27 08:00:00,70.9,2.034,94.2
SENSOR-00004840,MCH-003-01-03,2026-01-27 12:00:00,72.01,2.14,103.23
SENSOR-00004841,MCH-003-01-03,2026-01-27 16:00:00,66.96,2.009,103.61
SENSOR-00004842,MCH-003-01-03,2026-01-27 20:00:00,73.28,2.306,101.36
SENSOR-00004843,MCH-003-01-03,2026-01-28 00:00:00,74.01,2.031,102.92
SENSOR-00004844,MCH-003-01-03,2026-01-28 04:00:00,68.16,1.921,105.72
SENSOR-00004845,MCH-003-01-03,2026-01-28 08:00:00,65.99,2.162,105.55
SENSOR-00004846,MCH-003-01-03,2026-01-28 12:00:00,71.99,2.505,101.96
SENSOR-00004847,MCH-003-01-03,2026-01-28 16:00:00,72.08,2.136,93.64
SENSOR-00004848,MCH-003-01-03,2026-01-28 20:00:00,70.83,2.227,100.69
SENSOR-00004849,MCH-003-01-03,2026-01-29 00:00:00,68.07,2.205,104.66
SENSOR-00004850,MCH-003-01-03,2026-01-29 04:00:00,71.21,2.629,100.49
SENSOR-00004851,MCH-003-01-03,2026-01-29 08:00:00,71.88,2.198,99.07
SENSOR-00004852,MCH-003-01-03,2026-01-29 12:00:00,64.18,2.389,106.58
SENSOR-00004853,MCH-003-01-03,2026-01-29 16:00:00,74.03,2.304,99.45
SENSOR-00004854,MCH-003-01-03,2026-01-29 20:00:00,76.74,2.159,100.8
SENSOR-00004855,MCH-003-01-03,2026-01-30 00:00:00,75.69,1.761,99.7
SENSOR-00004856,MCH-003-01-03,2026-01-30 04:00:00,71.97,2.289,96.91
SENSOR-00004857,MCH-003-01-03,2026-01-30 08:00:00,64.24,2.211,101.58
SENSOR-00004858,MCH-003-01-03,2026-01-30 12:00:00,76.14,2.079,102.33
SENSOR-00004859,MCH-003-01-03,2026-01-30 16:00:00,74.05,2.499,99.83
SENSOR-00004860,MCH-003-01-03,2026-01-30 20:00:00,65.19,2.152,100.27
SENSOR-00004861,MCH-003-01-04,2026-01-01 00:00:00,79.44,2.372,99.9
SENSOR-00004862,MCH-003-01-04,2026-01-01 04:00:00,75.21,2.474,98.22
SENSOR-00004863,MCH-003-01-04,2026-01-01 08:00:00,73.64,2.339,99.03
SENSOR-00004864,MCH-003-01-04,2026-01-01 12:00:00,74.11,1.868,100.29
SENSOR-00004865,MCH-003-01-04,2026-01-01 16:00:00,73.24,1.961,98.95
SENSOR-00004866,MCH-003-01-04,2026-01-01 20:00:00,73.83,2.747,98.38
SENSOR-00004867,MCH-003-01-04,2026-01-02 00:00:00,75.19,1.97,98.93
SENSOR-00004868,MCH-003-01-04,2026-01-02 04:00:00,70.62,2.456,97.25
SENSOR-00004869,MCH-003-01-04,2026-01-02 08:00:00,77.26,2.439,96.26
SENSOR-00004870,MCH-003-01-04,2026-01-02 12:00:00,73.38,2.583,103.44
SENSOR-00004871,MCH-003-01-04,2026-01-02 16:00:00,71.74,2.154,105.85
SENSOR-00004872,MCH-003-01-04,2026-01-02 20:00:00,75.31,2.451,97.78
SENSOR-00004873,MCH-003-01-04,2026-01-03 00:00:00,76.22,2.734,100.48
SENSOR-00004874,MCH-003-01-04,2026-01-03 04:00:00,74.12,2.231,101.07
SENSOR-00004875,MCH-003-01-04,2026-01-03 08:00:00,70.4,2.145,102.7
SENSOR-00004876,MCH-003-01-04,2026-01-03 12:00:00,74.24,2.354,99.49
SENSOR-00004877,MCH-003-01-04,2026-01-03 16:00:00,78.26,2.47,97.77
SENSOR-00004878,MCH-003-01-04,2026-01-03 20:00:00,72.52,2.379,100.91
SENSOR-00004879,MCH-003-01-04,2026-01-04 00:00:00,67.11,2.374,96.7
SENSOR-00004880,MCH-003-01-04,2026-01-04 04:00:00,71.44,3.034,100.75
SENSOR-00004881,MCH-003-01-04,2026-01-04 08:00:00,80.26,2.642,102.95
SENSOR-00004882,MCH-003-01-04,2026-01-04 12:00:00,74.56,2.83,102.54
SENSOR-00004883,MCH-003-01-04,2026-01-04 16:00:00,75.52,2.494,99.59
SENSOR-00004884,MCH-003-01-04,2026-01-04 20:00:00,75.56,2.417,101.14
SENSOR-00004885,MCH-003-01-04,2026-01-05 00:00:00,68.43,2.863,97.17
SENSOR-00004886,MCH-003-01-04,2026-01-05 04:00:00,75.69,2.165,95.99
SENSOR-00004887,MCH-003-01-04,2026-01-05 08:00:00,74.53,2.28,96.49
SENSOR-00004888,MCH-003-01-04,2026-01-05 12:00:00,75.21,2.058,100.38
SENSOR-00004889,MCH-003-01-04,2026-01-05 16:00:00,74.84,1.808,98.43
SENSOR-00004890,MCH-003-01-04,2026-01-05 20:00:00,77.23,2.162,101.54
SENSOR-00004891,MCH-003-01-04,2026-01-06 00:00:00,77.19,2.158,99.52
SENSOR-00004892,MCH-003-01-04,2026-01-06 04:00:00,77.14,1.827,98.4
SENSOR-00004893,MCH-003-01-04,2026-01-06 08:00:00,77.07,2.485,98.43
SENSOR-00004894,MCH-003-01-04,2026-01-06 12:00:00,70.93,2.585,99.03
SENSOR-00004895,MCH-003-01-04,2026-01-06 16:00:00,77.53,2.523,98.66
SENSOR-00004896,MCH-003-01-04,2026-01-06 20:00:00,79.64,2.28,103.57
SENSOR-00004897,MCH-003-01-04,2026-01-07 00:00:00,80.53,2.285,102.76
SENSOR-00004898,MCH-003-01-04,2026-01-07 04:00:00,79.99,2.579,97.92
SENSOR-00004899,MCH-003-01-04,2026-01-07 08:00:00,73.99,1.759,99.65
SENSOR-00004900,MCH-003-01-04,2026-01-07 12:00:00,78.56,2.369,98.23
SENSOR-00004901,MCH-003-01-04,2026-01-07 16:00:00,74.16,2.732,99.84
SENSOR-00004902,MCH-003-01-04,2026-01-07 20:00:00,82.78,2.285,100.65
SENSOR-00004903,MCH-003-01-04,2026-01-08 00:00:00,71.08,2.492,95.44
SENSOR-00004904,MCH-003-01-04,2026-01-08 04:00:00,74.98,2.702,101.64
SENSOR-00004905,MCH-003-01-04,2026-01-08 08:00:00,70.42,1.954,101.49
SENSOR-00004906,MCH-003-01-04,2026-01-08 12:00:00,81.68,2.187,106.29
SENSOR-00004907,MCH-003-01-04,2026-01-08 16:00:00,75.33,1.939,95.32
SENSOR-00004908,MCH-003-01-04,2026-01-08 20:00:00,78.43,2.461,104.45
SENSOR-00004909,MCH-003-01-04,2026-01-09 00:00:00,70.55,1.975,103.05
SENSOR-00004910,MCH-003-01-04,2026-01-09 04:00:00,71.58,2.333,98.16
SENSOR-00004911,MCH-003-01-04,2026-01-09 08:00:00,72.82,2.064,98.29
SENSOR-00004912,MCH-003-01-04,2026-01-09 12:00:00,77.95,2.427,101.51
SENSOR-00004913,MCH-003-01-04,2026-01-09 16:00:00,73.37,2.654,98.47
SENSOR-00004914,MCH-003-01-04,2026-01-09 20:00:00,66.92,2.507,102.3
SENSOR-00004915,MCH-003-01-04,2026-01-10 00:00:00,81.87,2.529,106.43
SENSOR-00004916,MCH-003-01-04,2026-01-10 04:00:00,76.47,2.265,98.25
SENSOR-00004917,MCH-003-01-04,2026-01-10 08:00:00,75.6,1.918,98.58
SENSOR-00004918,MCH-003-01-04,2026-01-10 12:00:00,73.54,2.488,105.83
SENSOR-00004919,MCH-003-01-04,2026-01-10 16:00:00,75.57,1.948,97.26
SENSOR-00004920,MCH-003-01-04,2026-01-10 20:00:00,76.4,2.451,104.87
SENSOR-00004921,MCH-003-01-04,2026-01-11 00:00:00,73.73,2.819,95.03
SENSOR-00004922,MCH-003-01-04,2026-01-11 04:00:00,70.57,2.391,98.89
SENSOR-00004923,MCH-003-01-04,2026-01-11 08:00:00,72.68,2.462,98.41
SENSOR-00004924,MCH-003-01-04,2026-01-11 12:00:00,73.92,2.498,98.0
SENSOR-00004925,MCH-003-01-04,2026-01-11 16:00:00,74.93,2.267,96.38
SENSOR-00004926,MCH-003-01-04,2026-01-11 20:00:00,78.41,2.855,103.19
SENSOR-00004927,MCH-003-01-04,2026-01-12 00:00:00,77.05,2.522,95.64
SENSOR-00004928,MCH-003-01-04,2026-01-12 04:00:00,75.7,2.274,101.25
SENSOR-00004929,MCH-003-01-04,2026-01-12 08:00:00,78.03,2.528,100.22
SENSOR-00004930,MCH-003-01-04,2026-01-12 12:00:00,76.51,2.134,99.91
SENSOR-00004931,MCH-003-01-04,2026-01-12 16:00:00,72.17,2.686,102.05
SENSOR-00004932,MCH-003-01-04,2026-01-12 20:00:00,78.07,2.857,99.01
SENSOR-00004933,MCH-003-01-04,2026-01-13 00:00:00,73.7,2.65,100.18
SENSOR-00004934,MCH-003-01-04,2026-01-13 04:00:00,72.16,2.671,102.19
SENSOR-00004935,MCH-003-01-04,2026-01-13 08:00:00,69.71,2.491,97.85
SENSOR-00004936,MCH-003-01-04,2026-01-13 12:00:00,72.39,2.896,100.37
SENSOR-00004937,MCH-003-01-04,2026-01-13 16:00:00,74.48,2.449,102.62
SENSOR-00004938,MCH-003-01-04,2026-01-13 20:00:00,72.55,2.295,101.97
SENSOR-00004939,MCH-003-01-04,2026-01-14 00:00:00,79.96,2.066,96.85
SENSOR-00004940,MCH-003-01-04,2026-01-14 04:00:00,76.71,2.607,97.6
SENSOR-00004941,MCH-003-01-04,2026-01-14 08:00:00,73.04,2.145,104.97
SENSOR-00004942,MCH-003-01-04,2026-01-14 12:00:00,73.45,2.436,100.25
SENSOR-00004943,MCH-003-01-04,2026-01-14 16:00:00,79.77,2.19,103.5
SENSOR-00004944,MCH-003-01-04,2026-01-14 20:00:00,70.24,2.72,94.85
SENSOR-00004945,MCH-003-01-04,2026-01-15 00:00:00,74.23,2.62,100.78
SENSOR-00004946,MCH-003-01-04,2026-01-15 04:00:00,74.67,2.075,102.86
SENSOR-00004947,MCH-003-01-04,2026-01-15 08:00:00,77.11,2.277,103.54
SENSOR-00004948,MCH-003-01-04,2026-01-15 12:00:00,76.33,2.494,102.65
SENSOR-00004949,MCH-003-01-04,2026-01-15 16:00:00,78.03,2.502,99.43
SENSOR-00004950,MCH-003-01-04,2026-01-15 20:00:00,83.29,2.245,102.24
SENSOR-00004951,MCH-003-01-04,2026-01-16 00:00:00,78.2,2.32,103.31
SENSOR-00004952,MCH-003-01-04,2026-01-16 04:00:00,72.03,2.421,98.71
SENSOR-00004953,MCH-003-01-04,2026-01-16 08:00:00,78.36,2.308,102.28
SENSOR-00004954,MCH-003-01-04,2026-01-16 12:00:00,77.73,2.334,105.49
SENSOR-00004955,MCH-003-01-04,2026-01-16 16:00:00,72.37,2.076,102.57
SENSOR-00004956,MCH-003-01-04,2026-01-16 20:00:00,66.75,2.801,100.31
SENSOR-00004957,MCH-003-01-04,2026-01-17 00:00:00,77.39,2.584,103.44
SENSOR-00004958,MCH-003-01-04,2026-01-17 04:00:00,72.82,2.421,98.09
SENSOR-00004959,MCH-003-01-04,2026-01-17 08:00:00,76.0,2.234,98.73
SENSOR-00004960,MCH-003-01-04,2026-01-17 12:00:00,73.68,2.502,100.01
SENSOR-00004961,MCH-003-01-04,2026-01-17 16:00:00,77.38,2.401,98.26
SENSOR-00004962,MCH-003-01-04,2026-01-17 20:00:00,76.12,2.199,101.71
SENSOR-00004963,MCH-003-01-04,2026-01-18 00:00:00,74.27,2.047,99.41
SENSOR-00004964,MCH-003-01-04,2026-01-18 04:00:00,76.12,2.224,99.65
SENSOR-00004965,MCH-003-01-04,2026-01-18 08:00:00,75.07,2.414,103.7
SENSOR-00004966,MCH-003-01-04,2026-01-18 12:00:00,70.11,2.937,99.9
SENSOR-00004967,MCH-003-01-04,2026-01-18 16:00:00,77.67,2.46,94.82
SENSOR-00004968,MCH-003-01-04,2026-01-18 20:00:00,71.13,2.297,102.98
SENSOR-00004969,MCH-003-01-04,2026-01-19 00:00:00,81.08,2.342,96.57
SENSOR-00004970,MCH-003-01-04,2026-01-19 04:00:00,73.63,2.527,99.3
SENSOR-00004971,MCH-003-01-04,2026-01-19 08:00:00,80.98,2.659,100.55
SENSOR-00004972,MCH-003-01-04,2026-01-19 12:00:00,67.53,2.255,98.36
SENSOR-00004973,MCH-003-01-04,2026-01-19 16:00:00,72.37,2.476,100.63
SENSOR-00004974,MCH-003-01-04,2026-01-19 20:00:00,68.66,2.629,100.05
SENSOR-00004975,MCH-003-01-04,2026-01-20 00:00:00,71.74,3.065,97.14
SENSOR-00004976,MCH-003-01-04,2026-01-20 04:00:00,79.58,2.338,102.15
SENSOR-00004977,MCH-003-01-04,2026-01-20 08:00:00,75.19,2.155,91.61
SENSOR-00004978,MCH-003-01-04,2026-01-20 12:00:00,85.38,2.446,91.17
SENSOR-00004979,MCH-003-01-04,2026-01-20 16:00:00,76.56,2.601,97.85
SENSOR-00004980,MCH-003-01-04,2026-01-20 20:00:00,72.52,2.423,103.61
SENSOR-00004981,MCH-003-01-04,2026-01-21 00:00:00,77.46,2.443,101.9
SENSOR-00004982,MCH-003-01-04,2026-01-21 04:00:00,78.81,2.561,99.17
SENSOR-00004983,MCH-003-01-04,2026-01-21 08:00:00,77.43,2.987,95.53
SENSOR-00004984,MCH-003-01-04,2026-01-21 12:00:00,77.3,2.886,96.48
SENSOR-00004985,MCH-003-01-04,2026-01-21 16:00:00,79.36,2.712,95.57
SENSOR-00004986,MCH-003-01-04,2026-01-21 20:00:00,78.2,2.36,99.82
SENSOR-00004987,MCH-003-01-04,2026-01-22 00:00:00,75.82,2.529,103.61
SENSOR-00004988,MCH-003-01-04,2026-01-22 04:00:00,76.32,2.31,96.97
SENSOR-00004989,MCH-003-01-04,2026-01-22 08:00:00,76.53,2.399,99.75
SENSOR-00004990,MCH-003-01-04,2026-01-22 12:00:00,76.4,2.558,100.81
SENSOR-00004991,MCH-003-01-04,2026-01-22 16:00:00,74.67,2.228,98.16
SENSOR-00004992,MCH-003-01-04,2026-01-22 20:00:00,78.75,2.322,95.96
SENSOR-00004993,MCH-003-01-04,2026-01-23 00:00:00,66.86,2.96,96.02
SENSOR-00004994,MCH-003-01-04,2026-01-23 04:00:00,71.04,2.624,101.36
SENSOR-00004995,MCH-003-01-04,2026-01-23 08:00:00,75.67,2.286,103.99
SENSOR-00004996,MCH-003-01-04,2026-01-23 12:00:00,75.19,2.037,103.7
SENSOR-00004997,MCH-003-01-04,2026-01-23 16:00:00,76.23,2.707,101.72
SENSOR-00004998,MCH-003-01-04,2026-01-23 20:00:00,84.92,2.351,100.05
SENSOR-00004999,MCH-003-01-04,2026-01-24 00:00:00,74.8,2.209,102.72
SENSOR-00005000,MCH-003-01-04,2026-01-24 04:00:00,73.33,2.478,99.89
SENSOR-00005001,MCH-003-01-04,2026-01-24 08:00:00,77.35,2.786,100.59
SENSOR-00005002,MCH-003-01-04,2026-01-24 12:00:00,78.72,2.464,98.48
SENSOR-00005003,MCH-003-01-04,2026-01-24 16:00:00,74.79,2.357,101.7
SENSOR-00005004,MCH-003-01-04,2026-01-24 20:00:00,75.78,2.23,99.33
SENSOR-00005005,MCH-003-01-04,2026-01-25 00:00:00,73.94,2.896,98.75
SENSOR-00005006,MCH-003-01-04,2026-01-25 04:00:00,76.72,1.796,102.47
SENSOR-00005007,MCH-003-01-04,2026-01-25 08:00:00,80.09,2.165,98.46
SENSOR-00005008,MCH-003-01-04,2026-01-25 12:00:00,77.16,2.433,101.4
SENSOR-00005009,MCH-003-01-04,2026-01-25 16:00:00,74.2,2.894,97.99
SENSOR-00005010,MCH-003-01-04,2026-01-25 20:00:00,86.12,2.739,102.5
SENSOR-00005011,MCH-003-01-04,2026-01-26 00:00:00,71.82,2.314,98.06
SENSOR-00005012,MCH-003-01-04,2026-01-26 04:00:00,77.39,1.998,98.51
SENSOR-00005013,MCH-003-01-04,2026-01-26 08:00:00,68.46,2.35,102.17
SENSOR-00005014,MCH-003-01-04,2026-01-26 12:00:00,78.32,2.246,101.6
SENSOR-00005015,MCH-003-01-04,2026-01-26 16:00:00,74.61,2.768,99.61
SENSOR-00005016,MCH-003-01-04,2026-01-26 20:00:00,63.46,2.652,98.62
SENSOR-00005017,MCH-003-01-04,2026-01-27 00:00:00,74.81,2.502,99.03
SENSOR-00005018,MCH-003-01-04,2026-01-27 04:00:00,80.27,2.502,100.23
SENSOR-00005019,MCH-003-01-04,2026-01-27 08:00:00,76.39,2.611,100.72
SENSOR-00005020,MCH-003-01-04,2026-01-27 12:00:00,68.11,2.701,100.36
SENSOR-00005021,MCH-003-01-04,2026-01-27 16:00:00,78.09,2.327,94.52
SENSOR-00005022,MCH-003-01-04,2026-01-27 20:00:00,66.24,2.192,101.55
SENSOR-00005023,MCH-003-01-04,2026-01-28 00:00:00,73.99,2.517,102.73
SENSOR-00005024,MCH-003-01-04,2026-01-28 04:00:00,72.75,2.153,99.15
SENSOR-00005025,MCH-003-01-04,2026-01-28 08:00:00,72.26,2.738,98.15
SENSOR-00005026,MCH-003-01-04,2026-01-28 12:00:00,75.73,2.674,103.84
SENSOR-00005027,MCH-003-01-04,2026-01-28 16:00:00,76.19,2.524,96.95
SENSOR-00005028,MCH-003-01-04,2026-01-28 20:00:00,79.44,2.744,94.39
SENSOR-00005029,MCH-003-01-04,2026-01-29 00:00:00,74.21,2.101,96.89
SENSOR-00005030,MCH-003-01-04,2026-01-29 04:00:00,70.18,2.297,101.46
SENSOR-00005031,MCH-003-01-04,2026-01-29 08:00:00,72.51,2.672,99.64
SENSOR-00005032,MCH-003-01-04,2026-01-29 12:00:00,74.19,2.432,104.19
SENSOR-00005033,MCH-003-01-04,2026-01-29 16:00:00,69.87,2.842,102.88
SENSOR-00005034,MCH-003-01-04,2026-01-29 20:00:00,75.27,2.724,99.03
SENSOR-00005035,MCH-003-01-04,2026-01-30 00:00:00,78.36,2.183,93.55
SENSOR-00005036,MCH-003-01-04,2026-01-30 04:00:00,72.36,2.637,99.96
SENSOR-00005037,MCH-003-01-04,2026-01-30 08:00:00,73.21,2.442,100.07
SENSOR-00005038,MCH-003-01-04,2026-01-30 12:00:00,77.84,2.025,99.69
SENSOR-00005039,MCH-003-01-04,2026-01-30 16:00:00,75.85,2.087,95.86
SENSOR-00005040,MCH-003-01-04,2026-01-30 20:00:00,73.89,2.43,100.04
SENSOR-00005041,MCH-003-02-01,2026-01-01 00:00:00,81.82,2.377,102.83
SENSOR-00005042,MCH-003-02-01,2026-01-01 04:00:00,72.06,2.598,99.27
SENSOR-00005043,MCH-003-02-01,2026-01-01 08:00:00,77.26,2.319,101.31
SENSOR-00005044,MCH-003-02-01,2026-01-01 12:00:00,83.42,2.323,100.57
SENSOR-00005045,MCH-003-02-01,2026-01-01 16:00:00,80.5,2.492,104.08
SENSOR-00005046,MCH-003-02-01,2026-01-01 20:00:00,75.36,2.537,97.02
SENSOR-00005047,MCH-003-02-01,2026-01-02 00:00:00,84.47,2.705,101.56
SENSOR-00005048,MCH-003-02-01,2026-01-02 04:00:00,79.79,2.938,103.71
SENSOR-00005049,MCH-003-02-01,2026-01-02 08:00:00,72.74,2.766,100.8
SENSOR-00005050,MCH-003-02-01,2026-01-02 12:00:00,76.3,2.123,95.38
SENSOR-00005051,MCH-003-02-01,2026-01-02 16:00:00,75.62,2.2,98.97
SENSOR-00005052,MCH-003-02-01,2026-01-02 20:00:00,79.93,2.421,100.25
SENSOR-00005053,MCH-003-02-01,2026-01-03 00:00:00,78.37,2.652,98.51
SENSOR-00005054,MCH-003-02-01,2026-01-03 04:00:00,74.54,2.551,99.43
SENSOR-00005055,MCH-003-02-01,2026-01-03 08:00:00,85.32,2.47,100.87
SENSOR-00005056,MCH-003-02-01,2026-01-03 12:00:00,78.94,2.916,97.57
SENSOR-00005057,MCH-003-02-01,2026-01-03 16:00:00,82.44,2.529,107.5
SENSOR-00005058,MCH-003-02-01,2026-01-03 20:00:00,78.53,2.259,99.41
SENSOR-00005059,MCH-003-02-01,2026-01-04 00:00:00,72.19,2.609,101.44
SENSOR-00005060,MCH-003-02-01,2026-01-04 04:00:00,77.02,2.253,97.0
SENSOR-00005061,MCH-003-02-01,2026-01-04 08:00:00,79.17,2.371,93.78
SENSOR-00005062,MCH-003-02-01,2026-01-04 12:00:00,78.63,2.348,101.89
SENSOR-00005063,MCH-003-02-01,2026-01-04 16:00:00,76.27,2.504,100.16
SENSOR-00005064,MCH-003-02-01,2026-01-04 20:00:00,72.52,2.36,99.22
SENSOR-00005065,MCH-003-02-01,2026-01-05 00:00:00,81.68,2.157,98.92
SENSOR-00005066,MCH-003-02-01,2026-01-05 04:00:00,76.01,2.71,97.2
SENSOR-00005067,MCH-003-02-01,2026-01-05 08:00:00,74.95,2.255,98.19
SENSOR-00005068,MCH-003-02-01,2026-01-05 12:00:00,74.82,2.488,96.44
SENSOR-00005069,MCH-003-02-01,2026-01-05 16:00:00,81.01,2.684,95.65
SENSOR-00005070,MCH-003-02-01,2026-01-05 20:00:00,77.18,2.175,104.03
SENSOR-00005071,MCH-003-02-01,2026-01-06 00:00:00,82.56,2.805,102.91
SENSOR-00005072,MCH-003-02-01,2026-01-06 04:00:00,77.76,2.278,97.69
SENSOR-00005073,MCH-003-02-01,2026-01-06 08:00:00,77.32,2.266,100.91
SENSOR-00005074,MCH-003-02-01,2026-01-06 12:00:00,80.3,2.703,101.52
SENSOR-00005075,MCH-003-02-01,2026-01-06 16:00:00,69.61,2.9,95.3
SENSOR-00005076,MCH-003-02-01,2026-01-06 20:00:00,76.47,2.721,101.08
SENSOR-00005077,MCH-003-02-01,2026-01-07 00:00:00,76.73,2.856,100.73
SENSOR-00005078,MCH-003-02-01,2026-01-07 04:00:00,74.68,2.656,106.43
SENSOR-00005079,MCH-003-02-01,2026-01-07 08:00:00,80.04,2.551,97.5
SENSOR-00005080,MCH-003-02-01,2026-01-07 12:00:00,74.61,2.736,97.34
SENSOR-00005081,MCH-003-02-01,2026-01-07 16:00:00,77.09,2.926,100.45
SENSOR-00005082,MCH-003-02-01,2026-01-07 20:00:00,72.76,3.111,105.29
SENSOR-00005083,MCH-003-02-01,2026-01-08 00:00:00,78.22,2.695,99.73
SENSOR-00005084,MCH-003-02-01,2026-01-08 04:00:00,76.76,2.601,101.44
SENSOR-00005085,MCH-003-02-01,2026-01-08 08:00:00,77.07,2.549,96.04
SENSOR-00005086,MCH-003-02-01,2026-01-08 12:00:00,85.13,2.7,100.63
SENSOR-00005087,MCH-003-02-01,2026-01-08 16:00:00,74.58,2.315,102.58
SENSOR-00005088,MCH-003-02-01,2026-01-08 20:00:00,76.44,2.721,95.94
SENSOR-00005089,MCH-003-02-01,2026-01-09 00:00:00,81.03,2.619,101.45
SENSOR-00005090,MCH-003-02-01,2026-01-09 04:00:00,77.18,2.316,101.53
SENSOR-00005091,MCH-003-02-01,2026-01-09 08:00:00,76.29,2.561,107.13
SENSOR-00005092,MCH-003-02-01,2026-01-09 12:00:00,80.55,2.798,108.16
SENSOR-00005093,MCH-003-02-01,2026-01-09 16:00:00,78.62,2.596,97.96
SENSOR-00005094,MCH-003-02-01,2026-01-09 20:00:00,75.27,2.054,102.37
SENSOR-00005095,MCH-003-02-01,2026-01-10 00:00:00,73.18,2.177,101.5
SENSOR-00005096,MCH-003-02-01,2026-01-10 04:00:00,81.95,2.465,101.21
SENSOR-00005097,MCH-003-02-01,2026-01-10 08:00:00,75.41,2.747,103.29
SENSOR-00005098,MCH-003-02-01,2026-01-10 12:00:00,76.03,2.309,95.63
SENSOR-00005099,MCH-003-02-01,2026-01-10 16:00:00,80.78,2.282,101.12
SENSOR-00005100,MCH-003-02-01,2026-01-10 20:00:00,80.19,2.441,99.5
SENSOR-00005101,MCH-003-02-01,2026-01-11 00:00:00,70.4,2.628,99.87
SENSOR-00005102,MCH-003-02-01,2026-01-11 04:00:00,82.25,2.915,97.17
SENSOR-00005103,MCH-003-02-01,2026-01-11 08:00:00,77.75,2.424,99.12
SENSOR-00005104,MCH-003-02-01,2026-01-11 12:00:00,79.55,2.482,100.58
SENSOR-00005105,MCH-003-02-01,2026-01-11 16:00:00,80.91,2.945,100.87
SENSOR-00005106,MCH-003-02-01,2026-01-11 20:00:00,77.55,2.289,104.76
SENSOR-00005107,MCH-003-02-01,2026-01-12 00:00:00,76.84,2.149,100.26
SENSOR-00005108,MCH-003-02-01,2026-01-12 04:00:00,83.31,2.372,100.25
SENSOR-00005109,MCH-003-02-01,2026-01-12 08:00:00,77.74,2.802,98.84
SENSOR-00005110,MCH-003-02-01,2026-01-12 12:00:00,73.6,2.709,97.77
SENSOR-00005111,MCH-003-02-01,2026-01-12 16:00:00,69.74,3.026,102.78
SENSOR-00005112,MCH-003-02-01,2026-01-12 20:00:00,84.61,2.785,102.04
SENSOR-00005113,MCH-003-02-01,2026-01-13 00:00:00,79.44,2.462,101.46
SENSOR-00005114,MCH-003-02-01,2026-01-13 04:00:00,81.04,2.682,98.1
SENSOR-00005115,MCH-003-02-01,2026-01-13 08:00:00,82.21,2.752,100.08
SENSOR-00005116,MCH-003-02-01,2026-01-13 12:00:00,76.99,2.66,99.06
SENSOR-00005117,MCH-003-02-01,2026-01-13 16:00:00,70.55,2.754,102.07
SENSOR-00005118,MCH-003-02-01,2026-01-13 20:00:00,67.87,2.694,105.27
SENSOR-00005119,MCH-003-02-01,2026-01-14 00:00:00,79.13,2.414,105.29
SENSOR-00005120,MCH-003-02-01,2026-01-14 04:00:00,75.19,2.219,98.43
SENSOR-00005121,MCH-003-02-01,2026-01-14 08:00:00,79.69,2.367,100.91
SENSOR-00005122,MCH-003-02-01,2026-01-14 12:00:00,79.33,2.264,98.31
SENSOR-00005123,MCH-003-02-01,2026-01-14 16:00:00,78.47,2.742,98.38
SENSOR-00005124,MCH-003-02-01,2026-01-14 20:00:00,77.68,2.495,102.18
SENSOR-00005125,MCH-003-02-01,2026-01-15 00:00:00,76.51,2.404,96.9
SENSOR-00005126,MCH-003-02-01,2026-01-15 04:00:00,75.25,2.732,102.21
SENSOR-00005127,MCH-003-02-01,2026-01-15 08:00:00,78.26,2.492,98.52
SENSOR-00005128,MCH-003-02-01,2026-01-15 12:00:00,73.41,2.427,96.11
SENSOR-00005129,MCH-003-02-01,2026-01-15 16:00:00,82.51,3.025,94.19
SENSOR-00005130,MCH-003-02-01,2026-01-15 20:00:00,78.23,2.634,100.63
SENSOR-00005131,MCH-003-02-01,2026-01-16 00:00:00,75.2,2.412,99.0
SENSOR-00005132,MCH-003-02-01,2026-01-16 04:00:00,78.12,2.665,101.92
SENSOR-00005133,MCH-003-02-01,2026-01-16 08:00:00,80.1,2.523,106.33
SENSOR-00005134,MCH-003-02-01,2026-01-16 12:00:00,82.63,2.488,99.59
SENSOR-00005135,MCH-003-02-01,2026-01-16 16:00:00,75.75,2.657,97.08
SENSOR-00005136,MCH-003-02-01,2026-01-16 20:00:00,73.92,2.024,98.8
SENSOR-00005137,MCH-003-02-01,2026-01-17 00:00:00,74.22,2.48,105.79
SENSOR-00005138,MCH-003-02-01,2026-01-17 04:00:00,78.33,2.611,97.42
SENSOR-00005139,MCH-003-02-01,2026-01-17 08:00:00,76.71,2.745,100.04
SENSOR-00005140,MCH-003-02-01,2026-01-17 12:00:00,75.0,2.494,103.58
SENSOR-00005141,MCH-003-02-01,2026-01-17 16:00:00,79.75,2.7,101.32
SENSOR-00005142,MCH-003-02-01,2026-01-17 20:00:00,72.35,2.634,103.2
SENSOR-00005143,MCH-003-02-01,2026-01-18 00:00:00,81.46,2.527,98.36
SENSOR-00005144,MCH-003-02-01,2026-01-18 04:00:00,70.52,2.498,101.55
SENSOR-00005145,MCH-003-02-01,2026-01-18 08:00:00,80.12,2.216,103.53
SENSOR-00005146,MCH-003-02-01,2026-01-18 12:00:00,73.18,2.536,98.29
SENSOR-00005147,MCH-003-02-01,2026-01-18 16:00:00,78.75,2.59,102.03
SENSOR-00005148,MCH-003-02-01,2026-01-18 20:00:00,84.45,2.666,98.27
SENSOR-00005149,MCH-003-02-01,2026-01-19 00:00:00,74.58,2.613,99.48
SENSOR-00005150,MCH-003-02-01,2026-01-19 04:00:00,79.89,2.623,101.13
SENSOR-00005151,MCH-003-02-01,2026-01-19 08:00:00,81.0,2.705,99.98
SENSOR-00005152,MCH-003-02-01,2026-01-19 12:00:00,68.73,2.695,97.26
SENSOR-00005153,MCH-003-02-01,2026-01-19 16:00:00,76.73,2.659,104.0
SENSOR-00005154,MCH-003-02-01,2026-01-19 20:00:00,84.45,2.336,96.05
SENSOR-00005155,MCH-003-02-01,2026-01-20 00:00:00,79.85,2.485,100.17
SENSOR-00005156,MCH-003-02-01,2026-01-20 04:00:00,86.06,2.327,98.04
SENSOR-00005157,MCH-003-02-01,2026-01-20 08:00:00,79.79,2.813,101.24
SENSOR-00005158,MCH-003-02-01,2026-01-20 12:00:00,84.31,2.646,94.07
SENSOR-00005159,MCH-003-02-01,2026-01-20 16:00:00,77.47,2.423,104.15
SENSOR-00005160,MCH-003-02-01,2026-01-20 20:00:00,80.94,2.169,104.05
SENSOR-00005161,MCH-003-02-01,2026-01-21 00:00:00,73.94,2.364,102.14
SENSOR-00005162,MCH-003-02-01,2026-01-21 04:00:00,74.53,2.185,100.37
SENSOR-00005163,MCH-003-02-01,2026-01-21 08:00:00,75.03,2.266,100.22
SENSOR-00005164,MCH-003-02-01,2026-01-21 12:00:00,80.15,2.571,96.8
SENSOR-00005165,MCH-003-02-01,2026-01-21 16:00:00,79.0,2.825,106.64
SENSOR-00005166,MCH-003-02-01,2026-01-21 20:00:00,82.84,2.315,102.57
SENSOR-00005167,MCH-003-02-01,2026-01-22 00:00:00,70.16,2.142,100.46
SENSOR-00005168,MCH-003-02-01,2026-01-22 04:00:00,77.75,2.106,101.16
SENSOR-00005169,MCH-003-02-01,2026-01-22 08:00:00,81.43,2.512,100.18
SENSOR-00005170,MCH-003-02-01,2026-01-22 12:00:00,79.36,2.676,94.99
SENSOR-00005171,MCH-003-02-01,2026-01-22 16:00:00,73.46,2.467,97.42
SENSOR-00005172,MCH-003-02-01,2026-01-22 20:00:00,82.95,2.725,96.67
SENSOR-00005173,MCH-003-02-01,2026-01-23 00:00:00,87.02,2.626,103.44
SENSOR-00005174,MCH-003-02-01,2026-01-23 04:00:00,75.63,2.691,101.63
SENSOR-00005175,MCH-003-02-01,2026-01-23 08:00:00,73.36,2.327,99.39
SENSOR-00005176,MCH-003-02-01,2026-01-23 12:00:00,81.5,2.108,98.91
SENSOR-00005177,MCH-003-02-01,2026-01-23 16:00:00,82.32,2.258,103.76
SENSOR-00005178,MCH-003-02-01,2026-01-23 20:00:00,72.57,2.337,99.56
SENSOR-00005179,MCH-003-02-01,2026-01-24 00:00:00,76.95,2.641,97.6
SENSOR-00005180,MCH-003-02-01,2026-01-24 04:00:00,77.63,2.268,104.05
SENSOR-00005181,MCH-003-02-01,2026-01-24 08:00:00,72.97,2.676,96.9
SENSOR-00005182,MCH-003-02-01,2026-01-24 12:00:00,74.94,2.473,108.94
SENSOR-00005183,MCH-003-02-01,2026-01-24 16:00:00,77.02,2.361,98.67
SENSOR-00005184,MCH-003-02-01,2026-01-24 20:00:00,71.06,2.526,105.55
SENSOR-00005185,MCH-003-02-01,2026-01-25 00:00:00,81.44,2.502,98.95
SENSOR-00005186,MCH-003-02-01,2026-01-25 04:00:00,82.84,2.289,94.89
SENSOR-00005187,MCH-003-02-01,2026-01-25 08:00:00,73.61,2.663,103.85
SENSOR-00005188,MCH-003-02-01,2026-01-25 12:00:00,74.44,3.02,100.08
SENSOR-00005189,MCH-003-02-01,2026-01-25 16:00:00,76.62,2.354,105.85
SENSOR-00005190,MCH-003-02-01,2026-01-25 20:00:00,76.48,2.233,107.37
SENSOR-00005191,MCH-003-02-01,2026-01-26 00:00:00,75.49,2.692,101.51
SENSOR-00005192,MCH-003-02-01,2026-01-26 04:00:00,80.35,2.726,106.0
SENSOR-00005193,MCH-003-02-01,2026-01-26 08:00:00,81.29,2.514,101.36
SENSOR-00005194,MCH-003-02-01,2026-01-26 12:00:00,82.73,2.329,106.04
SENSOR-00005195,MCH-003-02-01,2026-01-26 16:00:00,73.98,2.791,100.02
SENSOR-00005196,MCH-003-02-01,2026-01-26 20:00:00,76.87,2.24,102.72
SENSOR-00005197,MCH-003-02-01,2026-01-27 00:00:00,72.06,2.263,103.51
SENSOR-00005198,MCH-003-02-01,2026-01-27 04:00:00,79.28,2.531,105.72
SENSOR-00005199,MCH-003-02-01,2026-01-27 08:00:00,84.67,2.676,95.63
SENSOR-00005200,MCH-003-02-01,2026-01-27 12:00:00,76.63,2.358,100.27
SENSOR-00005201,MCH-003-02-01,2026-01-27 16:00:00,73.33,2.267,93.21
SENSOR-00005202,MCH-003-02-01,2026-01-27 20:00:00,77.75,1.992,99.04
SENSOR-00005203,MCH-003-02-01,2026-01-28 00:00:00,83.62,2.616,101.51
SENSOR-00005204,MCH-003-02-01,2026-01-28 04:00:00,74.58,2.622,99.18
SENSOR-00005205,MCH-003-02-01,2026-01-28 08:00:00,77.2,2.728,98.5
SENSOR-00005206,MCH-003-02-01,2026-01-28 12:00:00,75.49,2.445,98.48
SENSOR-00005207,MCH-003-02-01,2026-01-28 16:00:00,77.77,2.475,104.49
SENSOR-00005208,MCH-003-02-01,2026-01-28 20:00:00,87.79,2.424,100.88
SENSOR-00005209,MCH-003-02-01,2026-01-29 00:00:00,75.1,2.867,102.05
SENSOR-00005210,MCH-003-02-01,2026-01-29 04:00:00,76.33,3.008,99.53
SENSOR-00005211,MCH-003-02-01,2026-01-29 08:00:00,81.03,2.621,105.8
SENSOR-00005212,MCH-003-02-01,2026-01-29 12:00:00,80.09,2.578,99.46
SENSOR-00005213,MCH-003-02-01,2026-01-29 16:00:00,77.02,2.385,95.9
SENSOR-00005214,MCH-003-02-01,2026-01-29 20:00:00,78.31,2.433,98.39
SENSOR-00005215,MCH-003-02-01,2026-01-30 00:00:00,75.54,2.426,106.44
SENSOR-00005216,MCH-003-02-01,2026-01-30 04:00:00,74.0,2.008,97.88
SENSOR-00005217,MCH-003-02-01,2026-01-30 08:00:00,69.04,2.328,97.42
SENSOR-00005218,MCH-003-02-01,2026-01-30 12:00:00,77.22,2.054,103.59
SENSOR-00005219,MCH-003-02-01,2026-01-30 16:00:00,69.57,2.534,99.03
SENSOR-00005220,MCH-003-02-01,2026-01-30 20:00:00,80.38,2.654,103.56
SENSOR-00005221,MCH-003-02-02,2026-01-01 00:00:00,80.48,2.845,101.17
SENSOR-00005222,MCH-003-02-02,2026-01-01 04:00:00,73.45,2.922,102.64
SENSOR-00005223,MCH-003-02-02,2026-01-01 08:00:00,79.84,3.002,106.33
SENSOR-00005224,MCH-003-02-02,2026-01-01 12:00:00,83.27,2.396,95.77
SENSOR-00005225,MCH-003-02-02,2026-01-01 16:00:00,80.94,2.754,100.31
SENSOR-00005226,MCH-003-02-02,2026-01-01 20:00:00,80.76,3.247,96.73
SENSOR-00005227,MCH-003-02-02,2026-01-02 00:00:00,84.83,3.016,100.94
SENSOR-00005228,MCH-003-02-02,2026-01-02 04:00:00,87.35,3.243,100.83
SENSOR-00005229,MCH-003-02-02,2026-01-02 08:00:00,90.52,2.798,96.44
SENSOR-00005230,MCH-003-02-02,2026-01-02 12:00:00,81.9,2.862,92.6
SENSOR-00005231,MCH-003-02-02,2026-01-02 16:00:00,79.33,3.041,99.83
SENSOR-00005232,MCH-003-02-02,2026-01-02 20:00:00,78.84,2.966,100.37
SENSOR-00005233,MCH-003-02-02,2026-01-03 00:00:00,78.63,2.99,102.12
SENSOR-00005234,MCH-003-02-02,2026-01-03 04:00:00,81.87,2.874,96.27
SENSOR-00005235,MCH-003-02-02,2026-01-03 08:00:00,79.03,2.569,102.21
SENSOR-00005236,MCH-003-02-02,2026-01-03 12:00:00,85.17,2.945,101.32
SENSOR-00005237,MCH-003-02-02,2026-01-03 16:00:00,85.45,2.981,104.18
SENSOR-00005238,MCH-003-02-02,2026-01-03 20:00:00,77.85,2.868,98.6
SENSOR-00005239,MCH-003-02-02,2026-01-04 00:00:00,86.06,2.777,94.01
SENSOR-00005240,MCH-003-02-02,2026-01-04 04:00:00,74.64,3.021,104.62
SENSOR-00005241,MCH-003-02-02,2026-01-04 08:00:00,76.74,2.887,98.95
SENSOR-00005242,MCH-003-02-02,2026-01-04 12:00:00,89.62,3.52,101.27
SENSOR-00005243,MCH-003-02-02,2026-01-04 16:00:00,85.53,3.173,96.16
SENSOR-00005244,MCH-003-02-02,2026-01-04 20:00:00,84.74,2.7,99.49
SENSOR-00005245,MCH-003-02-02,2026-01-05 00:00:00,82.97,3.053,102.68
SENSOR-00005246,MCH-003-02-02,2026-01-05 04:00:00,85.44,2.879,102.87
SENSOR-00005247,MCH-003-02-02,2026-01-05 08:00:00,80.56,3.016,100.6
SENSOR-00005248,MCH-003-02-02,2026-01-05 12:00:00,78.5,2.77,106.7
SENSOR-00005249,MCH-003-02-02,2026-01-05 16:00:00,78.37,3.048,101.74
SENSOR-00005250,MCH-003-02-02,2026-01-05 20:00:00,81.72,3.123,100.99
SENSOR-00005251,MCH-003-02-02,2026-01-06 00:00:00,82.97,2.899,97.52
SENSOR-00005252,MCH-003-02-02,2026-01-06 04:00:00,78.58,3.564,100.27
SENSOR-00005253,MCH-003-02-02,2026-01-06 08:00:00,80.21,2.804,101.41
SENSOR-00005254,MCH-003-02-02,2026-01-06 12:00:00,79.39,2.682,99.9
SENSOR-00005255,MCH-003-02-02,2026-01-06 16:00:00,81.78,2.851,97.33
SENSOR-00005256,MCH-003-02-02,2026-01-06 20:00:00,80.38,2.838,98.17
SENSOR-00005257,MCH-003-02-02,2026-01-07 00:00:00,83.77,2.87,102.16
SENSOR-00005258,MCH-003-02-02,2026-01-07 04:00:00,83.88,2.513,99.63
SENSOR-00005259,MCH-003-02-02,2026-01-07 08:00:00,85.43,3.025,101.41
SENSOR-00005260,MCH-003-02-02,2026-01-07 12:00:00,78.94,3.019,99.71
SENSOR-00005261,MCH-003-02-02,2026-01-07 16:00:00,81.13,2.786,102.74
SENSOR-00005262,MCH-003-02-02,2026-01-07 20:00:00,83.32,3.016,106.15
SENSOR-00005263,MCH-003-02-02,2026-01-08 00:00:00,83.2,2.901,99.72
SENSOR-00005264,MCH-003-02-02,2026-01-08 04:00:00,76.94,3.302,98.99
SENSOR-00005265,MCH-003-02-02,2026-01-08 08:00:00,78.05,3.091,100.33
SENSOR-00005266,MCH-003-02-02,2026-01-08 12:00:00,80.51,2.839,99.98
SENSOR-00005267,MCH-003-02-02,2026-01-08 16:00:00,87.32,3.073,99.9
SENSOR-00005268,MCH-003-02-02,2026-01-08 20:00:00,85.35,2.962,101.2
SENSOR-00005269,MCH-003-02-02,2026-01-09 00:00:00,82.93,3.787,99.1
SENSOR-00005270,MCH-003-02-02,2026-01-09 04:00:00,88.09,3.364,101.6
SENSOR-00005271,MCH-003-02-02,2026-01-09 08:00:00,82.09,2.979,100.03
SENSOR-00005272,MCH-003-02-02,2026-01-09 12:00:00,86.47,2.737,99.52
SENSOR-00005273,MCH-003-02-02,2026-01-09 16:00:00,80.81,2.524,102.58
SENSOR-00005274,MCH-003-02-02,2026-01-09 20:00:00,86.19,2.797,103.09
SENSOR-00005275,MCH-003-02-02,2026-01-10 00:00:00,87.39,2.811,106.77
SENSOR-00005276,MCH-003-02-02,2026-01-10 04:00:00,79.4,3.015,101.71
SENSOR-00005277,MCH-003-02-02,2026-01-10 08:00:00,80.77,3.301,101.64
SENSOR-00005278,MCH-003-02-02,2026-01-10 12:00:00,81.12,3.298,96.95
SENSOR-00005279,MCH-003-02-02,2026-01-10 16:00:00,79.68,3.096,102.4
SENSOR-00005280,MCH-003-02-02,2026-01-10 20:00:00,83.23,2.924,99.25
SENSOR-00005281,MCH-003-02-02,2026-01-11 00:00:00,78.91,2.701,105.61
SENSOR-00005282,MCH-003-02-02,2026-01-11 04:00:00,77.78,2.817,101.12
SENSOR-00005283,MCH-003-02-02,2026-01-11 08:00:00,81.07,3.099,95.6
SENSOR-00005284,MCH-003-02-02,2026-01-11 12:00:00,81.1,3.125,102.04
SENSOR-00005285,MCH-003-02-02,2026-01-11 16:00:00,79.65,2.7,100.64
SENSOR-00005286,MCH-003-02-02,2026-01-11 20:00:00,76.69,3.276,100.47
SENSOR-00005287,MCH-003-02-02,2026-01-12 00:00:00,87.49,3.02,100.96
SENSOR-00005288,MCH-003-02-02,2026-01-12 04:00:00,79.71,2.708,103.85
SENSOR-00005289,MCH-003-02-02,2026-01-12 08:00:00,84.36,3.127,98.23
SENSOR-00005290,MCH-003-02-02,2026-01-12 12:00:00,88.44,2.898,97.59
SENSOR-00005291,MCH-003-02-02,2026-01-12 16:00:00,79.65,3.348,96.67
SENSOR-00005292,MCH-003-02-02,2026-01-12 20:00:00,78.94,3.68,102.82
SENSOR-00005293,MCH-003-02-02,2026-01-13 00:00:00,85.49,3.049,96.33
SENSOR-00005294,MCH-003-02-02,2026-01-13 04:00:00,73.46,2.965,99.7
SENSOR-00005295,MCH-003-02-02,2026-01-13 08:00:00,80.87,2.86,97.75
SENSOR-00005296,MCH-003-02-02,2026-01-13 12:00:00,78.03,3.303,97.34
SENSOR-00005297,MCH-003-02-02,2026-01-13 16:00:00,80.84,2.946,102.12
SENSOR-00005298,MCH-003-02-02,2026-01-13 20:00:00,78.53,3.2,98.26
SENSOR-00005299,MCH-003-02-02,2026-01-14 00:00:00,81.89,3.006,98.99
SENSOR-00005300,MCH-003-02-02,2026-01-14 04:00:00,82.55,3.196,99.17
SENSOR-00005301,MCH-003-02-02,2026-01-14 08:00:00,73.51,3.084,96.76
SENSOR-00005302,MCH-003-02-02,2026-01-14 12:00:00,84.91,2.955,102.83
SENSOR-00005303,MCH-003-02-02,2026-01-14 16:00:00,78.15,2.822,98.98
SENSOR-00005304,MCH-003-02-02,2026-01-14 20:00:00,76.01,3.233,95.12
SENSOR-00005305,MCH-003-02-02,2026-01-15 00:00:00,78.16,3.042,92.12
SENSOR-00005306,MCH-003-02-02,2026-01-15 04:00:00,74.22,3.096,98.75
SENSOR-00005307,MCH-003-02-02,2026-01-15 08:00:00,78.53,2.942,98.81
SENSOR-00005308,MCH-003-02-02,2026-01-15 12:00:00,77.99,2.546,94.1
SENSOR-00005309,MCH-003-02-02,2026-01-15 16:00:00,84.9,2.85,102.91
SENSOR-00005310,MCH-003-02-02,2026-01-15 20:00:00,80.21,3.044,99.62
SENSOR-00005311,MCH-003-02-02,2026-01-16 00:00:00,81.24,2.942,97.01
SENSOR-00005312,MCH-003-02-02,2026-01-16 04:00:00,76.02,2.968,89.41
SENSOR-00005313,MCH-003-02-02,2026-01-16 08:00:00,81.54,2.719,102.34
SENSOR-00005314,MCH-003-02-02,2026-01-16 12:00:00,86.13,3.223,98.96
SENSOR-00005315,MCH-003-02-02,2026-01-16 16:00:00,77.4,2.752,100.86
SENSOR-00005316,MCH-003-02-02,2026-01-16 20:00:00,75.36,3.304,99.01
SENSOR-00005317,MCH-003-02-02,2026-01-17 00:00:00,81.13,2.932,101.22
SENSOR-00005318,MCH-003-02-02,2026-01-17 04:00:00,83.67,3.658,105.04
SENSOR-00005319,MCH-003-02-02,2026-01-17 08:00:00,74.83,2.92,98.78
SENSOR-00005320,MCH-003-02-02,2026-01-17 12:00:00,87.06,2.876,101.39
SENSOR-00005321,MCH-003-02-02,2026-01-17 16:00:00,72.59,2.577,106.28
SENSOR-00005322,MCH-003-02-02,2026-01-17 20:00:00,82.14,2.706,100.73
SENSOR-00005323,MCH-003-02-02,2026-01-18 00:00:00,78.45,2.772,101.22
SENSOR-00005324,MCH-003-02-02,2026-01-18 04:00:00,80.82,2.952,99.51
SENSOR-00005325,MCH-003-02-02,2026-01-18 08:00:00,86.96,3.282,98.12
SENSOR-00005326,MCH-003-02-02,2026-01-18 12:00:00,74.9,2.777,97.31
SENSOR-00005327,MCH-003-02-02,2026-01-18 16:00:00,85.27,3.185,96.91
SENSOR-00005328,MCH-003-02-02,2026-01-18 20:00:00,78.92,2.586,100.4
SENSOR-00005329,MCH-003-02-02,2026-01-19 00:00:00,75.43,3.157,98.27
SENSOR-00005330,MCH-003-02-02,2026-01-19 04:00:00,86.19,2.951,99.17
SENSOR-00005331,MCH-003-02-02,2026-01-19 08:00:00,87.39,2.63,104.3
SENSOR-00005332,MCH-003-02-02,2026-01-19 12:00:00,79.38,2.996,100.52
SENSOR-00005333,MCH-003-02-02,2026-01-19 16:00:00,80.23,2.765,98.89
SENSOR-00005334,MCH-003-02-02,2026-01-19 20:00:00,77.88,3.446,98.56
SENSOR-00005335,MCH-003-02-02,2026-01-20 00:00:00,74.67,3.333,92.1
SENSOR-00005336,MCH-003-02-02,2026-01-20 04:00:00,82.72,2.897,100.48
SENSOR-00005337,MCH-003-02-02,2026-01-20 08:00:00,77.38,3.043,100.62
SENSOR-00005338,MCH-003-02-02,2026-01-20 12:00:00,92.99,2.988,104.04
SENSOR-00005339,MCH-003-02-02,2026-01-20 16:00:00,75.95,3.21,100.68
SENSOR-00005340,MCH-003-02-02,2026-01-20 20:00:00,83.02,3.026,105.12
SENSOR-00005341,MCH-003-02-02,2026-01-21 00:00:00,80.82,2.819,104.56
SENSOR-00005342,MCH-003-02-02,2026-01-21 04:00:00,83.55,3.271,108.69
SENSOR-00005343,MCH-003-02-02,2026-01-21 08:00:00,82.13,3.331,97.9
SENSOR-00005344,MCH-003-02-02,2026-01-21 12:00:00,86.96,2.753,99.94
SENSOR-00005345,MCH-003-02-02,2026-01-21 16:00:00,84.09,3.129,96.18
SENSOR-00005346,MCH-003-02-02,2026-01-21 20:00:00,78.47,3.108,98.9
SENSOR-00005347,MCH-003-02-02,2026-01-22 00:00:00,80.36,2.579,99.91
SENSOR-00005348,MCH-003-02-02,2026-01-22 04:00:00,83.32,2.461,96.79
SENSOR-00005349,MCH-003-02-02,2026-01-22 08:00:00,76.25,3.152,94.26
SENSOR-00005350,MCH-003-02-02,2026-01-22 12:00:00,81.63,3.135,100.56
SENSOR-00005351,MCH-003-02-02,2026-01-22 16:00:00,80.18,3.042,103.11
SENSOR-00005352,MCH-003-02-02,2026-01-22 20:00:00,81.51,2.396,103.44
SENSOR-00005353,MCH-003-02-02,2026-01-23 00:00:00,80.06,3.14,100.77
SENSOR-00005354,MCH-003-02-02,2026-01-23 04:00:00,79.96,2.8,98.64
SENSOR-00005355,MCH-003-02-02,2026-01-23 08:00:00,80.95,3.101,96.87
SENSOR-00005356,MCH-003-02-02,2026-01-23 12:00:00,87.78,3.102,91.79
SENSOR-00005357,MCH-003-02-02,2026-01-23 16:00:00,82.28,3.216,101.17
SENSOR-00005358,MCH-003-02-02,2026-01-23 20:00:00,80.29,2.94,100.53
SENSOR-00005359,MCH-003-02-02,2026-01-24 00:00:00,77.15,2.889,103.3
SENSOR-00005360,MCH-003-02-02,2026-01-24 04:00:00,86.9,3.523,99.89
SENSOR-00005361,MCH-003-02-02,2026-01-24 08:00:00,83.89,2.777,92.48
SENSOR-00005362,MCH-003-02-02,2026-01-24 12:00:00,81.78,2.667,101.93
SENSOR-00005363,MCH-003-02-02,2026-01-24 16:00:00,74.42,2.77,100.8
SENSOR-00005364,MCH-003-02-02,2026-01-24 20:00:00,83.43,2.943,105.6
SENSOR-00005365,MCH-003-02-02,2026-01-25 00:00:00,83.69,2.817,97.22
SENSOR-00005366,MCH-003-02-02,2026-01-25 04:00:00,78.91,2.914,102.74
SENSOR-00005367,MCH-003-02-02,2026-01-25 08:00:00,78.5,3.181,100.59
SENSOR-00005368,MCH-003-02-02,2026-01-25 12:00:00,82.51,3.212,102.53
SENSOR-00005369,MCH-003-02-02,2026-01-25 16:00:00,76.32,2.684,99.31
SENSOR-00005370,MCH-003-02-02,2026-01-25 20:00:00,83.37,3.296,100.2
SENSOR-00005371,MCH-003-02-02,2026-01-26 00:00:00,86.53,2.877,103.22
SENSOR-00005372,MCH-003-02-02,2026-01-26 04:00:00,90.73,2.975,103.51
SENSOR-00005373,MCH-003-02-02,2026-01-26 08:00:00,91.62,3.056,99.86
SENSOR-00005374,MCH-003-02-02,2026-01-26 12:00:00,85.55,3.251,99.88
SENSOR-00005375,MCH-003-02-02,2026-01-26 16:00:00,80.01,3.385,99.19
SENSOR-00005376,MCH-003-02-02,2026-01-26 20:00:00,86.72,3.021,105.48
SENSOR-00005377,MCH-003-02-02,2026-01-27 00:00:00,86.79,2.949,97.22
SENSOR-00005378,MCH-003-02-02,2026-01-27 04:00:00,80.89,2.746,100.21
SENSOR-00005379,MCH-003-02-02,2026-01-27 08:00:00,80.83,2.827,101.4
SENSOR-00005380,MCH-003-02-02,2026-01-27 12:00:00,88.26,3.037,104.03
SENSOR-00005381,MCH-003-02-02,2026-01-27 16:00:00,88.26,2.809,100.82
SENSOR-00005382,MCH-003-02-02,2026-01-27 20:00:00,80.24,2.585,101.07
SENSOR-00005383,MCH-003-02-02,2026-01-28 00:00:00,86.45,2.875,100.33
SENSOR-00005384,MCH-003-02-02,2026-01-28 04:00:00,81.15,3.082,103.13
SENSOR-00005385,MCH-003-02-02,2026-01-28 08:00:00,85.28,2.839,103.63
SENSOR-00005386,MCH-003-02-02,2026-01-28 12:00:00,78.28,2.77,99.62
SENSOR-00005387,MCH-003-02-02,2026-01-28 16:00:00,86.13,2.663,102.67
SENSOR-00005388,MCH-003-02-02,2026-01-28 20:00:00,81.72,2.847,103.29
SENSOR-00005389,MCH-003-02-02,2026-01-29 00:00:00,85.02,3.124,103.18
SENSOR-00005390,MCH-003-02-02,2026-01-29 04:00:00,83.84,2.42,104.33
SENSOR-00005391,MCH-003-02-02,2026-01-29 08:00:00,78.59,3.034,100.54
SENSOR-00005392,MCH-003-02-02,2026-01-29 12:00:00,82.13,2.679,94.18
SENSOR-00005393,MCH-003-02-02,2026-01-29 16:00:00,77.93,3.162,95.66
SENSOR-00005394,MCH-003-02-02,2026-01-29 20:00:00,78.42,3.06,96.92
SENSOR-00005395,MCH-003-02-02,2026-01-30 00:00:00,82.44,3.136,99.47
SENSOR-00005396,MCH-003-02-02,2026-01-30 04:00:00,85.6,3.153,102.72
SENSOR-00005397,MCH-003-02-02,2026-01-30 08:00:00,83.55,3.231,101.16
SENSOR-00005398,MCH-003-02-02,2026-01-30 12:00:00,75.27,2.757,99.37
SENSOR-00005399,MCH-003-02-02,2026-01-30 16:00:00,81.59,3.045,97.58
SENSOR-00005400,MCH-003-02-02,2026-01-30 20:00:00,89.98,2.93,99.98
SENSOR-00005401,MCH-003-02-03,2026-01-01 00:00:00,72.23,2.27,100.37
SENSOR-00005402,MCH-003-02-03,2026-01-01 04:00:00,76.42,2.385,100.37
SENSOR-00005403,MCH-003-02-03,2026-01-01 08:00:00,78.18,2.41,98.44
SENSOR-00005404,MCH-003-02-03,2026-01-01 12:00:00,78.21,2.332,98.19
SENSOR-00005405,MCH-003-02-03,2026-01-01 16:00:00,79.48,2.582,98.57
SENSOR-00005406,MCH-003-02-03,2026-01-01 20:00:00,73.73,2.334,99.6
SENSOR-00005407,MCH-003-02-03,2026-01-02 00:00:00,74.6,2.772,100.88
SENSOR-00005408,MCH-003-02-03,2026-01-02 04:00:00,82.36,2.767,97.92
SENSOR-00005409,MCH-003-02-03,2026-01-02 08:00:00,89.01,2.726,98.35
SENSOR-00005410,MCH-003-02-03,2026-01-02 12:00:00,78.17,2.745,101.78
SENSOR-00005411,MCH-003-02-03,2026-01-02 16:00:00,79.33,2.829,102.6
SENSOR-00005412,MCH-003-02-03,2026-01-02 20:00:00,73.95,3.115,105.91
SENSOR-00005413,MCH-003-02-03,2026-01-03 00:00:00,77.31,2.538,101.48
SENSOR-00005414,MCH-003-02-03,2026-01-03 04:00:00,70.37,2.585,100.24
SENSOR-00005415,MCH-003-02-03,2026-01-03 08:00:00,77.67,2.246,101.34
SENSOR-00005416,MCH-003-02-03,2026-01-03 12:00:00,81.58,2.689,99.31
SENSOR-00005417,MCH-003-02-03,2026-01-03 16:00:00,88.1,2.356,102.32
SENSOR-00005418,MCH-003-02-03,2026-01-03 20:00:00,78.32,3.091,101.16
SENSOR-00005419,MCH-003-02-03,2026-01-04 00:00:00,72.16,1.963,103.62
SENSOR-00005420,MCH-003-02-03,2026-01-04 04:00:00,76.96,2.829,99.67
SENSOR-00005421,MCH-003-02-03,2026-01-04 08:00:00,81.44,2.556,101.23
SENSOR-00005422,MCH-003-02-03,2026-01-04 12:00:00,78.4,2.672,105.05
SENSOR-00005423,MCH-003-02-03,2026-01-04 16:00:00,70.85,2.57,100.59
SENSOR-00005424,MCH-003-02-03,2026-01-04 20:00:00,77.54,2.488,98.4
SENSOR-00005425,MCH-003-02-03,2026-01-05 00:00:00,72.67,2.137,101.08
SENSOR-00005426,MCH-003-02-03,2026-01-05 04:00:00,80.69,2.659,102.02
SENSOR-00005427,MCH-003-02-03,2026-01-05 08:00:00,79.45,2.217,100.84
SENSOR-00005428,MCH-003-02-03,2026-01-05 12:00:00,82.61,2.63,96.07
SENSOR-00005429,MCH-003-02-03,2026-01-05 16:00:00,76.01,2.727,105.39
SENSOR-00005430,MCH-003-02-03,2026-01-05 20:00:00,69.52,2.678,97.2
SENSOR-00005431,MCH-003-02-03,2026-01-06 00:00:00,78.87,2.944,102.49
SENSOR-00005432,MCH-003-02-03,2026-01-06 04:00:00,79.6,2.415,102.96
SENSOR-00005433,MCH-003-02-03,2026-01-06 08:00:00,85.51,2.557,100.28
SENSOR-00005434,MCH-003-02-03,2026-01-06 12:00:00,73.08,2.408,96.78
SENSOR-00005435,MCH-003-02-03,2026-01-06 16:00:00,77.87,2.502,101.12
SENSOR-00005436,MCH-003-02-03,2026-01-06 20:00:00,73.78,2.546,97.14
SENSOR-00005437,MCH-003-02-03,2026-01-07 00:00:00,78.21,2.12,96.27
SENSOR-00005438,MCH-003-02-03,2026-01-07 04:00:00,75.78,2.931,101.58
SENSOR-00005439,MCH-003-02-03,2026-01-07 08:00:00,77.86,2.356,96.68
SENSOR-00005440,MCH-003-02-03,2026-01-07 12:00:00,78.45,2.763,100.63
SENSOR-00005441,MCH-003-02-03,2026-01-07 16:00:00,84.18,2.417,100.54
SENSOR-00005442,MCH-003-02-03,2026-01-07 20:00:00,70.57,2.64,104.41
SENSOR-00005443,MCH-003-02-03,2026-01-08 00:00:00,72.04,2.346,101.81
SENSOR-00005444,MCH-003-02-03,2026-01-08 04:00:00,76.13,2.865,100.93
SENSOR-00005445,MCH-003-02-03,2026-01-08 08:00:00,77.57,2.545,100.88
SENSOR-00005446,MCH-003-02-03,2026-01-08 12:00:00,80.56,2.721,98.73
SENSOR-00005447,MCH-003-02-03,2026-01-08 16:00:00,82.3,2.752,101.16
SENSOR-00005448,MCH-003-02-03,2026-01-08 20:00:00,77.71,2.713,94.5
SENSOR-00005449,MCH-003-02-03,2026-01-09 00:00:00,73.89,2.474,98.2
SENSOR-00005450,MCH-003-02-03,2026-01-09 04:00:00,84.68,2.54,98.36
SENSOR-00005451,MCH-003-02-03,2026-01-09 08:00:00,68.98,2.36,101.58
SENSOR-00005452,MCH-003-02-03,2026-01-09 12:00:00,79.44,2.425,98.21
SENSOR-00005453,MCH-003-02-03,2026-01-09 16:00:00,84.78,3.262,103.45
SENSOR-00005454,MCH-003-02-03,2026-01-09 20:00:00,83.58,3.03,106.64
SENSOR-00005455,MCH-003-02-03,2026-01-10 00:00:00,74.85,2.289,103.19
SENSOR-00005456,MCH-003-02-03,2026-01-10 04:00:00,77.37,2.732,101.4
SENSOR-00005457,MCH-003-02-03,2026-01-10 08:00:00,76.52,2.835,101.36
SENSOR-00005458,MCH-003-02-03,2026-01-10 12:00:00,76.07,2.167,101.56
SENSOR-00005459,MCH-003-02-03,2026-01-10 16:00:00,72.3,2.683,100.24
SENSOR-00005460,MCH-003-02-03,2026-01-10 20:00:00,71.9,2.652,100.57
SENSOR-00005461,MCH-003-02-03,2026-01-11 00:00:00,76.51,2.103,104.45
SENSOR-00005462,MCH-003-02-03,2026-01-11 04:00:00,69.52,2.734,106.33
SENSOR-00005463,MCH-003-02-03,2026-01-11 08:00:00,77.94,2.66,101.14
SENSOR-00005464,MCH-003-02-03,2026-01-11 12:00:00,78.14,3.175,97.47
SENSOR-00005465,MCH-003-02-03,2026-01-11 16:00:00,73.47,2.506,105.22
SENSOR-00005466,MCH-003-02-03,2026-01-11 20:00:00,75.04,2.695,103.21
SENSOR-00005467,MCH-003-02-03,2026-01-12 00:00:00,79.28,2.212,100.4
SENSOR-00005468,MCH-003-02-03,2026-01-12 04:00:00,76.2,2.756,102.11
SENSOR-00005469,MCH-003-02-03,2026-01-12 08:00:00,83.01,2.922,99.8
SENSOR-00005470,MCH-003-02-03,2026-01-12 12:00:00,73.57,2.381,100.91
SENSOR-00005471,MCH-003-02-03,2026-01-12 16:00:00,77.97,2.652,98.39
SENSOR-00005472,MCH-003-02-03,2026-01-12 20:00:00,83.09,2.219,98.23
SENSOR-00005473,MCH-003-02-03,2026-01-13 00:00:00,78.35,2.305,98.61
SENSOR-00005474,MCH-003-02-03,2026-01-13 04:00:00,78.76,2.908,103.84
SENSOR-00005475,MCH-003-02-03,2026-01-13 08:00:00,85.73,2.709,98.76
SENSOR-00005476,MCH-003-02-03,2026-01-13 12:00:00,77.09,2.559,98.78
SENSOR-00005477,MCH-003-02-03,2026-01-13 16:00:00,78.88,2.695,96.48
SENSOR-00005478,MCH-003-02-03,2026-01-13 20:00:00,81.7,2.128,99.33
SENSOR-00005479,MCH-003-02-03,2026-01-14 00:00:00,79.83,2.472,101.74
SENSOR-00005480,MCH-003-02-03,2026-01-14 04:00:00,72.71,2.802,94.93
SENSOR-00005481,MCH-003-02-03,2026-01-14 08:00:00,82.62,2.469,104.59
SENSOR-00005482,MCH-003-02-03,2026-01-14 12:00:00,73.98,3.069,97.13
SENSOR-00005483,MCH-003-02-03,2026-01-14 16:00:00,70.17,2.598,103.7
SENSOR-00005484,MCH-003-02-03,2026-01-14 20:00:00,80.51,2.878,102.43
SENSOR-00005485,MCH-003-02-03,2026-01-15 00:00:00,75.1,2.413,105.69
SENSOR-00005486,MCH-003-02-03,2026-01-15 04:00:00,74.77,2.912,96.91
SENSOR-00005487,MCH-003-02-03,2026-01-15 08:00:00,79.37,2.653,103.7
SENSOR-00005488,MCH-003-02-03,2026-01-15 12:00:00,81.7,2.608,98.39
SENSOR-00005489,MCH-003-02-03,2026-01-15 16:00:00,83.84,2.428,93.2
SENSOR-00005490,MCH-003-02-03,2026-01-15 20:00:00,69.91,2.184,101.79
SENSOR-00005491,MCH-003-02-03,2026-01-16 00:00:00,87.77,2.624,101.07
SENSOR-00005492,MCH-003-02-03,2026-01-16 04:00:00,77.68,2.484,102.85
SENSOR-00005493,MCH-003-02-03,2026-01-16 08:00:00,72.71,2.087,99.55
SENSOR-00005494,MCH-003-02-03,2026-01-16 12:00:00,80.61,2.442,100.56
SENSOR-00005495,MCH-003-02-03,2026-01-16 16:00:00,72.46,2.853,101.96
SENSOR-00005496,MCH-003-02-03,2026-01-16 20:00:00,77.42,2.63,95.82
SENSOR-00005497,MCH-003-02-03,2026-01-17 00:00:00,78.58,2.536,99.62
SENSOR-00005498,MCH-003-02-03,2026-01-17 04:00:00,78.02,3.013,102.75
SENSOR-00005499,MCH-003-02-03,2026-01-17 08:00:00,80.64,2.474,97.31
SENSOR-00005500,MCH-003-02-03,2026-01-17 12:00:00,78.9,2.898,105.17
SENSOR-00005501,MCH-003-02-03,2026-01-17 16:00:00,67.53,3.199,101.25
SENSOR-00005502,MCH-003-02-03,2026-01-17 20:00:00,80.98,2.153,99.29
SENSOR-00005503,MCH-003-02-03,2026-01-18 00:00:00,80.13,2.846,97.87
SENSOR-00005504,MCH-003-02-03,2026-01-18 04:00:00,81.12,2.457,100.05
SENSOR-00005505,MCH-003-02-03,2026-01-18 08:00:00,80.03,2.799,100.95
SENSOR-00005506,MCH-003-02-03,2026-01-18 12:00:00,73.02,2.12,99.44
SENSOR-00005507,MCH-003-02-03,2026-01-18 16:00:00,81.23,2.7,100.73
SENSOR-00005508,MCH-003-02-03,2026-01-18 20:00:00,77.32,2.665,97.02
SENSOR-00005509,MCH-003-02-03,2026-01-19 00:00:00,75.78,2.016,99.32
SENSOR-00005510,MCH-003-02-03,2026-01-19 04:00:00,78.13,2.625,100.5
SENSOR-00005511,MCH-003-02-03,2026-01-19 08:00:00,75.32,2.507,96.62
SENSOR-00005512,MCH-003-02-03,2026-01-19 12:00:00,69.36,2.561,97.76
SENSOR-00005513,MCH-003-02-03,2026-01-19 16:00:00,81.66,2.042,100.87
SENSOR-00005514,MCH-003-02-03,2026-01-19 20:00:00,85.83,2.542,99.99
SENSOR-00005515,MCH-003-02-03,2026-01-20 00:00:00,75.24,2.945,100.75
SENSOR-00005516,MCH-003-02-03,2026-01-20 04:00:00,76.06,2.5,99.56
SENSOR-00005517,MCH-003-02-03,2026-01-20 08:00:00,86.93,2.258,103.25
SENSOR-00005518,MCH-003-02-03,2026-01-20 12:00:00,79.62,2.972,101.89
SENSOR-00005519,MCH-003-02-03,2026-01-20 16:00:00,77.36,2.843,100.69
SENSOR-00005520,MCH-003-02-03,2026-01-20 20:00:00,80.36,2.945,100.28
SENSOR-00005521,MCH-003-02-03,2026-01-21 00:00:00,72.2,2.31,98.29
SENSOR-00005522,MCH-003-02-03,2026-01-21 04:00:00,75.42,2.65,99.52
SENSOR-00005523,MCH-003-02-03,2026-01-21 08:00:00,78.82,2.7,102.22
SENSOR-00005524,MCH-003-02-03,2026-01-21 12:00:00,69.71,2.306,101.66
SENSOR-00005525,MCH-003-02-03,2026-01-21 16:00:00,78.19,2.832,95.37
SENSOR-00005526,MCH-003-02-03,2026-01-21 20:00:00,75.44,2.513,100.5
SENSOR-00005527,MCH-003-02-03,2026-01-22 00:00:00,78.36,2.192,99.94
SENSOR-00005528,MCH-003-02-03,2026-01-22 04:00:00,71.5,2.714,96.65
SENSOR-00005529,MCH-003-02-03,2026-01-22 08:00:00,78.0,2.667,100.23
SENSOR-00005530,MCH-003-02-03,2026-01-22 12:00:00,74.82,2.535,103.54
SENSOR-00005531,MCH-003-02-03,2026-01-22 16:00:00,75.65,2.593,98.33
SENSOR-00005532,MCH-003-02-03,2026-01-22 20:00:00,81.43,2.607,97.71
SENSOR-00005533,MCH-003-02-03,2026-01-23 00:00:00,76.27,2.58,99.94
SENSOR-00005534,MCH-003-02-03,2026-01-23 04:00:00,78.87,2.501,97.25
SENSOR-00005535,MCH-003-02-03,2026-01-23 08:00:00,81.15,2.307,97.59
SENSOR-00005536,MCH-003-02-03,2026-01-23 12:00:00,72.82,2.741,100.32
SENSOR-00005537,MCH-003-02-03,2026-01-23 16:00:00,80.88,2.391,96.24
SENSOR-00005538,MCH-003-02-03,2026-01-23 20:00:00,75.57,2.542,100.63
SENSOR-00005539,MCH-003-02-03,2026-01-24 00:00:00,74.07,2.476,103.66
SENSOR-00005540,MCH-003-02-03,2026-01-24 04:00:00,85.2,2.854,105.66
SENSOR-00005541,MCH-003-02-03,2026-01-24 08:00:00,74.58,2.192,99.84
SENSOR-00005542,MCH-003-02-03,2026-01-24 12:00:00,80.56,2.124,97.22
SENSOR-00005543,MCH-003-02-03,2026-01-24 16:00:00,74.08,2.677,100.68
SENSOR-00005544,MCH-003-02-03,2026-01-24 20:00:00,74.24,2.632,96.57
SENSOR-00005545,MCH-003-02-03,2026-01-25 00:00:00,78.88,2.495,98.25
SENSOR-00005546,MCH-003-02-03,2026-01-25 04:00:00,72.62,2.571,100.92
SENSOR-00005547,MCH-003-02-03,2026-01-25 08:00:00,69.69,2.247,98.45
SENSOR-00005548,MCH-003-02-03,2026-01-25 12:00:00,72.95,2.598,100.55
SENSOR-00005549,MCH-003-02-03,2026-01-25 16:00:00,76.85,2.725,98.25
SENSOR-00005550,MCH-003-02-03,2026-01-25 20:00:00,77.16,2.337,100.85
SENSOR-00005551,MCH-003-02-03,2026-01-26 00:00:00,74.75,2.22,100.62
SENSOR-00005552,MCH-003-02-03,2026-01-26 04:00:00,82.08,2.943,96.73
SENSOR-00005553,MCH-003-02-03,2026-01-26 08:00:00,80.49,2.609,92.81
SENSOR-00005554,MCH-003-02-03,2026-01-26 12:00:00,76.01,2.477,103.63
SENSOR-00005555,MCH-003-02-03,2026-01-26 16:00:00,73.86,2.728,99.68
SENSOR-00005556,MCH-003-02-03,2026-01-26 20:00:00,71.56,2.449,104.59
SENSOR-00005557,MCH-003-02-03,2026-01-27 00:00:00,70.41,2.796,94.64
SENSOR-00005558,MCH-003-02-03,2026-01-27 04:00:00,74.04,2.608,107.56
SENSOR-00005559,MCH-003-02-03,2026-01-27 08:00:00,80.61,2.467,100.08
SENSOR-00005560,MCH-003-02-03,2026-01-27 12:00:00,81.02,2.943,99.26
SENSOR-00005561,MCH-003-02-03,2026-01-27 16:00:00,76.47,2.38,102.0
SENSOR-00005562,MCH-003-02-03,2026-01-27 20:00:00,81.45,2.103,98.81
SENSOR-00005563,MCH-003-02-03,2026-01-28 00:00:00,81.23,2.483,98.81
SENSOR-00005564,MCH-003-02-03,2026-01-28 04:00:00,75.78,2.858,99.8
SENSOR-00005565,MCH-003-02-03,2026-01-28 08:00:00,76.18,2.685,105.49
SENSOR-00005566,MCH-003-02-03,2026-01-28 12:00:00,77.64,2.52,105.83
SENSOR-00005567,MCH-003-02-03,2026-01-28 16:00:00,82.66,2.884,98.5
SENSOR-00005568,MCH-003-02-03,2026-01-28 20:00:00,74.94,2.129,102.89
SENSOR-00005569,MCH-003-02-03,2026-01-29 00:00:00,75.67,3.244,96.39
SENSOR-00005570,MCH-003-02-03,2026-01-29 04:00:00,74.46,2.765,96.96
SENSOR-00005571,MCH-003-02-03,2026-01-29 08:00:00,72.99,2.87,101.82
SENSOR-00005572,MCH-003-02-03,2026-01-29 12:00:00,79.28,2.633,97.92
SENSOR-00005573,MCH-003-02-03,2026-01-29 16:00:00,76.33,2.568,102.54
SENSOR-00005574,MCH-003-02-03,2026-01-29 20:00:00,79.05,2.356,102.37
SENSOR-00005575,MCH-003-02-03,2026-01-30 00:00:00,83.06,2.751,98.59
SENSOR-00005576,MCH-003-02-03,2026-01-30 04:00:00,76.81,2.72,101.9
SENSOR-00005577,MCH-003-02-03,2026-01-30 08:00:00,77.43,2.678,101.08
SENSOR-00005578,MCH-003-02-03,2026-01-30 12:00:00,76.97,2.436,102.23
SENSOR-00005579,MCH-003-02-03,2026-01-30 16:00:00,78.51,2.067,97.52
SENSOR-00005580,MCH-003-02-03,2026-01-30 20:00:00,75.42,2.537,103.61
SENSOR-00005581,MCH-003-02-04,2026-01-01 00:00:00,77.2,2.514,100.57
SENSOR-00005582,MCH-003-02-04,2026-01-01 04:00:00,72.64,3.103,101.08
SENSOR-00005583,MCH-003-02-04,2026-01-01 08:00:00,78.03,2.271,100.57
SENSOR-00005584,MCH-003-02-04,2026-01-01 12:00:00,75.7,1.92,97.85
SENSOR-00005585,MCH-003-02-04,2026-01-01 16:00:00,72.04,2.248,96.79
SENSOR-00005586,MCH-003-02-04,2026-01-01 20:00:00,75.15,2.748,100.39
SENSOR-00005587,MCH-003-02-04,2026-01-02 00:00:00,72.46,2.446,98.01
SENSOR-00005588,MCH-003-02-04,2026-01-02 04:00:00,71.74,1.993,100.19
SENSOR-00005589,MCH-003-02-04,2026-01-02 08:00:00,79.25,2.575,104.48
SENSOR-00005590,MCH-003-02-04,2026-01-02 12:00:00,72.28,2.611,96.69
SENSOR-00005591,MCH-003-02-04,2026-01-02 16:00:00,77.82,2.809,101.5
SENSOR-00005592,MCH-003-02-04,2026-01-02 20:00:00,81.63,2.249,99.6
SENSOR-00005593,MCH-003-02-04,2026-01-03 00:00:00,67.39,2.249,95.85
SENSOR-00005594,MCH-003-02-04,2026-01-03 04:00:00,71.64,2.292,99.56
SENSOR-00005595,MCH-003-02-04,2026-01-03 08:00:00,72.31,2.946,96.22
SENSOR-00005596,MCH-003-02-04,2026-01-03 12:00:00,79.82,2.358,98.03
SENSOR-00005597,MCH-003-02-04,2026-01-03 16:00:00,77.33,2.285,97.58
SENSOR-00005598,MCH-003-02-04,2026-01-03 20:00:00,82.14,1.85,99.27
SENSOR-00005599,MCH-003-02-04,2026-01-04 00:00:00,70.19,2.157,102.56
SENSOR-00005600,MCH-003-02-04,2026-01-04 04:00:00,66.89,2.66,103.22
SENSOR-00005601,MCH-003-02-04,2026-01-04 08:00:00,73.65,2.047,101.67
SENSOR-00005602,MCH-003-02-04,2026-01-04 12:00:00,73.03,2.019,105.73
SENSOR-00005603,MCH-003-02-04,2026-01-04 16:00:00,71.44,2.03,100.86
SENSOR-00005604,MCH-003-02-04,2026-01-04 20:00:00,74.71,2.77,98.86
SENSOR-00005605,MCH-003-02-04,2026-01-05 00:00:00,73.54,2.599,104.16
SENSOR-00005606,MCH-003-02-04,2026-01-05 04:00:00,72.27,2.999,97.86
SENSOR-00005607,MCH-003-02-04,2026-01-05 08:00:00,72.16,2.533,101.32
SENSOR-00005608,MCH-003-02-04,2026-01-05 12:00:00,75.27,2.603,100.76
SENSOR-00005609,MCH-003-02-04,2026-01-05 16:00:00,83.24,2.385,97.44
SENSOR-00005610,MCH-003-02-04,2026-01-05 20:00:00,72.77,2.516,101.46
SENSOR-00005611,MCH-003-02-04,2026-01-06 00:00:00,76.87,2.432,102.53
SENSOR-00005612,MCH-003-02-04,2026-01-06 04:00:00,73.24,2.5,103.99
SENSOR-00005613,MCH-003-02-04,2026-01-06 08:00:00,78.26,2.391,100.6
SENSOR-00005614,MCH-003-02-04,2026-01-06 12:00:00,78.01,2.579,102.25
SENSOR-00005615,MCH-003-02-04,2026-01-06 16:00:00,76.34,2.192,98.0
SENSOR-00005616,MCH-003-02-04,2026-01-06 20:00:00,76.82,2.606,102.11
SENSOR-00005617,MCH-003-02-04,2026-01-07 00:00:00,71.01,2.311,96.43
SENSOR-00005618,MCH-003-02-04,2026-01-07 04:00:00,68.8,2.105,100.26
SENSOR-00005619,MCH-003-02-04,2026-01-07 08:00:00,72.03,2.273,101.23
SENSOR-00005620,MCH-003-02-04,2026-01-07 12:00:00,68.78,2.419,102.54
SENSOR-00005621,MCH-003-02-04,2026-01-07 16:00:00,78.72,2.527,99.84
SENSOR-00005622,MCH-003-02-04,2026-01-07 20:00:00,72.48,2.378,104.96
SENSOR-00005623,MCH-003-02-04,2026-01-08 00:00:00,67.18,2.518,98.57
SENSOR-00005624,MCH-003-02-04,2026-01-08 04:00:00,67.36,2.155,99.89
SENSOR-00005625,MCH-003-02-04,2026-01-08 08:00:00,75.38,2.583,102.42
SENSOR-00005626,MCH-003-02-04,2026-01-08 12:00:00,68.79,2.493,102.19
SENSOR-00005627,MCH-003-02-04,2026-01-08 16:00:00,75.85,2.524,94.2
SENSOR-00005628,MCH-003-02-04,2026-01-08 20:00:00,71.02,2.74,99.16
SENSOR-00005629,MCH-003-02-04,2026-01-09 00:00:00,72.52,2.599,99.2
SENSOR-00005630,MCH-003-02-04,2026-01-09 04:00:00,75.69,1.737,98.99
SENSOR-00005631,MCH-003-02-04,2026-01-09 08:00:00,80.03,2.572,102.66
SENSOR-00005632,MCH-003-02-04,2026-01-09 12:00:00,75.19,2.817,100.87
SENSOR-00005633,MCH-003-02-04,2026-01-09 16:00:00,72.34,2.612,102.77
SENSOR-00005634,MCH-003-02-04,2026-01-09 20:00:00,77.5,2.298,100.84
SENSOR-00005635,MCH-003-02-04,2026-01-10 00:00:00,71.47,2.197,94.17
SENSOR-00005636,MCH-003-02-04,2026-01-10 04:00:00,78.44,2.376,98.95
SENSOR-00005637,MCH-003-02-04,2026-01-10 08:00:00,73.79,2.545,98.56
SENSOR-00005638,MCH-003-02-04,2026-01-10 12:00:00,67.02,2.075,95.97
SENSOR-00005639,MCH-003-02-04,2026-01-10 16:00:00,76.08,2.631,104.4
SENSOR-00005640,MCH-003-02-04,2026-01-10 20:00:00,68.44,2.553,98.15
SENSOR-00005641,MCH-003-02-04,2026-01-11 00:00:00,77.45,2.788,98.93
SENSOR-00005642,MCH-003-02-04,2026-01-11 04:00:00,72.09,2.027,100.73
SENSOR-00005643,MCH-003-02-04,2026-01-11 08:00:00,79.9,2.718,104.14
SENSOR-00005644,MCH-003-02-04,2026-01-11 12:00:00,76.64,2.421,103.85
SENSOR-00005645,MCH-003-02-04,2026-01-11 16:00:00,70.54,2.288,105.13
SENSOR-00005646,MCH-003-02-04,2026-01-11 20:00:00,70.68,2.39,101.89
SENSOR-00005647,MCH-003-02-04,2026-01-12 00:00:00,82.75,2.079,99.96
SENSOR-00005648,MCH-003-02-04,2026-01-12 04:00:00,75.52,2.502,103.82
SENSOR-00005649,MCH-003-02-04,2026-01-12 08:00:00,82.33,2.408,103.37
SENSOR-00005650,MCH-003-02-04,2026-01-12 12:00:00,77.57,2.393,94.91
SENSOR-00005651,MCH-003-02-04,2026-01-12 16:00:00,79.05,2.55,101.17
SENSOR-00005652,MCH-003-02-04,2026-01-12 20:00:00,71.05,2.888,100.46
SENSOR-00005653,MCH-003-02-04,2026-01-13 00:00:00,72.17,2.639,102.51
SENSOR-00005654,MCH-003-02-04,2026-01-13 04:00:00,77.25,2.19,96.01
SENSOR-00005655,MCH-003-02-04,2026-01-13 08:00:00,75.28,2.631,103.12
SENSOR-00005656,MCH-003-02-04,2026-01-13 12:00:00,77.32,2.286,97.59
SENSOR-00005657,MCH-003-02-04,2026-01-13 16:00:00,74.91,2.396,103.32
SENSOR-00005658,MCH-003-02-04,2026-01-13 20:00:00,73.06,2.299,106.16
SENSOR-00005659,MCH-003-02-04,2026-01-14 00:00:00,75.4,2.552,98.79
SENSOR-00005660,MCH-003-02-04,2026-01-14 04:00:00,76.48,2.418,95.84
SENSOR-00005661,MCH-003-02-04,2026-01-14 08:00:00,76.91,2.422,97.86
SENSOR-00005662,MCH-003-02-04,2026-01-14 12:00:00,73.28,2.298,99.27
SENSOR-00005663,MCH-003-02-04,2026-01-14 16:00:00,82.01,2.921,91.82
SENSOR-00005664,MCH-003-02-04,2026-01-14 20:00:00,76.93,2.637,99.35
SENSOR-00005665,MCH-003-02-04,2026-01-15 00:00:00,75.63,2.406,94.84
SENSOR-00005666,MCH-003-02-04,2026-01-15 04:00:00,80.67,2.31,99.57
SENSOR-00005667,MCH-003-02-04,2026-01-15 08:00:00,78.86,2.448,103.01
SENSOR-00005668,MCH-003-02-04,2026-01-15 12:00:00,77.39,2.449,100.93
SENSOR-00005669,MCH-003-02-04,2026-01-15 16:00:00,70.49,2.361,103.25
SENSOR-00005670,MCH-003-02-04,2026-01-15 20:00:00,71.38,2.219,97.36
SENSOR-00005671,MCH-003-02-04,2026-01-16 00:00:00,73.21,2.475,97.34
SENSOR-00005672,MCH-003-02-04,2026-01-16 04:00:00,70.48,2.581,103.33
SENSOR-00005673,MCH-003-02-04,2026-01-16 08:00:00,77.3,2.236,97.78
SENSOR-00005674,MCH-003-02-04,2026-01-16 12:00:00,72.25,2.621,97.52
SENSOR-00005675,MCH-003-02-04,2026-01-16 16:00:00,78.51,2.557,103.71
SENSOR-00005676,MCH-003-02-04,2026-01-16 20:00:00,79.23,2.534,95.59
SENSOR-00005677,MCH-003-02-04,2026-01-17 00:00:00,71.7,2.215,101.86
SENSOR-00005678,MCH-003-02-04,2026-01-17 04:00:00,70.9,1.934,100.91
SENSOR-00005679,MCH-003-02-04,2026-01-17 08:00:00,72.44,2.394,103.85
SENSOR-00005680,MCH-003-02-04,2026-01-17 12:00:00,75.26,2.776,99.8
SENSOR-00005681,MCH-003-02-04,2026-01-17 16:00:00,79.01,2.261,100.32
SENSOR-00005682,MCH-003-02-04,2026-01-17 20:00:00,71.25,2.195,99.33
SENSOR-00005683,MCH-003-02-04,2026-01-18 00:00:00,82.59,2.409,98.94
SENSOR-00005684,MCH-003-02-04,2026-01-18 04:00:00,76.93,2.339,94.78
SENSOR-00005685,MCH-003-02-04,2026-01-18 08:00:00,78.26,2.34,95.6
SENSOR-00005686,MCH-003-02-04,2026-01-18 12:00:00,72.95,2.345,100.04
SENSOR-00005687,MCH-003-02-04,2026-01-18 16:00:00,75.07,2.741,96.13
SENSOR-00005688,MCH-003-02-04,2026-01-18 20:00:00,74.37,2.179,103.77
SENSOR-00005689,MCH-003-02-04,2026-01-19 00:00:00,75.24,2.72,103.12
SENSOR-00005690,MCH-003-02-04,2026-01-19 04:00:00,78.57,2.45,106.81
SENSOR-00005691,MCH-003-02-04,2026-01-19 08:00:00,73.38,1.994,99.2
SENSOR-00005692,MCH-003-02-04,2026-01-19 12:00:00,75.21,2.724,98.47
SENSOR-00005693,MCH-003-02-04,2026-01-19 16:00:00,76.94,2.029,103.24
SENSOR-00005694,MCH-003-02-04,2026-01-19 20:00:00,75.25,2.328,106.39
SENSOR-00005695,MCH-003-02-04,2026-01-20 00:00:00,76.93,2.238,98.91
SENSOR-00005696,MCH-003-02-04,2026-01-20 04:00:00,77.47,2.069,107.12
SENSOR-00005697,MCH-003-02-04,2026-01-20 08:00:00,70.87,2.127,101.88
SENSOR-00005698,MCH-003-02-04,2026-01-20 12:00:00,80.15,2.317,96.79
SENSOR-00005699,MCH-003-02-04,2026-01-20 16:00:00,71.29,2.141,100.92
SENSOR-00005700,MCH-003-02-04,2026-01-20 20:00:00,74.7,2.505,101.09
SENSOR-00005701,MCH-003-02-04,2026-01-21 00:00:00,70.26,2.288,103.39
SENSOR-00005702,MCH-003-02-04,2026-01-21 04:00:00,70.45,2.661,95.77
SENSOR-00005703,MCH-003-02-04,2026-01-21 08:00:00,68.64,2.025,100.35
SENSOR-00005704,MCH-003-02-04,2026-01-21 12:00:00,77.9,2.721,103.64
SENSOR-00005705,MCH-003-02-04,2026-01-21 16:00:00,78.43,2.19,97.48
SENSOR-00005706,MCH-003-02-04,2026-01-21 20:00:00,78.13,2.754,96.91
SENSOR-00005707,MCH-003-02-04,2026-01-22 00:00:00,81.34,2.43,97.54
SENSOR-00005708,MCH-003-02-04,2026-01-22 04:00:00,70.43,2.823,104.71
SENSOR-00005709,MCH-003-02-04,2026-01-22 08:00:00,78.53,2.413,102.45
SENSOR-00005710,MCH-003-02-04,2026-01-22 12:00:00,80.2,2.244,100.09
SENSOR-00005711,MCH-003-02-04,2026-01-22 16:00:00,70.55,2.366,104.63
SENSOR-00005712,MCH-003-02-04,2026-01-22 20:00:00,79.29,2.432,91.92
SENSOR-00005713,MCH-003-02-04,2026-01-23 00:00:00,82.36,2.279,93.24
SENSOR-00005714,MCH-003-02-04,2026-01-23 04:00:00,82.11,2.187,102.7
SENSOR-00005715,MCH-003-02-04,2026-01-23 08:00:00,72.25,2.541,99.86
SENSOR-00005716,MCH-003-02-04,2026-01-23 12:00:00,78.98,2.345,98.03
SENSOR-00005717,MCH-003-02-04,2026-01-23 16:00:00,76.01,2.303,94.21
SENSOR-00005718,MCH-003-02-04,2026-01-23 20:00:00,72.57,3.115,94.54
SENSOR-00005719,MCH-003-02-04,2026-01-24 00:00:00,73.73,2.631,101.21
SENSOR-00005720,MCH-003-02-04,2026-01-24 04:00:00,77.19,2.481,102.88
SENSOR-00005721,MCH-003-02-04,2026-01-24 08:00:00,80.2,2.327,102.46
SENSOR-00005722,MCH-003-02-04,2026-01-24 12:00:00,69.79,1.835,105.48
SENSOR-00005723,MCH-003-02-04,2026-01-24 16:00:00,73.64,2.461,96.32
SENSOR-00005724,MCH-003-02-04,2026-01-24 20:00:00,69.89,2.22,101.93
SENSOR-00005725,MCH-003-02-04,2026-01-25 00:00:00,77.55,2.175,101.51
SENSOR-00005726,MCH-003-02-04,2026-01-25 04:00:00,84.97,2.444,100.11
SENSOR-00005727,MCH-003-02-04,2026-01-25 08:00:00,74.64,2.518,95.17
SENSOR-00005728,MCH-003-02-04,2026-01-25 12:00:00,81.78,2.644,98.07
SENSOR-00005729,MCH-003-02-04,2026-01-25 16:00:00,75.1,2.259,100.9
SENSOR-00005730,MCH-003-02-04,2026-01-25 20:00:00,75.22,2.455,96.92
SENSOR-00005731,MCH-003-02-04,2026-01-26 00:00:00,74.78,2.568,94.73
SENSOR-00005732,MCH-003-02-04,2026-01-26 04:00:00,71.55,2.498,104.78
SENSOR-00005733,MCH-003-02-04,2026-01-26 08:00:00,73.22,2.79,97.74
SENSOR-00005734,MCH-003-02-04,2026-01-26 12:00:00,61.44,2.584,101.62
SENSOR-00005735,MCH-003-02-04,2026-01-26 16:00:00,77.92,2.573,100.58
SENSOR-00005736,MCH-003-02-04,2026-01-26 20:00:00,73.94,2.343,98.62
SENSOR-00005737,MCH-003-02-04,2026-01-27 00:00:00,73.72,1.803,104.66
SENSOR-00005738,MCH-003-02-04,2026-01-27 04:00:00,69.23,2.194,96.21
SENSOR-00005739,MCH-003-02-04,2026-01-27 08:00:00,80.17,2.504,98.58
SENSOR-00005740,MCH-003-02-04,2026-01-27 12:00:00,72.8,2.443,96.26
SENSOR-00005741,MCH-003-02-04,2026-01-27 16:00:00,76.5,2.261,101.56
SENSOR-00005742,MCH-003-02-04,2026-01-27 20:00:00,76.92,2.25,93.84
SENSOR-00005743,MCH-003-02-04,2026-01-28 00:00:00,75.12,2.486,100.12
SENSOR-00005744,MCH-003-02-04,2026-01-28 04:00:00,76.34,2.671,103.31
SENSOR-00005745,MCH-003-02-04,2026-01-28 08:00:00,67.91,2.612,101.49
SENSOR-00005746,MCH-003-02-04,2026-01-28 12:00:00,75.12,2.826,105.26
SENSOR-00005747,MCH-003-02-04,2026-01-28 16:00:00,78.6,2.262,96.42
SENSOR-00005748,MCH-003-02-04,2026-01-28 20:00:00,78.0,2.738,93.91
SENSOR-00005749,MCH-003-02-04,2026-01-29 00:00:00,76.64,2.495,102.62
SENSOR-00005750,MCH-003-02-04,2026-01-29 04:00:00,80.95,2.195,101.56
SENSOR-00005751,MCH-003-02-04,2026-01-29 08:00:00,69.51,2.054,98.26
SENSOR-00005752,MCH-003-02-04,2026-01-29 12:00:00,76.62,2.817,105.58
SENSOR-00005753,MCH-003-02-04,2026-01-29 16:00:00,73.56,2.475,102.83
SENSOR-00005754,MCH-003-02-04,2026-01-29 20:00:00,78.04,2.356,100.23
SENSOR-00005755,MCH-003-02-04,2026-01-30 00:00:00,82.48,2.491,98.75
SENSOR-00005756,MCH-003-02-04,2026-01-30 04:00:00,72.47,2.41,101.66
SENSOR-00005757,MCH-003-02-04,2026-01-30 08:00:00,74.0,2.031,97.78
SENSOR-00005758,MCH-003-02-04,2026-01-30 12:00:00,75.05,2.583,95.54
SENSOR-00005759,MCH-003-02-04,2026-01-30 16:00:00,76.04,2.454,98.65
SENSOR-00005760,MCH-003-02-04,2026-01-30 20:00:00,72.63,2.214,100.42
SENSOR-00005761,MCH-003-03-01,2026-01-01 00:00:00,71.6,2.512,95.14
SENSOR-00005762,MCH-003-03-01,2026-01-01 04:00:00,76.64,2.632,96.16
SENSOR-00005763,MCH-003-03-01,2026-01-01 08:00:00,76.48,2.173,104.13
SENSOR-00005764,MCH-003-03-01,2026-01-01 12:00:00,76.78,2.316,96.29
SENSOR-00005765,MCH-003-03-01,2026-01-01 16:00:00,77.51,2.816,97.69
SENSOR-00005766,MCH-003-03-01,2026-01-01 20:00:00,74.19,2.288,104.67
SENSOR-00005767,MCH-003-03-01,2026-01-02 00:00:00,80.35,2.23,102.0
SENSOR-00005768,MCH-003-03-01,2026-01-02 04:00:00,74.53,2.489,104.58
SENSOR-00005769,MCH-003-03-01,2026-01-02 08:00:00,73.26,2.708,101.37
SENSOR-00005770,MCH-003-03-01,2026-01-02 12:00:00,75.18,2.568,100.75
SENSOR-00005771,MCH-003-03-01,2026-01-02 16:00:00,71.32,2.324,96.86
SENSOR-00005772,MCH-003-03-01,2026-01-02 20:00:00,74.85,2.812,101.74
SENSOR-00005773,MCH-003-03-01,2026-01-03 00:00:00,76.89,2.255,105.26
SENSOR-00005774,MCH-003-03-01,2026-01-03 04:00:00,75.56,2.525,98.01
SENSOR-00005775,MCH-003-03-01,2026-01-03 08:00:00,80.38,2.619,100.94
SENSOR-00005776,MCH-003-03-01,2026-01-03 12:00:00,71.34,2.75,102.27
SENSOR-00005777,MCH-003-03-01,2026-01-03 16:00:00,80.01,2.485,99.78
SENSOR-00005778,MCH-003-03-01,2026-01-03 20:00:00,75.22,3.046,98.37
SENSOR-00005779,MCH-003-03-01,2026-01-04 00:00:00,75.14,2.69,95.9
SENSOR-00005780,MCH-003-03-01,2026-01-04 04:00:00,69.11,2.72,100.63
SENSOR-00005781,MCH-003-03-01,2026-01-04 08:00:00,79.81,2.263,103.85
SENSOR-00005782,MCH-003-03-01,2026-01-04 12:00:00,78.63,2.468,100.62
SENSOR-00005783,MCH-003-03-01,2026-01-04 16:00:00,77.34,2.262,98.84
SENSOR-00005784,MCH-003-03-01,2026-01-04 20:00:00,77.28,2.37,95.59
SENSOR-00005785,MCH-003-03-01,2026-01-05 00:00:00,67.48,2.766,97.32
SENSOR-00005786,MCH-003-03-01,2026-01-05 04:00:00,71.43,2.2,107.45
SENSOR-00005787,MCH-003-03-01,2026-01-05 08:00:00,77.71,2.216,97.95
SENSOR-00005788,MCH-003-03-01,2026-01-05 12:00:00,75.95,2.612,100.84
SENSOR-00005789,MCH-003-03-01,2026-01-05 16:00:00,72.24,2.555,98.17
SENSOR-00005790,MCH-003-03-01,2026-01-05 20:00:00,80.14,2.49,97.72
SENSOR-00005791,MCH-003-03-01,2026-01-06 00:00:00,69.19,2.523,101.03
SENSOR-00005792,MCH-003-03-01,2026-01-06 04:00:00,76.16,1.723,102.04
SENSOR-00005793,MCH-003-03-01,2026-01-06 08:00:00,72.3,2.648,105.1
SENSOR-00005794,MCH-003-03-01,2026-01-06 12:00:00,74.94,2.586,100.1
SENSOR-00005795,MCH-003-03-01,2026-01-06 16:00:00,78.05,2.502,98.45
SENSOR-00005796,MCH-003-03-01,2026-01-06 20:00:00,72.33,2.874,101.32
SENSOR-00005797,MCH-003-03-01,2026-01-07 00:00:00,71.17,2.25,97.68
SENSOR-00005798,MCH-003-03-01,2026-01-07 04:00:00,64.35,2.307,102.15
SENSOR-00005799,MCH-003-03-01,2026-01-07 08:00:00,76.25,2.411,95.13
SENSOR-00005800,MCH-003-03-01,2026-01-07 12:00:00,80.15,2.604,99.96
SENSOR-00005801,MCH-003-03-01,2026-01-07 16:00:00,67.14,2.353,101.3
SENSOR-00005802,MCH-003-03-01,2026-01-07 20:00:00,75.84,2.524,102.06
SENSOR-00005803,MCH-003-03-01,2026-01-08 00:00:00,76.8,2.571,101.32
SENSOR-00005804,MCH-003-03-01,2026-01-08 04:00:00,86.38,2.246,109.68
SENSOR-00005805,MCH-003-03-01,2026-01-08 08:00:00,70.92,2.573,96.42
SENSOR-00005806,MCH-003-03-01,2026-01-08 12:00:00,77.18,2.722,100.1
SENSOR-00005807,MCH-003-03-01,2026-01-08 16:00:00,79.84,2.37,93.85
SENSOR-00005808,MCH-003-03-01,2026-01-08 20:00:00,78.46,2.484,98.56
SENSOR-00005809,MCH-003-03-01,2026-01-09 00:00:00,79.44,2.399,101.1
SENSOR-00005810,MCH-003-03-01,2026-01-09 04:00:00,72.1,2.819,99.03
SENSOR-00005811,MCH-003-03-01,2026-01-09 08:00:00,80.3,2.3,97.73
SENSOR-00005812,MCH-003-03-01,2026-01-09 12:00:00,81.26,2.32,95.3
SENSOR-00005813,MCH-003-03-01,2026-01-09 16:00:00,71.79,2.69,102.28
SENSOR-00005814,MCH-003-03-01,2026-01-09 20:00:00,72.9,2.318,102.02
SENSOR-00005815,MCH-003-03-01,2026-01-10 00:00:00,73.28,2.349,102.48
SENSOR-00005816,MCH-003-03-01,2026-01-10 04:00:00,74.94,2.554,100.37
SENSOR-00005817,MCH-003-03-01,2026-01-10 08:00:00,75.96,2.503,103.09
SENSOR-00005818,MCH-003-03-01,2026-01-10 12:00:00,72.07,2.439,96.35
SENSOR-00005819,MCH-003-03-01,2026-01-10 16:00:00,76.86,2.427,103.21
SENSOR-00005820,MCH-003-03-01,2026-01-10 20:00:00,75.93,2.365,99.26
SENSOR-00005821,MCH-003-03-01,2026-01-11 00:00:00,76.42,2.45,96.13
SENSOR-00005822,MCH-003-03-01,2026-01-11 04:00:00,76.66,2.035,97.98
SENSOR-00005823,MCH-003-03-01,2026-01-11 08:00:00,77.91,2.774,107.05
SENSOR-00005824,MCH-003-03-01,2026-01-11 12:00:00,74.24,2.26,101.57
SENSOR-00005825,MCH-003-03-01,2026-01-11 16:00:00,83.43,2.859,96.89
SENSOR-00005826,MCH-003-03-01,2026-01-11 20:00:00,75.39,2.689,102.76
SENSOR-00005827,MCH-003-03-01,2026-01-12 00:00:00,79.36,2.87,99.97
SENSOR-00005828,MCH-003-03-01,2026-01-12 04:00:00,77.28,1.816,103.35
SENSOR-00005829,MCH-003-03-01,2026-01-12 08:00:00,80.03,2.815,97.19
SENSOR-00005830,MCH-003-03-01,2026-01-12 12:00:00,79.8,2.731,98.05
SENSOR-00005831,MCH-003-03-01,2026-01-12 16:00:00,80.18,2.592,94.91
SENSOR-00005832,MCH-003-03-01,2026-01-12 20:00:00,78.29,2.284,94.97
SENSOR-00005833,MCH-003-03-01,2026-01-13 00:00:00,76.75,2.441,101.96
SENSOR-00005834,MCH-003-03-01,2026-01-13 04:00:00,76.97,2.323,98.99
SENSOR-00005835,MCH-003-03-01,2026-01-13 08:00:00,82.55,2.053,102.13
SENSOR-00005836,MCH-003-03-01,2026-01-13 12:00:00,80.92,2.621,105.91
SENSOR-00005837,MCH-003-03-01,2026-01-13 16:00:00,79.71,2.572,98.6
SENSOR-00005838,MCH-003-03-01,2026-01-13 20:00:00,77.56,2.647,100.01
SENSOR-00005839,MCH-003-03-01,2026-01-14 00:00:00,76.27,2.934,104.04
SENSOR-00005840,MCH-003-03-01,2026-01-14 04:00:00,77.87,2.448,98.95
SENSOR-00005841,MCH-003-03-01,2026-01-14 08:00:00,78.2,2.441,101.64
SENSOR-00005842,MCH-003-03-01,2026-01-14 12:00:00,78.44,2.419,103.29
SENSOR-00005843,MCH-003-03-01,2026-01-14 16:00:00,75.04,2.481,97.07
SENSOR-00005844,MCH-003-03-01,2026-01-14 20:00:00,74.87,3.016,97.3
SENSOR-00005845,MCH-003-03-01,2026-01-15 00:00:00,77.26,2.259,102.12
SENSOR-00005846,MCH-003-03-01,2026-01-15 04:00:00,75.19,1.977,102.48
SENSOR-00005847,MCH-003-03-01,2026-01-15 08:00:00,80.48,2.846,106.51
SENSOR-00005848,MCH-003-03-01,2026-01-15 12:00:00,79.05,2.605,103.27
SENSOR-00005849,MCH-003-03-01,2026-01-15 16:00:00,72.4,2.058,98.57
SENSOR-00005850,MCH-003-03-01,2026-01-15 20:00:00,81.06,2.311,101.4
SENSOR-00005851,MCH-003-03-01,2026-01-16 00:00:00,83.01,2.562,94.99
SENSOR-00005852,MCH-003-03-01,2026-01-16 04:00:00,75.64,2.885,97.54
SENSOR-00005853,MCH-003-03-01,2026-01-16 08:00:00,75.68,2.136,96.4
SENSOR-00005854,MCH-003-03-01,2026-01-16 12:00:00,72.61,2.169,98.15
SENSOR-00005855,MCH-003-03-01,2026-01-16 16:00:00,82.9,2.467,102.36
SENSOR-00005856,MCH-003-03-01,2026-01-16 20:00:00,80.32,2.199,97.51
SENSOR-00005857,MCH-003-03-01,2026-01-17 00:00:00,75.89,2.517,102.86
SENSOR-00005858,MCH-003-03-01,2026-01-17 04:00:00,75.85,2.756,98.22
SENSOR-00005859,MCH-003-03-01,2026-01-17 08:00:00,71.15,2.4,101.39
SENSOR-00005860,MCH-003-03-01,2026-01-17 12:00:00,79.39,2.841,100.87
SENSOR-00005861,MCH-003-03-01,2026-01-17 16:00:00,78.96,2.818,97.66
SENSOR-00005862,MCH-003-03-01,2026-01-17 20:00:00,75.11,3.169,102.57
SENSOR-00005863,MCH-003-03-01,2026-01-18 00:00:00,74.71,2.07,102.65
SENSOR-00005864,MCH-003-03-01,2026-01-18 04:00:00,68.9,2.294,96.05
SENSOR-00005865,MCH-003-03-01,2026-01-18 08:00:00,72.43,2.527,103.71
SENSOR-00005866,MCH-003-03-01,2026-01-18 12:00:00,69.71,2.337,94.75
SENSOR-00005867,MCH-003-03-01,2026-01-18 16:00:00,73.53,2.494,102.3
SENSOR-00005868,MCH-003-03-01,2026-01-18 20:00:00,67.48,2.614,97.08
SENSOR-00005869,MCH-003-03-01,2026-01-19 00:00:00,75.87,2.757,96.94
SENSOR-00005870,MCH-003-03-01,2026-01-19 04:00:00,83.08,2.219,93.91
SENSOR-00005871,MCH-003-03-01,2026-01-19 08:00:00,81.41,2.299,100.35
SENSOR-00005872,MCH-003-03-01,2026-01-19 12:00:00,71.83,3.067,105.47
SENSOR-00005873,MCH-003-03-01,2026-01-19 16:00:00,82.14,2.498,102.94
SENSOR-00005874,MCH-003-03-01,2026-01-19 20:00:00,75.74,2.757,98.77
SENSOR-00005875,MCH-003-03-01,2026-01-20 00:00:00,76.26,3.031,103.38
SENSOR-00005876,MCH-003-03-01,2026-01-20 04:00:00,84.5,2.461,95.02
SENSOR-00005877,MCH-003-03-01,2026-01-20 08:00:00,73.13,2.325,97.14
SENSOR-00005878,MCH-003-03-01,2026-01-20 12:00:00,67.17,2.732,94.42
SENSOR-00005879,MCH-003-03-01,2026-01-20 16:00:00,79.67,3.023,97.67
SENSOR-00005880,MCH-003-03-01,2026-01-20 20:00:00,77.5,2.376,102.48
SENSOR-00005881,MCH-003-03-01,2026-01-21 00:00:00,78.28,2.506,107.61
SENSOR-00005882,MCH-003-03-01,2026-01-21 04:00:00,78.89,2.426,101.81
SENSOR-00005883,MCH-003-03-01,2026-01-21 08:00:00,76.79,2.487,100.73
SENSOR-00005884,MCH-003-03-01,2026-01-21 12:00:00,74.22,2.529,98.48
SENSOR-00005885,MCH-003-03-01,2026-01-21 16:00:00,68.37,2.761,98.3
SENSOR-00005886,MCH-003-03-01,2026-01-21 20:00:00,76.52,2.286,97.81
SENSOR-00005887,MCH-003-03-01,2026-01-22 00:00:00,71.48,2.483,99.0
SENSOR-00005888,MCH-003-03-01,2026-01-22 04:00:00,69.88,2.131,101.01
SENSOR-00005889,MCH-003-03-01,2026-01-22 08:00:00,73.33,2.604,100.44
SENSOR-00005890,MCH-003-03-01,2026-01-22 12:00:00,80.14,2.268,100.7
SENSOR-00005891,MCH-003-03-01,2026-01-22 16:00:00,78.5,2.32,103.38
SENSOR-00005892,MCH-003-03-01,2026-01-22 20:00:00,69.29,2.268,94.89
SENSOR-00005893,MCH-003-03-01,2026-01-23 00:00:00,79.48,2.371,103.63
SENSOR-00005894,MCH-003-03-01,2026-01-23 04:00:00,72.15,2.378,99.08
SENSOR-00005895,MCH-003-03-01,2026-01-23 08:00:00,82.07,2.51,94.6
SENSOR-00005896,MCH-003-03-01,2026-01-23 12:00:00,79.76,2.938,99.25
SENSOR-00005897,MCH-003-03-01,2026-01-23 16:00:00,72.36,2.692,105.89
SENSOR-00005898,MCH-003-03-01,2026-01-23 20:00:00,79.35,2.07,102.26
SENSOR-00005899,MCH-003-03-01,2026-01-24 00:00:00,76.94,2.845,95.72
SENSOR-00005900,MCH-003-03-01,2026-01-24 04:00:00,70.48,2.715,99.96
SENSOR-00005901,MCH-003-03-01,2026-01-24 08:00:00,80.64,2.274,100.15
SENSOR-00005902,MCH-003-03-01,2026-01-24 12:00:00,78.7,2.529,94.63
SENSOR-00005903,MCH-003-03-01,2026-01-24 16:00:00,87.24,2.529,95.98
SENSOR-00005904,MCH-003-03-01,2026-01-24 20:00:00,77.21,2.583,102.98
SENSOR-00005905,MCH-003-03-01,2026-01-25 00:00:00,72.75,2.655,98.14
SENSOR-00005906,MCH-003-03-01,2026-01-25 04:00:00,79.03,2.327,99.31
SENSOR-00005907,MCH-003-03-01,2026-01-25 08:00:00,76.09,2.515,97.23
SENSOR-00005908,MCH-003-03-01,2026-01-25 12:00:00,78.77,2.408,101.63
SENSOR-00005909,MCH-003-03-01,2026-01-25 16:00:00,75.89,2.623,98.77
SENSOR-00005910,MCH-003-03-01,2026-01-25 20:00:00,72.79,2.583,98.52
SENSOR-00005911,MCH-003-03-01,2026-01-26 00:00:00,77.11,2.454,102.58
SENSOR-00005912,MCH-003-03-01,2026-01-26 04:00:00,78.03,2.651,99.42
SENSOR-00005913,MCH-003-03-01,2026-01-26 08:00:00,73.43,2.642,104.65
SENSOR-00005914,MCH-003-03-01,2026-01-26 12:00:00,80.38,2.872,100.49
SENSOR-00005915,MCH-003-03-01,2026-01-26 16:00:00,72.07,2.256,104.14
SENSOR-00005916,MCH-003-03-01,2026-01-26 20:00:00,68.5,2.852,97.64
SENSOR-00005917,MCH-003-03-01,2026-01-27 00:00:00,74.63,2.337,96.25
SENSOR-00005918,MCH-003-03-01,2026-01-27 04:00:00,75.11,2.589,97.31
SENSOR-00005919,MCH-003-03-01,2026-01-27 08:00:00,75.3,2.828,95.74
SENSOR-00005920,MCH-003-03-01,2026-01-27 12:00:00,83.68,2.308,100.6
SENSOR-00005921,MCH-003-03-01,2026-01-27 16:00:00,81.07,2.872,101.41
SENSOR-00005922,MCH-003-03-01,2026-01-27 20:00:00,73.17,2.28,98.28
SENSOR-00005923,MCH-003-03-01,2026-01-28 00:00:00,82.15,2.263,102.69
SENSOR-00005924,MCH-003-03-01,2026-01-28 04:00:00,62.09,2.276,94.27
SENSOR-00005925,MCH-003-03-01,2026-01-28 08:00:00,80.9,2.696,96.9
SENSOR-00005926,MCH-003-03-01,2026-01-28 12:00:00,77.11,2.777,104.07
SENSOR-00005927,MCH-003-03-01,2026-01-28 16:00:00,74.33,1.924,97.3
SENSOR-00005928,MCH-003-03-01,2026-01-28 20:00:00,79.02,3.001,99.84
SENSOR-00005929,MCH-003-03-01,2026-01-29 00:00:00,73.01,2.406,101.0
SENSOR-00005930,MCH-003-03-01,2026-01-29 04:00:00,78.5,3.093,97.78
SENSOR-00005931,MCH-003-03-01,2026-01-29 08:00:00,74.7,2.298,103.24
SENSOR-00005932,MCH-003-03-01,2026-01-29 12:00:00,80.49,2.364,106.2
SENSOR-00005933,MCH-003-03-01,2026-01-29 16:00:00,73.12,2.734,104.36
SENSOR-00005934,MCH-003-03-01,2026-01-29 20:00:00,70.51,2.621,91.82
SENSOR-00005935,MCH-003-03-01,2026-01-30 00:00:00,71.49,2.423,99.13
SENSOR-00005936,MCH-003-03-01,2026-01-30 04:00:00,72.8,2.041,96.17
SENSOR-00005937,MCH-003-03-01,2026-01-30 08:00:00,63.35,2.399,101.08
SENSOR-00005938,MCH-003-03-01,2026-01-30 12:00:00,65.22,2.535,99.63
SENSOR-00005939,MCH-003-03-01,2026-01-30 16:00:00,71.24,2.368,103.15
SENSOR-00005940,MCH-003-03-01,2026-01-30 20:00:00,72.05,2.496,101.04
SENSOR-00005941,MCH-003-03-02,2026-01-01 00:00:00,88.35,3.238,102.39
SENSOR-00005942,MCH-003-03-02,2026-01-01 04:00:00,86.38,3.081,97.62
SENSOR-00005943,MCH-003-03-02,2026-01-01 08:00:00,85.17,2.974,98.56
SENSOR-00005944,MCH-003-03-02,2026-01-01 12:00:00,89.36,2.979,105.12
SENSOR-00005945,MCH-003-03-02,2026-01-01 16:00:00,84.46,3.035,94.55
SENSOR-00005946,MCH-003-03-02,2026-01-01 20:00:00,91.91,3.073,93.19
SENSOR-00005947,MCH-003-03-02,2026-01-02 00:00:00,92.39,3.013,101.38
SENSOR-00005948,MCH-003-03-02,2026-01-02 04:00:00,94.42,3.076,101.4
SENSOR-00005949,MCH-003-03-02,2026-01-02 08:00:00,78.48,3.564,97.86
SENSOR-00005950,MCH-003-03-02,2026-01-02 12:00:00,84.5,3.134,100.26
SENSOR-00005951,MCH-003-03-02,2026-01-02 16:00:00,81.69,3.135,105.27
SENSOR-00005952,MCH-003-03-02,2026-01-02 20:00:00,92.55,3.031,98.65
SENSOR-00005953,MCH-003-03-02,2026-01-03 00:00:00,87.04,3.188,104.61
SENSOR-00005954,MCH-003-03-02,2026-01-03 04:00:00,85.48,3.467,100.74
SENSOR-00005955,MCH-003-03-02,2026-01-03 08:00:00,87.04,3.206,99.02
SENSOR-00005956,MCH-003-03-02,2026-01-03 12:00:00,82.61,2.976,100.8
SENSOR-00005957,MCH-003-03-02,2026-01-03 16:00:00,81.61,3.183,101.21
SENSOR-00005958,MCH-003-03-02,2026-01-03 20:00:00,84.25,3.13,98.3
SENSOR-00005959,MCH-003-03-02,2026-01-04 00:00:00,82.5,3.436,98.42
SENSOR-00005960,MCH-003-03-02,2026-01-04 04:00:00,90.22,2.786,100.53
SENSOR-00005961,MCH-003-03-02,2026-01-04 08:00:00,79.06,3.725,99.25
SENSOR-00005962,MCH-003-03-02,2026-01-04 12:00:00,86.74,3.187,99.92
SENSOR-00005963,MCH-003-03-02,2026-01-04 16:00:00,85.5,3.414,102.0
SENSOR-00005964,MCH-003-03-02,2026-01-04 20:00:00,84.08,3.204,105.75
SENSOR-00005965,MCH-003-03-02,2026-01-05 00:00:00,80.51,3.323,101.6
SENSOR-00005966,MCH-003-03-02,2026-01-05 04:00:00,89.76,3.286,98.95
SENSOR-00005967,MCH-003-03-02,2026-01-05 08:00:00,88.65,3.143,102.39
SENSOR-00005968,MCH-003-03-02,2026-01-05 12:00:00,86.31,3.043,100.31
SENSOR-00005969,MCH-003-03-02,2026-01-05 16:00:00,82.9,2.861,93.57
SENSOR-00005970,MCH-003-03-02,2026-01-05 20:00:00,80.66,3.124,103.26
SENSOR-00005971,MCH-003-03-02,2026-01-06 00:00:00,90.86,3.263,99.83
SENSOR-00005972,MCH-003-03-02,2026-01-06 04:00:00,77.86,3.034,101.84
SENSOR-00005973,MCH-003-03-02,2026-01-06 08:00:00,86.75,3.247,103.63
SENSOR-00005974,MCH-003-03-02,2026-01-06 12:00:00,91.2,2.973,108.42
SENSOR-00005975,MCH-003-03-02,2026-01-06 16:00:00,75.35,2.88,100.6
SENSOR-00005976,MCH-003-03-02,2026-01-06 20:00:00,85.63,3.029,98.51
SENSOR-00005977,MCH-003-03-02,2026-01-07 00:00:00,84.4,3.238,103.23
SENSOR-00005978,MCH-003-03-02,2026-01-07 04:00:00,83.06,3.261,97.29
SENSOR-00005979,MCH-003-03-02,2026-01-07 08:00:00,87.3,3.243,97.6
SENSOR-00005980,MCH-003-03-02,2026-01-07 12:00:00,85.55,3.347,100.24
SENSOR-00005981,MCH-003-03-02,2026-01-07 16:00:00,80.14,3.119,101.66
SENSOR-00005982,MCH-003-03-02,2026-01-07 20:00:00,80.11,2.823,101.56
SENSOR-00005983,MCH-003-03-02,2026-01-08 00:00:00,81.46,3.284,92.86
SENSOR-00005984,MCH-003-03-02,2026-01-08 04:00:00,82.95,3.27,91.5
SENSOR-00005985,MCH-003-03-02,2026-01-08 08:00:00,86.42,3.291,97.46
SENSOR-00005986,MCH-003-03-02,2026-01-08 12:00:00,78.82,2.859,91.98
SENSOR-00005987,MCH-003-03-02,2026-01-08 16:00:00,82.13,3.129,96.34
SENSOR-00005988,MCH-003-03-02,2026-01-08 20:00:00,87.32,3.1,100.78
SENSOR-00005989,MCH-003-03-02,2026-01-09 00:00:00,80.52,2.969,97.67
SENSOR-00005990,MCH-003-03-02,2026-01-09 04:00:00,86.33,3.006,97.91
SENSOR-00005991,MCH-003-03-02,2026-01-09 08:00:00,90.08,3.527,99.01
SENSOR-00005992,MCH-003-03-02,2026-01-09 12:00:00,77.96,3.54,101.41
SENSOR-00005993,MCH-003-03-02,2026-01-09 16:00:00,85.11,3.101,97.6
SENSOR-00005994,MCH-003-03-02,2026-01-09 20:00:00,81.78,3.244,98.66
SENSOR-00005995,MCH-003-03-02,2026-01-10 00:00:00,77.32,3.106,100.98
SENSOR-00005996,MCH-003-03-02,2026-01-10 04:00:00,84.0,3.369,95.51
SENSOR-00005997,MCH-003-03-02,2026-01-10 08:00:00,80.23,3.178,100.79
SENSOR-00005998,MCH-003-03-02,2026-01-10 12:00:00,78.17,3.374,104.63
SENSOR-00005999,MCH-003-03-02,2026-01-10 16:00:00,85.13,2.697,100.48
SENSOR-00006000,MCH-003-03-02,2026-01-10 20:00:00,84.79,3.006,104.04
SENSOR-00006001,MCH-003-03-02,2026-01-11 00:00:00,73.67,3.118,98.84
SENSOR-00006002,MCH-003-03-02,2026-01-11 04:00:00,82.09,3.332,99.66
SENSOR-00006003,MCH-003-03-02,2026-01-11 08:00:00,91.01,2.931,97.09
SENSOR-00006004,MCH-003-03-02,2026-01-11 12:00:00,78.4,3.255,103.45
SENSOR-00006005,MCH-003-03-02,2026-01-11 16:00:00,81.05,2.808,104.59
SENSOR-00006006,MCH-003-03-02,2026-01-11 20:00:00,77.63,3.327,98.29
SENSOR-00006007,MCH-003-03-02,2026-01-12 00:00:00,87.62,2.648,94.84
SENSOR-00006008,MCH-003-03-02,2026-01-12 04:00:00,87.41,3.066,102.38
SENSOR-00006009,MCH-003-03-02,2026-01-12 08:00:00,79.04,3.088,101.37
SENSOR-00006010,MCH-003-03-02,2026-01-12 12:00:00,81.26,3.132,95.92
SENSOR-00006011,MCH-003-03-02,2026-01-12 16:00:00,85.01,3.436,96.29
SENSOR-00006012,MCH-003-03-02,2026-01-12 20:00:00,78.24,3.372,96.05
SENSOR-00006013,MCH-003-03-02,2026-01-13 00:00:00,79.15,3.019,100.02
SENSOR-00006014,MCH-003-03-02,2026-01-13 04:00:00,91.02,3.011,95.73
SENSOR-00006015,MCH-003-03-02,2026-01-13 08:00:00,89.31,3.256,102.29
SENSOR-00006016,MCH-003-03-02,2026-01-13 12:00:00,89.38,3.505,97.32
SENSOR-00006017,MCH-003-03-02,2026-01-13 16:00:00,77.87,3.285,99.21
SENSOR-00006018,MCH-003-03-02,2026-01-13 20:00:00,82.74,2.794,101.75
SENSOR-00006019,MCH-003-03-02,2026-01-14 00:00:00,80.56,3.083,102.83
SENSOR-00006020,MCH-003-03-02,2026-01-14 04:00:00,84.91,3.079,100.04
SENSOR-00006021,MCH-003-03-02,2026-01-14 08:00:00,77.19,2.848,103.36
SENSOR-00006022,MCH-003-03-02,2026-01-14 12:00:00,81.41,3.36,102.48
SENSOR-00006023,MCH-003-03-02,2026-01-14 16:00:00,86.95,3.158,98.69
SENSOR-00006024,MCH-003-03-02,2026-01-14 20:00:00,82.83,3.235,93.62
SENSOR-00006025,MCH-003-03-02,2026-01-15 00:00:00,87.01,3.252,100.9
SENSOR-00006026,MCH-003-03-02,2026-01-15 04:00:00,80.7,3.253,96.39
SENSOR-00006027,MCH-003-03-02,2026-01-15 08:00:00,82.88,2.748,99.51
SENSOR-00006028,MCH-003-03-02,2026-01-15 12:00:00,79.31,3.263,101.3
SENSOR-00006029,MCH-003-03-02,2026-01-15 16:00:00,81.15,3.347,97.13
SENSOR-00006030,MCH-003-03-02,2026-01-15 20:00:00,83.29,2.921,102.23
SENSOR-00006031,MCH-003-03-02,2026-01-16 00:00:00,82.13,2.595,101.35
SENSOR-00006032,MCH-003-03-02,2026-01-16 04:00:00,85.53,2.893,99.26
SENSOR-00006033,MCH-003-03-02,2026-01-16 08:00:00,80.04,3.205,100.17
SENSOR-00006034,MCH-003-03-02,2026-01-16 12:00:00,78.77,3.072,97.8
SENSOR-00006035,MCH-003-03-02,2026-01-16 16:00:00,89.27,3.298,99.63
SENSOR-00006036,MCH-003-03-02,2026-01-16 20:00:00,83.75,3.328,99.48
SENSOR-00006037,MCH-003-03-02,2026-01-17 00:00:00,80.26,3.207,96.93
SENSOR-00006038,MCH-003-03-02,2026-01-17 04:00:00,82.08,2.993,95.9
SENSOR-00006039,MCH-003-03-02,2026-01-17 08:00:00,86.06,3.017,103.9
SENSOR-00006040,MCH-003-03-02,2026-01-17 12:00:00,82.45,2.973,97.29
SENSOR-00006041,MCH-003-03-02,2026-01-17 16:00:00,83.59,3.086,102.23
SENSOR-00006042,MCH-003-03-02,2026-01-17 20:00:00,83.7,3.598,101.37
SENSOR-00006043,MCH-003-03-02,2026-01-18 00:00:00,87.12,3.155,98.18
SENSOR-00006044,MCH-003-03-02,2026-01-18 04:00:00,82.79,3.192,97.98
SENSOR-00006045,MCH-003-03-02,2026-01-18 08:00:00,84.64,3.436,102.89
SENSOR-00006046,MCH-003-03-02,2026-01-18 12:00:00,83.76,3.133,98.39
SENSOR-00006047,MCH-003-03-02,2026-01-18 16:00:00,81.39,2.69,100.75
SENSOR-00006048,MCH-003-03-02,2026-01-18 20:00:00,86.16,3.057,97.37
SENSOR-00006049,MCH-003-03-02,2026-01-19 00:00:00,86.2,2.846,102.55
SENSOR-00006050,MCH-003-03-02,2026-01-19 04:00:00,83.84,3.167,98.27
SENSOR-00006051,MCH-003-03-02,2026-01-19 08:00:00,80.28,2.578,104.45
SENSOR-00006052,MCH-003-03-02,2026-01-19 12:00:00,87.2,3.243,101.04
SENSOR-00006053,MCH-003-03-02,2026-01-19 16:00:00,74.21,2.887,99.23
SENSOR-00006054,MCH-003-03-02,2026-01-19 20:00:00,79.1,2.651,97.07
SENSOR-00006055,MCH-003-03-02,2026-01-20 00:00:00,77.1,2.555,97.34
SENSOR-00006056,MCH-003-03-02,2026-01-20 04:00:00,86.68,3.117,96.62
SENSOR-00006057,MCH-003-03-02,2026-01-20 08:00:00,80.52,2.764,96.28
SENSOR-00006058,MCH-003-03-02,2026-01-20 12:00:00,89.63,3.039,105.31
SENSOR-00006059,MCH-003-03-02,2026-01-20 16:00:00,79.87,3.197,100.68
SENSOR-00006060,MCH-003-03-02,2026-01-20 20:00:00,86.95,3.138,102.96
SENSOR-00006061,MCH-003-03-02,2026-01-21 00:00:00,82.03,2.728,94.59
SENSOR-00006062,MCH-003-03-02,2026-01-21 04:00:00,82.46,3.272,98.28
SENSOR-00006063,MCH-003-03-02,2026-01-21 08:00:00,89.14,3.023,99.4
SENSOR-00006064,MCH-003-03-02,2026-01-21 12:00:00,82.27,3.32,97.12
SENSOR-00006065,MCH-003-03-02,2026-01-21 16:00:00,82.91,2.938,98.32
SENSOR-00006066,MCH-003-03-02,2026-01-21 20:00:00,83.57,3.046,103.16
SENSOR-00006067,MCH-003-03-02,2026-01-22 00:00:00,85.42,3.659,97.06
SENSOR-00006068,MCH-003-03-02,2026-01-22 04:00:00,89.56,2.951,104.01
SENSOR-00006069,MCH-003-03-02,2026-01-22 08:00:00,86.17,3.225,99.55
SENSOR-00006070,MCH-003-03-02,2026-01-22 12:00:00,82.43,2.894,100.02
SENSOR-00006071,MCH-003-03-02,2026-01-22 16:00:00,82.69,3.122,95.77
SENSOR-00006072,MCH-003-03-02,2026-01-22 20:00:00,83.52,3.39,102.83
SENSOR-00006073,MCH-003-03-02,2026-01-23 00:00:00,77.32,3.292,101.17
SENSOR-00006074,MCH-003-03-02,2026-01-23 04:00:00,86.75,3.0,96.98
SENSOR-00006075,MCH-003-03-02,2026-01-23 08:00:00,82.7,3.213,99.78
SENSOR-00006076,MCH-003-03-02,2026-01-23 12:00:00,84.98,2.94,101.28
SENSOR-00006077,MCH-003-03-02,2026-01-23 16:00:00,83.42,2.898,100.42
SENSOR-00006078,MCH-003-03-02,2026-01-23 20:00:00,81.88,3.229,102.62
SENSOR-00006079,MCH-003-03-02,2026-01-24 00:00:00,84.75,3.066,103.44
SENSOR-00006080,MCH-003-03-02,2026-01-24 04:00:00,80.79,3.088,96.85
SENSOR-00006081,MCH-003-03-02,2026-01-24 08:00:00,79.42,2.734,97.04
SENSOR-00006082,MCH-003-03-02,2026-01-24 12:00:00,83.76,2.999,99.19
SENSOR-00006083,MCH-003-03-02,2026-01-24 16:00:00,82.23,3.518,96.59
SENSOR-00006084,MCH-003-03-02,2026-01-24 20:00:00,78.45,2.863,99.78
SENSOR-00006085,MCH-003-03-02,2026-01-25 00:00:00,85.15,3.543,95.02
SENSOR-00006086,MCH-003-03-02,2026-01-25 04:00:00,81.75,2.735,94.61
SENSOR-00006087,MCH-003-03-02,2026-01-25 08:00:00,82.61,3.283,103.62
SENSOR-00006088,MCH-003-03-02,2026-01-25 12:00:00,81.3,3.241,99.41
SENSOR-00006089,MCH-003-03-02,2026-01-25 16:00:00,85.66,3.363,99.42
SENSOR-00006090,MCH-003-03-02,2026-01-25 20:00:00,87.74,2.771,101.97
SENSOR-00006091,MCH-003-03-02,2026-01-26 00:00:00,78.25,3.014,94.94
SENSOR-00006092,MCH-003-03-02,2026-01-26 04:00:00,85.92,3.213,110.05
SENSOR-00006093,MCH-003-03-02,2026-01-26 08:00:00,87.54,3.157,100.76
SENSOR-00006094,MCH-003-03-02,2026-01-26 12:00:00,82.16,3.107,100.83
SENSOR-00006095,MCH-003-03-02,2026-01-26 16:00:00,75.57,3.124,100.3
SENSOR-00006096,MCH-003-03-02,2026-01-26 20:00:00,90.45,3.042,97.7
SENSOR-00006097,MCH-003-03-02,2026-01-27 00:00:00,85.6,3.007,107.83
SENSOR-00006098,MCH-003-03-02,2026-01-27 04:00:00,84.43,2.764,97.48
SENSOR-00006099,MCH-003-03-02,2026-01-27 08:00:00,79.67,2.868,101.61
SENSOR-00006100,MCH-003-03-02,2026-01-27 12:00:00,79.0,2.992,103.43
SENSOR-00006101,MCH-003-03-02,2026-01-27 16:00:00,81.35,3.242,94.95
SENSOR-00006102,MCH-003-03-02,2026-01-27 20:00:00,81.95,2.853,100.9
SENSOR-00006103,MCH-003-03-02,2026-01-28 00:00:00,84.06,2.936,96.49
SENSOR-00006104,MCH-003-03-02,2026-01-28 04:00:00,85.28,3.137,95.17
SENSOR-00006105,MCH-003-03-02,2026-01-28 08:00:00,85.25,3.145,98.2
SENSOR-00006106,MCH-003-03-02,2026-01-28 12:00:00,80.76,3.18,104.83
SENSOR-00006107,MCH-003-03-02,2026-01-28 16:00:00,85.02,3.27,97.5
SENSOR-00006108,MCH-003-03-02,2026-01-28 20:00:00,81.77,3.226,95.92
SENSOR-00006109,MCH-003-03-02,2026-01-29 00:00:00,82.05,2.983,98.68
SENSOR-00006110,MCH-003-03-02,2026-01-29 04:00:00,81.67,3.146,103.17
SENSOR-00006111,MCH-003-03-02,2026-01-29 08:00:00,92.48,2.867,101.95
SENSOR-00006112,MCH-003-03-02,2026-01-29 12:00:00,85.6,2.992,96.92
SENSOR-00006113,MCH-003-03-02,2026-01-29 16:00:00,84.53,3.604,100.81
SENSOR-00006114,MCH-003-03-02,2026-01-29 20:00:00,80.28,3.035,96.58
SENSOR-00006115,MCH-003-03-02,2026-01-30 00:00:00,85.03,2.972,102.79
SENSOR-00006116,MCH-003-03-02,2026-01-30 04:00:00,87.24,3.007,98.44
SENSOR-00006117,MCH-003-03-02,2026-01-30 08:00:00,83.94,3.038,94.74
SENSOR-00006118,MCH-003-03-02,2026-01-30 12:00:00,91.09,3.253,98.61
SENSOR-00006119,MCH-003-03-02,2026-01-30 16:00:00,75.76,3.029,98.24
SENSOR-00006120,MCH-003-03-02,2026-01-30 20:00:00,83.19,2.533,98.58
SENSOR-00006121,MCH-003-03-03,2026-01-01 00:00:00,78.49,3.367,99.71
SENSOR-00006122,MCH-003-03-03,2026-01-01 04:00:00,87.85,3.494,97.4
SENSOR-00006123,MCH-003-03-03,2026-01-01 08:00:00,82.7,3.46,100.57
SENSOR-00006124,MCH-003-03-03,2026-01-01 12:00:00,86.18,3.386,102.69
SENSOR-00006125,MCH-003-03-03,2026-01-01 16:00:00,85.73,3.476,99.8
SENSOR-00006126,MCH-003-03-03,2026-01-01 20:00:00,86.17,3.083,103.06
SENSOR-00006127,MCH-003-03-03,2026-01-02 00:00:00,71.91,3.261,101.99
SENSOR-00006128,MCH-003-03-03,2026-01-02 04:00:00,86.16,3.245,99.46
SENSOR-00006129,MCH-003-03-03,2026-01-02 08:00:00,82.45,2.851,97.91
SENSOR-00006130,MCH-003-03-03,2026-01-02 12:00:00,85.38,3.212,102.37
SENSOR-00006131,MCH-003-03-03,2026-01-02 16:00:00,78.47,2.713,98.86
SENSOR-00006132,MCH-003-03-03,2026-01-02 20:00:00,80.01,3.174,96.07
SENSOR-00006133,MCH-003-03-03,2026-01-03 00:00:00,86.19,2.911,99.36
SENSOR-00006134,MCH-003-03-03,2026-01-03 04:00:00,84.55,3.273,101.8
SENSOR-00006135,MCH-003-03-03,2026-01-03 08:00:00,84.75,2.99,98.2
SENSOR-00006136,MCH-003-03-03,2026-01-03 12:00:00,79.33,3.275,98.15
SENSOR-00006137,MCH-003-03-03,2026-01-03 16:00:00,83.32,3.187,100.01
SENSOR-00006138,MCH-003-03-03,2026-01-03 20:00:00,84.07,2.901,100.81
SENSOR-00006139,MCH-003-03-03,2026-01-04 00:00:00,84.25,3.293,100.65
SENSOR-00006140,MCH-003-03-03,2026-01-04 04:00:00,82.6,2.941,99.97
SENSOR-00006141,MCH-003-03-03,2026-01-04 08:00:00,86.72,3.458,95.6
SENSOR-00006142,MCH-003-03-03,2026-01-04 12:00:00,91.14,3.055,102.77
SENSOR-00006143,MCH-003-03-03,2026-01-04 16:00:00,81.14,2.725,96.06
SENSOR-00006144,MCH-003-03-03,2026-01-04 20:00:00,82.77,3.258,100.09
SENSOR-00006145,MCH-003-03-03,2026-01-05 00:00:00,84.72,3.498,104.07
SENSOR-00006146,MCH-003-03-03,2026-01-05 04:00:00,83.62,2.966,101.29
SENSOR-00006147,MCH-003-03-03,2026-01-05 08:00:00,81.49,3.349,101.27
SENSOR-00006148,MCH-003-03-03,2026-01-05 12:00:00,94.77,3.496,96.76
SENSOR-00006149,MCH-003-03-03,2026-01-05 16:00:00,82.02,2.649,93.59
SENSOR-00006150,MCH-003-03-03,2026-01-05 20:00:00,84.55,2.829,104.92
SENSOR-00006151,MCH-003-03-03,2026-01-06 00:00:00,91.89,2.776,98.66
SENSOR-00006152,MCH-003-03-03,2026-01-06 04:00:00,78.54,2.918,99.12
SENSOR-00006153,MCH-003-03-03,2026-01-06 08:00:00,81.18,3.257,100.45
SENSOR-00006154,MCH-003-03-03,2026-01-06 12:00:00,85.29,3.051,99.36
SENSOR-00006155,MCH-003-03-03,2026-01-06 16:00:00,82.69,3.065,101.26
SENSOR-00006156,MCH-003-03-03,2026-01-06 20:00:00,76.4,3.199,97.39
SENSOR-00006157,MCH-003-03-03,2026-01-07 00:00:00,75.82,2.903,100.81
SENSOR-00006158,MCH-003-03-03,2026-01-07 04:00:00,87.91,2.977,108.01
SENSOR-00006159,MCH-003-03-03,2026-01-07 08:00:00,85.35,2.809,103.86
SENSOR-00006160,MCH-003-03-03,2026-01-07 12:00:00,79.08,3.209,97.21
SENSOR-00006161,MCH-003-03-03,2026-01-07 16:00:00,78.66,3.368,99.22
SENSOR-00006162,MCH-003-03-03,2026-01-07 20:00:00,90.99,2.873,95.32
SENSOR-00006163,MCH-003-03-03,2026-01-08 00:00:00,85.55,3.374,96.18
SENSOR-00006164,MCH-003-03-03,2026-01-08 04:00:00,80.57,3.066,102.97
SENSOR-00006165,MCH-003-03-03,2026-01-08 08:00:00,78.9,3.11,99.37
SENSOR-00006166,MCH-003-03-03,2026-01-08 12:00:00,77.79,3.0,101.63
SENSOR-00006167,MCH-003-03-03,2026-01-08 16:00:00,78.16,3.48,101.4
SENSOR-00006168,MCH-003-03-03,2026-01-08 20:00:00,85.48,3.129,96.72
SENSOR-00006169,MCH-003-03-03,2026-01-09 00:00:00,84.36,2.747,94.42
SENSOR-00006170,MCH-003-03-03,2026-01-09 04:00:00,81.72,3.827,102.33
SENSOR-00006171,MCH-003-03-03,2026-01-09 08:00:00,89.66,3.279,100.62
SENSOR-00006172,MCH-003-03-03,2026-01-09 12:00:00,87.67,2.967,101.41
SENSOR-00006173,MCH-003-03-03,2026-01-09 16:00:00,88.8,3.302,103.73
SENSOR-00006174,MCH-003-03-03,2026-01-09 20:00:00,84.82,3.55,99.38
SENSOR-00006175,MCH-003-03-03,2026-01-10 00:00:00,84.37,2.836,97.69
SENSOR-00006176,MCH-003-03-03,2026-01-10 04:00:00,75.21,3.532,95.75
SENSOR-00006177,MCH-003-03-03,2026-01-10 08:00:00,78.72,3.481,101.16
SENSOR-00006178,MCH-003-03-03,2026-01-10 12:00:00,84.57,3.212,102.86
SENSOR-00006179,MCH-003-03-03,2026-01-10 16:00:00,84.49,2.741,102.2
SENSOR-00006180,MCH-003-03-03,2026-01-10 20:00:00,85.78,3.42,96.25
SENSOR-00006181,MCH-003-03-03,2026-01-11 00:00:00,84.64,3.465,97.11
SENSOR-00006182,MCH-003-03-03,2026-01-11 04:00:00,87.18,2.832,97.62
SENSOR-00006183,MCH-003-03-03,2026-01-11 08:00:00,88.88,2.825,99.28
SENSOR-00006184,MCH-003-03-03,2026-01-11 12:00:00,93.54,3.384,97.79
SENSOR-00006185,MCH-003-03-03,2026-01-11 16:00:00,81.83,3.085,103.94
SENSOR-00006186,MCH-003-03-03,2026-01-11 20:00:00,80.08,2.862,102.14
SENSOR-00006187,MCH-003-03-03,2026-01-12 00:00:00,80.07,3.533,98.43
SENSOR-00006188,MCH-003-03-03,2026-01-12 04:00:00,84.81,3.006,101.87
SENSOR-00006189,MCH-003-03-03,2026-01-12 08:00:00,82.17,3.022,99.52
SENSOR-00006190,MCH-003-03-03,2026-01-12 12:00:00,82.08,3.395,96.23
SENSOR-00006191,MCH-003-03-03,2026-01-12 16:00:00,83.94,3.15,99.63
SENSOR-00006192,MCH-003-03-03,2026-01-12 20:00:00,87.96,2.751,101.7
SENSOR-00006193,MCH-003-03-03,2026-01-13 00:00:00,79.66,3.312,104.91
SENSOR-00006194,MCH-003-03-03,2026-01-13 04:00:00,87.57,2.799,98.61
SENSOR-00006195,MCH-003-03-03,2026-01-13 08:00:00,84.53,2.983,107.6
SENSOR-00006196,MCH-003-03-03,2026-01-13 12:00:00,82.16,3.116,98.2
SENSOR-00006197,MCH-003-03-03,2026-01-13 16:00:00,85.02,3.473,100.34
SENSOR-00006198,MCH-003-03-03,2026-01-13 20:00:00,83.22,2.859,103.63
SENSOR-00006199,MCH-003-03-03,2026-01-14 00:00:00,81.21,3.47,104.83
SENSOR-00006200,MCH-003-03-03,2026-01-14 04:00:00,81.86,2.869,93.53
SENSOR-00006201,MCH-003-03-03,2026-01-14 08:00:00,85.61,2.884,101.23
SENSOR-00006202,MCH-003-03-03,2026-01-14 12:00:00,81.82,2.932,98.32
SENSOR-00006203,MCH-003-03-03,2026-01-14 16:00:00,78.89,2.987,97.79
SENSOR-00006204,MCH-003-03-03,2026-01-14 20:00:00,84.03,3.153,96.79
SENSOR-00006205,MCH-003-03-03,2026-01-15 00:00:00,81.18,3.281,101.76
SENSOR-00006206,MCH-003-03-03,2026-01-15 04:00:00,85.92,3.019,98.76
SENSOR-00006207,MCH-003-03-03,2026-01-15 08:00:00,81.76,2.976,97.48
SENSOR-00006208,MCH-003-03-03,2026-01-15 12:00:00,83.67,2.938,101.31
SENSOR-00006209,MCH-003-03-03,2026-01-15 16:00:00,84.32,3.17,99.18
SENSOR-00006210,MCH-003-03-03,2026-01-15 20:00:00,84.37,3.065,102.34
SENSOR-00006211,MCH-003-03-03,2026-01-16 00:00:00,82.17,3.502,98.07
SENSOR-00006212,MCH-003-03-03,2026-01-16 04:00:00,75.25,3.219,96.66
SENSOR-00006213,MCH-003-03-03,2026-01-16 08:00:00,87.35,3.022,99.18
SENSOR-00006214,MCH-003-03-03,2026-01-16 12:00:00,88.88,3.282,96.26
SENSOR-00006215,MCH-003-03-03,2026-01-16 16:00:00,79.69,2.681,107.81
SENSOR-00006216,MCH-003-03-03,2026-01-16 20:00:00,80.64,3.42,98.4
SENSOR-00006217,MCH-003-03-03,2026-01-17 00:00:00,82.99,3.124,96.57
SENSOR-00006218,MCH-003-03-03,2026-01-17 04:00:00,79.04,3.123,98.1
SENSOR-00006219,MCH-003-03-03,2026-01-17 08:00:00,83.24,3.036,100.75
SENSOR-00006220,MCH-003-03-03,2026-01-17 12:00:00,81.83,3.005,94.35
SENSOR-00006221,MCH-003-03-03,2026-01-17 16:00:00,83.89,3.149,99.47
SENSOR-00006222,MCH-003-03-03,2026-01-17 20:00:00,91.74,3.168,99.53
SENSOR-00006223,MCH-003-03-03,2026-01-18 00:00:00,80.47,2.903,100.48
SENSOR-00006224,MCH-003-03-03,2026-01-18 04:00:00,80.55,3.094,97.86
SENSOR-00006225,MCH-003-03-03,2026-01-18 08:00:00,82.49,2.776,102.48
SENSOR-00006226,MCH-003-03-03,2026-01-18 12:00:00,88.91,3.102,99.89
SENSOR-00006227,MCH-003-03-03,2026-01-18 16:00:00,86.61,3.128,105.19
SENSOR-00006228,MCH-003-03-03,2026-01-18 20:00:00,78.83,3.343,99.66
SENSOR-00006229,MCH-003-03-03,2026-01-19 00:00:00,91.47,3.118,100.15
SENSOR-00006230,MCH-003-03-03,2026-01-19 04:00:00,80.85,3.175,95.49
SENSOR-00006231,MCH-003-03-03,2026-01-19 08:00:00,81.0,2.827,103.88
SENSOR-00006232,MCH-003-03-03,2026-01-19 12:00:00,77.48,2.833,93.86
SENSOR-00006233,MCH-003-03-03,2026-01-19 16:00:00,80.53,3.012,102.93
SENSOR-00006234,MCH-003-03-03,2026-01-19 20:00:00,83.2,3.025,100.9
SENSOR-00006235,MCH-003-03-03,2026-01-20 00:00:00,83.53,2.838,105.59
SENSOR-00006236,MCH-003-03-03,2026-01-20 04:00:00,86.44,2.73,98.74
SENSOR-00006237,MCH-003-03-03,2026-01-20 08:00:00,77.81,3.318,99.93
SENSOR-00006238,MCH-003-03-03,2026-01-20 12:00:00,84.11,2.917,99.05
SENSOR-00006239,MCH-003-03-03,2026-01-20 16:00:00,87.24,3.391,102.54
SENSOR-00006240,MCH-003-03-03,2026-01-20 20:00:00,77.88,3.081,100.76
SENSOR-00006241,MCH-003-03-03,2026-01-21 00:00:00,82.81,3.325,100.11
SENSOR-00006242,MCH-003-03-03,2026-01-21 04:00:00,81.59,3.14,96.17
SENSOR-00006243,MCH-003-03-03,2026-01-21 08:00:00,86.0,2.957,98.13
SENSOR-00006244,MCH-003-03-03,2026-01-21 12:00:00,86.14,3.025,98.95
SENSOR-00006245,MCH-003-03-03,2026-01-21 16:00:00,88.76,2.884,101.5
SENSOR-00006246,MCH-003-03-03,2026-01-21 20:00:00,87.89,3.419,106.53
SENSOR-00006247,MCH-003-03-03,2026-01-22 00:00:00,87.79,3.521,107.51
SENSOR-00006248,MCH-003-03-03,2026-01-22 04:00:00,85.07,3.441,97.63
SENSOR-00006249,MCH-003-03-03,2026-01-22 08:00:00,84.19,3.016,94.34
SENSOR-00006250,MCH-003-03-03,2026-01-22 12:00:00,77.68,3.235,101.35
SENSOR-00006251,MCH-003-03-03,2026-01-22 16:00:00,79.92,3.517,96.67
SENSOR-00006252,MCH-003-03-03,2026-01-22 20:00:00,85.12,3.024,100.32
SENSOR-00006253,MCH-003-03-03,2026-01-23 00:00:00,82.69,3.215,98.55
SENSOR-00006254,MCH-003-03-03,2026-01-23 04:00:00,83.46,3.532,96.11
SENSOR-00006255,MCH-003-03-03,2026-01-23 08:00:00,84.08,2.849,102.02
SENSOR-00006256,MCH-003-03-03,2026-01-23 12:00:00,81.18,3.137,96.03
SENSOR-00006257,MCH-003-03-03,2026-01-23 16:00:00,89.26,3.146,100.41
SENSOR-00006258,MCH-003-03-03,2026-01-23 20:00:00,87.41,2.814,98.15
SENSOR-00006259,MCH-003-03-03,2026-01-24 00:00:00,91.33,3.122,100.46
SENSOR-00006260,MCH-003-03-03,2026-01-24 04:00:00,83.99,3.207,101.2
SENSOR-00006261,MCH-003-03-03,2026-01-24 08:00:00,87.78,3.357,101.56
SENSOR-00006262,MCH-003-03-03,2026-01-24 12:00:00,90.13,3.134,98.17
SENSOR-00006263,MCH-003-03-03,2026-01-24 16:00:00,82.3,3.101,96.75
SENSOR-00006264,MCH-003-03-03,2026-01-24 20:00:00,81.64,2.842,101.03
SENSOR-00006265,MCH-003-03-03,2026-01-25 00:00:00,78.14,2.796,99.4
SENSOR-00006266,MCH-003-03-03,2026-01-25 04:00:00,80.7,3.052,95.18
SENSOR-00006267,MCH-003-03-03,2026-01-25 08:00:00,87.3,3.647,103.08
SENSOR-00006268,MCH-003-03-03,2026-01-25 12:00:00,88.61,3.284,100.8
SENSOR-00006269,MCH-003-03-03,2026-01-25 16:00:00,84.44,2.899,102.07
SENSOR-00006270,MCH-003-03-03,2026-01-25 20:00:00,86.61,3.012,101.58
SENSOR-00006271,MCH-003-03-03,2026-01-26 00:00:00,79.03,3.13,103.27
SENSOR-00006272,MCH-003-03-03,2026-01-26 04:00:00,86.0,2.999,97.88
SENSOR-00006273,MCH-003-03-03,2026-01-26 08:00:00,81.08,3.627,100.2
SENSOR-00006274,MCH-003-03-03,2026-01-26 12:00:00,84.89,2.6,96.46
SENSOR-00006275,MCH-003-03-03,2026-01-26 16:00:00,83.91,3.003,100.4
SENSOR-00006276,MCH-003-03-03,2026-01-26 20:00:00,84.57,3.277,94.39
SENSOR-00006277,MCH-003-03-03,2026-01-27 00:00:00,84.86,3.263,100.2
SENSOR-00006278,MCH-003-03-03,2026-01-27 04:00:00,86.97,2.584,98.24
SENSOR-00006279,MCH-003-03-03,2026-01-27 08:00:00,87.66,2.911,97.0
SENSOR-00006280,MCH-003-03-03,2026-01-27 12:00:00,83.59,3.123,98.4
SENSOR-00006281,MCH-003-03-03,2026-01-27 16:00:00,91.47,3.199,97.29
SENSOR-00006282,MCH-003-03-03,2026-01-27 20:00:00,78.33,3.229,97.22
SENSOR-00006283,MCH-003-03-03,2026-01-28 00:00:00,90.09,2.818,94.54
SENSOR-00006284,MCH-003-03-03,2026-01-28 04:00:00,84.76,3.249,100.44
SENSOR-00006285,MCH-003-03-03,2026-01-28 08:00:00,83.85,2.664,98.87
SENSOR-00006286,MCH-003-03-03,2026-01-28 12:00:00,83.19,2.99,94.24
SENSOR-00006287,MCH-003-03-03,2026-01-28 16:00:00,86.43,3.344,97.62
SENSOR-00006288,MCH-003-03-03,2026-01-28 20:00:00,83.35,3.003,98.54
SENSOR-00006289,MCH-003-03-03,2026-01-29 00:00:00,84.2,3.546,108.34
SENSOR-00006290,MCH-003-03-03,2026-01-29 04:00:00,83.61,3.211,101.82
SENSOR-00006291,MCH-003-03-03,2026-01-29 08:00:00,92.01,2.882,107.97
SENSOR-00006292,MCH-003-03-03,2026-01-29 12:00:00,82.82,2.835,99.05
SENSOR-00006293,MCH-003-03-03,2026-01-29 16:00:00,80.85,3.232,95.04
SENSOR-00006294,MCH-003-03-03,2026-01-29 20:00:00,84.66,3.293,104.45
SENSOR-00006295,MCH-003-03-03,2026-01-30 00:00:00,77.8,3.03,99.25
SENSOR-00006296,MCH-003-03-03,2026-01-30 04:00:00,82.38,3.309,99.35
SENSOR-00006297,MCH-003-03-03,2026-01-30 08:00:00,84.49,3.005,103.19
SENSOR-00006298,MCH-003-03-03,2026-01-30 12:00:00,88.65,3.05,108.55
SENSOR-00006299,MCH-003-03-03,2026-01-30 16:00:00,81.03,3.379,97.15
SENSOR-00006300,MCH-003-03-03,2026-01-30 20:00:00,87.18,3.301,96.96
SENSOR-00006301,MCH-003-03-04,2026-01-01 00:00:00,84.68,3.247,97.04
SENSOR-00006302,MCH-003-03-04,2026-01-01 04:00:00,90.66,3.06,98.91
SENSOR-00006303,MCH-003-03-04,2026-01-01 08:00:00,89.6,3.216,99.29
SENSOR-00006304,MCH-003-03-04,2026-01-01 12:00:00,86.08,3.311,99.64
SENSOR-00006305,MCH-003-03-04,2026-01-01 16:00:00,88.12,2.836,100.79
SENSOR-00006306,MCH-003-03-04,2026-01-01 20:00:00,87.63,3.31,93.28
SENSOR-00006307,MCH-003-03-04,2026-01-02 00:00:00,95.48,3.449,103.34
SENSOR-00006308,MCH-003-03-04,2026-01-02 04:00:00,92.54,3.225,99.7
SENSOR-00006309,MCH-003-03-04,2026-01-02 08:00:00,83.57,3.236,91.69
SENSOR-00006310,MCH-003-03-04,2026-01-02 12:00:00,84.44,3.211,99.53
SENSOR-00006311,MCH-003-03-04,2026-01-02 16:00:00,78.3,3.117,95.4
SENSOR-00006312,MCH-003-03-04,2026-01-02 20:00:00,91.52,3.09,93.81
SENSOR-00006313,MCH-003-03-04,2026-01-03 00:00:00,84.16,2.821,102.85
SENSOR-00006314,MCH-003-03-04,2026-01-03 04:00:00,88.71,2.903,97.85
SENSOR-00006315,MCH-003-03-04,2026-01-03 08:00:00,82.73,3.146,100.77
SENSOR-00006316,MCH-003-03-04,2026-01-03 12:00:00,86.28,3.264,104.66
SENSOR-00006317,MCH-003-03-04,2026-01-03 16:00:00,84.67,2.828,95.17
SENSOR-00006318,MCH-003-03-04,2026-01-03 20:00:00,90.97,3.282,100.62
SENSOR-00006319,MCH-003-03-04,2026-01-04 00:00:00,82.6,2.809,100.85
SENSOR-00006320,MCH-003-03-04,2026-01-04 04:00:00,81.82,3.541,103.22
SENSOR-00006321,MCH-003-03-04,2026-01-04 08:00:00,79.34,3.111,97.73
SENSOR-00006322,MCH-003-03-04,2026-01-04 12:00:00,79.78,3.14,102.45
SENSOR-00006323,MCH-003-03-04,2026-01-04 16:00:00,84.1,3.025,93.38
SENSOR-00006324,MCH-003-03-04,2026-01-04 20:00:00,81.76,3.292,95.97
SENSOR-00006325,MCH-003-03-04,2026-01-05 00:00:00,89.64,3.156,103.32
SENSOR-00006326,MCH-003-03-04,2026-01-05 04:00:00,86.91,3.431,98.31
SENSOR-00006327,MCH-003-03-04,2026-01-05 08:00:00,78.94,3.345,100.39
SENSOR-00006328,MCH-003-03-04,2026-01-05 12:00:00,82.56,3.34,100.92
SENSOR-00006329,MCH-003-03-04,2026-01-05 16:00:00,86.98,2.898,102.93
SENSOR-00006330,MCH-003-03-04,2026-01-05 20:00:00,84.41,3.425,102.9
SENSOR-00006331,MCH-003-03-04,2026-01-06 00:00:00,82.8,2.994,100.92
SENSOR-00006332,MCH-003-03-04,2026-01-06 04:00:00,79.92,3.692,95.94
SENSOR-00006333,MCH-003-03-04,2026-01-06 08:00:00,80.62,2.893,100.6
SENSOR-00006334,MCH-003-03-04,2026-01-06 12:00:00,88.48,3.286,104.42
SENSOR-00006335,MCH-003-03-04,2026-01-06 16:00:00,81.12,3.319,99.09
SENSOR-00006336,MCH-003-03-04,2026-01-06 20:00:00,85.34,3.431,94.92
SENSOR-00006337,MCH-003-03-04,2026-01-07 00:00:00,80.15,3.719,101.54
SENSOR-00006338,MCH-003-03-04,2026-01-07 04:00:00,85.21,3.31,94.54
SENSOR-00006339,MCH-003-03-04,2026-01-07 08:00:00,82.44,3.6,99.04
SENSOR-00006340,MCH-003-03-04,2026-01-07 12:00:00,84.17,3.037,104.39
SENSOR-00006341,MCH-003-03-04,2026-01-07 16:00:00,83.45,2.841,107.74
SENSOR-00006342,MCH-003-03-04,2026-01-07 20:00:00,78.93,3.13,97.47
SENSOR-00006343,MCH-003-03-04,2026-01-08 00:00:00,90.12,2.718,102.18
SENSOR-00006344,MCH-003-03-04,2026-01-08 04:00:00,81.44,3.361,98.16
SENSOR-00006345,MCH-003-03-04,2026-01-08 08:00:00,87.25,2.767,94.92
SENSOR-00006346,MCH-003-03-04,2026-01-08 12:00:00,83.97,3.513,101.61
SENSOR-00006347,MCH-003-03-04,2026-01-08 16:00:00,86.54,3.369,98.81
SENSOR-00006348,MCH-003-03-04,2026-01-08 20:00:00,86.87,3.009,99.06
SENSOR-00006349,MCH-003-03-04,2026-01-09 00:00:00,90.93,3.417,102.87
SENSOR-00006350,MCH-003-03-04,2026-01-09 04:00:00,80.23,3.285,104.34
SENSOR-00006351,MCH-003-03-04,2026-01-09 08:00:00,80.63,2.937,102.21
SENSOR-00006352,MCH-003-03-04,2026-01-09 12:00:00,79.2,2.96,96.96
SENSOR-00006353,MCH-003-03-04,2026-01-09 16:00:00,87.42,2.981,99.15
SENSOR-00006354,MCH-003-03-04,2026-01-09 20:00:00,81.43,3.441,97.42
SENSOR-00006355,MCH-003-03-04,2026-01-10 00:00:00,82.17,3.149,101.59
SENSOR-00006356,MCH-003-03-04,2026-01-10 04:00:00,86.48,3.0,98.24
SENSOR-00006357,MCH-003-03-04,2026-01-10 08:00:00,83.24,2.972,96.3
SENSOR-00006358,MCH-003-03-04,2026-01-10 12:00:00,91.66,3.052,98.95
SENSOR-00006359,MCH-003-03-04,2026-01-10 16:00:00,83.15,3.134,101.3
SENSOR-00006360,MCH-003-03-04,2026-01-10 20:00:00,82.57,3.439,101.79
SENSOR-00006361,MCH-003-03-04,2026-01-11 00:00:00,74.37,3.062,103.48
SENSOR-00006362,MCH-003-03-04,2026-01-11 04:00:00,84.45,3.304,97.29
SENSOR-00006363,MCH-003-03-04,2026-01-11 08:00:00,85.82,3.155,100.73
SENSOR-00006364,MCH-003-03-04,2026-01-11 12:00:00,92.58,3.48,102.38
SENSOR-00006365,MCH-003-03-04,2026-01-11 16:00:00,87.64,2.927,98.59
SENSOR-00006366,MCH-003-03-04,2026-01-11 20:00:00,78.3,2.837,97.34
SENSOR-00006367,MCH-003-03-04,2026-01-12 00:00:00,75.41,3.119,96.41
SENSOR-00006368,MCH-003-03-04,2026-01-12 04:00:00,81.81,3.607,98.96
SENSOR-00006369,MCH-003-03-04,2026-01-12 08:00:00,80.01,3.276,98.93
SENSOR-00006370,MCH-003-03-04,2026-01-12 12:00:00,85.03,2.925,97.4
SENSOR-00006371,MCH-003-03-04,2026-01-12 16:00:00,81.28,3.354,99.32
SENSOR-00006372,MCH-003-03-04,2026-01-12 20:00:00,80.23,3.195,100.24
SENSOR-00006373,MCH-003-03-04,2026-01-13 00:00:00,80.02,2.877,99.7
SENSOR-00006374,MCH-003-03-04,2026-01-13 04:00:00,82.23,3.343,99.14
SENSOR-00006375,MCH-003-03-04,2026-01-13 08:00:00,85.64,2.942,99.93
SENSOR-00006376,MCH-003-03-04,2026-01-13 12:00:00,89.69,3.117,98.34
SENSOR-00006377,MCH-003-03-04,2026-01-13 16:00:00,80.97,3.149,104.23
SENSOR-00006378,MCH-003-03-04,2026-01-13 20:00:00,78.97,3.142,94.86
SENSOR-00006379,MCH-003-03-04,2026-01-14 00:00:00,82.03,3.333,93.07
SENSOR-00006380,MCH-003-03-04,2026-01-14 04:00:00,83.27,3.179,104.05
SENSOR-00006381,MCH-003-03-04,2026-01-14 08:00:00,84.77,3.201,101.13
SENSOR-00006382,MCH-003-03-04,2026-01-14 12:00:00,89.44,3.059,95.79
SENSOR-00006383,MCH-003-03-04,2026-01-14 16:00:00,78.05,3.32,100.67
SENSOR-00006384,MCH-003-03-04,2026-01-14 20:00:00,83.4,3.008,100.54
SENSOR-00006385,MCH-003-03-04,2026-01-15 00:00:00,75.36,3.272,102.72
SENSOR-00006386,MCH-003-03-04,2026-01-15 04:00:00,88.38,3.223,103.96
SENSOR-00006387,MCH-003-03-04,2026-01-15 08:00:00,91.56,3.079,101.34
SENSOR-00006388,MCH-003-03-04,2026-01-15 12:00:00,89.53,2.939,99.27
SENSOR-00006389,MCH-003-03-04,2026-01-15 16:00:00,81.92,3.269,94.31
SENSOR-00006390,MCH-003-03-04,2026-01-15 20:00:00,90.17,3.288,101.77
SENSOR-00006391,MCH-003-03-04,2026-01-16 00:00:00,83.82,3.438,97.89
SENSOR-00006392,MCH-003-03-04,2026-01-16 04:00:00,86.59,3.188,99.6
SENSOR-00006393,MCH-003-03-04,2026-01-16 08:00:00,82.91,3.068,100.1
SENSOR-00006394,MCH-003-03-04,2026-01-16 12:00:00,83.26,3.337,98.39
SENSOR-00006395,MCH-003-03-04,2026-01-16 16:00:00,90.7,3.009,102.76
SENSOR-00006396,MCH-003-03-04,2026-01-16 20:00:00,88.28,3.196,100.23
SENSOR-00006397,MCH-003-03-04,2026-01-17 00:00:00,87.0,3.292,102.93
SENSOR-00006398,MCH-003-03-04,2026-01-17 04:00:00,88.56,3.351,102.49
SENSOR-00006399,MCH-003-03-04,2026-01-17 08:00:00,86.87,3.345,94.47
SENSOR-00006400,MCH-003-03-04,2026-01-17 12:00:00,80.03,2.838,103.81
SENSOR-00006401,MCH-003-03-04,2026-01-17 16:00:00,81.29,2.998,100.02
SENSOR-00006402,MCH-003-03-04,2026-01-17 20:00:00,79.45,3.249,93.61
SENSOR-00006403,MCH-003-03-04,2026-01-18 00:00:00,80.44,3.386,101.32
SENSOR-00006404,MCH-003-03-04,2026-01-18 04:00:00,92.76,3.361,98.81
SENSOR-00006405,MCH-003-03-04,2026-01-18 08:00:00,85.58,3.26,103.49
SENSOR-00006406,MCH-003-03-04,2026-01-18 12:00:00,89.71,3.114,96.35
SENSOR-00006407,MCH-003-03-04,2026-01-18 16:00:00,77.01,2.869,98.22
SENSOR-00006408,MCH-003-03-04,2026-01-18 20:00:00,90.44,3.534,102.88
SENSOR-00006409,MCH-003-03-04,2026-01-19 00:00:00,86.7,2.986,100.03
SENSOR-00006410,MCH-003-03-04,2026-01-19 04:00:00,79.99,3.426,100.06
SENSOR-00006411,MCH-003-03-04,2026-01-19 08:00:00,87.14,2.85,100.52
SENSOR-00006412,MCH-003-03-04,2026-01-19 12:00:00,86.72,2.643,103.5
SENSOR-00006413,MCH-003-03-04,2026-01-19 16:00:00,79.43,3.207,105.36
SENSOR-00006414,MCH-003-03-04,2026-01-19 20:00:00,88.25,2.782,99.47
SENSOR-00006415,MCH-003-03-04,2026-01-20 00:00:00,84.38,3.098,101.8
SENSOR-00006416,MCH-003-03-04,2026-01-20 04:00:00,84.34,3.514,102.97
SENSOR-00006417,MCH-003-03-04,2026-01-20 08:00:00,81.24,3.495,100.96
SENSOR-00006418,MCH-003-03-04,2026-01-20 12:00:00,85.11,3.366,96.88
SENSOR-00006419,MCH-003-03-04,2026-01-20 16:00:00,78.91,3.16,98.18
SENSOR-00006420,MCH-003-03-04,2026-01-20 20:00:00,92.72,2.963,100.12
SENSOR-00006421,MCH-003-03-04,2026-01-21 00:00:00,81.83,2.655,97.02
SENSOR-00006422,MCH-003-03-04,2026-01-21 04:00:00,84.67,2.979,96.58
SENSOR-00006423,MCH-003-03-04,2026-01-21 08:00:00,84.63,3.49,99.83
SENSOR-00006424,MCH-003-03-04,2026-01-21 12:00:00,79.89,3.472,97.68
SENSOR-00006425,MCH-003-03-04,2026-01-21 16:00:00,90.34,3.088,100.31
SENSOR-00006426,MCH-003-03-04,2026-01-21 20:00:00,90.67,2.816,96.85
SENSOR-00006427,MCH-003-03-04,2026-01-22 00:00:00,81.6,3.159,105.84
SENSOR-00006428,MCH-003-03-04,2026-01-22 04:00:00,84.57,3.234,105.67
SENSOR-00006429,MCH-003-03-04,2026-01-22 08:00:00,81.63,2.963,98.59
SENSOR-00006430,MCH-003-03-04,2026-01-22 12:00:00,82.31,2.699,100.41
SENSOR-00006431,MCH-003-03-04,2026-01-22 16:00:00,85.29,3.108,100.74
SENSOR-00006432,MCH-003-03-04,2026-01-22 20:00:00,85.46,2.825,100.87
SENSOR-00006433,MCH-003-03-04,2026-01-23 00:00:00,84.86,3.075,100.52
SENSOR-00006434,MCH-003-03-04,2026-01-23 04:00:00,84.7,3.028,98.96
SENSOR-00006435,MCH-003-03-04,2026-01-23 08:00:00,77.02,3.362,100.89
SENSOR-00006436,MCH-003-03-04,2026-01-23 12:00:00,75.2,3.352,99.84
SENSOR-00006437,MCH-003-03-04,2026-01-23 16:00:00,80.68,2.898,97.94
SENSOR-00006438,MCH-003-03-04,2026-01-23 20:00:00,80.7,2.955,105.1
SENSOR-00006439,MCH-003-03-04,2026-01-24 00:00:00,84.23,3.242,100.95
SENSOR-00006440,MCH-003-03-04,2026-01-24 04:00:00,83.21,3.053,97.99
SENSOR-00006441,MCH-003-03-04,2026-01-24 08:00:00,88.76,3.078,100.99
SENSOR-00006442,MCH-003-03-04,2026-01-24 12:00:00,83.8,3.42,94.04
SENSOR-00006443,MCH-003-03-04,2026-01-24 16:00:00,85.64,2.84,101.17
SENSOR-00006444,MCH-003-03-04,2026-01-24 20:00:00,83.84,2.784,101.01
SENSOR-00006445,MCH-003-03-04,2026-01-25 00:00:00,89.61,3.095,98.0
SENSOR-00006446,MCH-003-03-04,2026-01-25 04:00:00,80.04,3.146,97.62
SENSOR-00006447,MCH-003-03-04,2026-01-25 08:00:00,90.04,2.936,97.93
SENSOR-00006448,MCH-003-03-04,2026-01-25 12:00:00,86.75,3.451,102.19
SENSOR-00006449,MCH-003-03-04,2026-01-25 16:00:00,88.66,3.134,99.8
SENSOR-00006450,MCH-003-03-04,2026-01-25 20:00:00,92.47,3.577,102.14
SENSOR-00006451,MCH-003-03-04,2026-01-26 00:00:00,85.9,3.343,101.12
SENSOR-00006452,MCH-003-03-04,2026-01-26 04:00:00,86.59,3.307,103.9
SENSOR-00006453,MCH-003-03-04,2026-01-26 08:00:00,90.15,3.041,101.07
SENSOR-00006454,MCH-003-03-04,2026-01-26 12:00:00,89.51,3.121,96.07
SENSOR-00006455,MCH-003-03-04,2026-01-26 16:00:00,80.79,2.944,98.63
SENSOR-00006456,MCH-003-03-04,2026-01-26 20:00:00,81.44,3.411,99.17
SENSOR-00006457,MCH-003-03-04,2026-01-27 00:00:00,79.06,3.266,103.39
SENSOR-00006458,MCH-003-03-04,2026-01-27 04:00:00,87.98,2.744,98.66
SENSOR-00006459,MCH-003-03-04,2026-01-27 08:00:00,87.29,3.326,100.83
SENSOR-00006460,MCH-003-03-04,2026-01-27 12:00:00,75.62,3.454,104.13
SENSOR-00006461,MCH-003-03-04,2026-01-27 16:00:00,85.08,3.211,101.51
SENSOR-00006462,MCH-003-03-04,2026-01-27 20:00:00,90.27,3.217,99.43
SENSOR-00006463,MCH-003-03-04,2026-01-28 00:00:00,88.23,3.141,100.44
SENSOR-00006464,MCH-003-03-04,2026-01-28 04:00:00,89.19,3.371,104.46
SENSOR-00006465,MCH-003-03-04,2026-01-28 08:00:00,81.74,2.984,99.0
SENSOR-00006466,MCH-003-03-04,2026-01-28 12:00:00,80.65,2.824,101.41
SENSOR-00006467,MCH-003-03-04,2026-01-28 16:00:00,86.03,3.216,101.06
SENSOR-00006468,MCH-003-03-04,2026-01-28 20:00:00,78.57,3.034,99.12
SENSOR-00006469,MCH-003-03-04,2026-01-29 00:00:00,84.43,3.279,99.47
SENSOR-00006470,MCH-003-03-04,2026-01-29 04:00:00,81.93,2.782,98.21
SENSOR-00006471,MCH-003-03-04,2026-01-29 08:00:00,87.77,3.469,97.68
SENSOR-00006472,MCH-003-03-04,2026-01-29 12:00:00,77.49,3.386,100.21
SENSOR-00006473,MCH-003-03-04,2026-01-29 16:00:00,79.04,2.376,97.11
SENSOR-00006474,MCH-003-03-04,2026-01-29 20:00:00,82.57,2.866,102.08
SENSOR-00006475,MCH-003-03-04,2026-01-30 00:00:00,82.78,2.987,99.15
SENSOR-00006476,MCH-003-03-04,2026-01-30 04:00:00,91.73,3.308,99.76
SENSOR-00006477,MCH-003-03-04,2026-01-30 08:00:00,89.4,3.201,95.09
SENSOR-00006478,MCH-003-03-04,2026-01-30 12:00:00,91.08,3.115,93.23
SENSOR-00006479,MCH-003-03-04,2026-01-30 16:00:00,78.03,3.436,95.25
SENSOR-00006480,MCH-003-03-04,2026-01-30 20:00:00,89.82,3.174,102.14
SENSOR-00006481,MCH-004-01-01,2026-01-01 00:00:00,75.28,1.619,96.62
SENSOR-00006482,MCH-004-01-01,2026-01-01 04:00:00,71.4,2.442,97.17
SENSOR-00006483,MCH-004-01-01,2026-01-01 08:00:00,83.61,2.208,96.95
SENSOR-00006484,MCH-004-01-01,2026-01-01 12:00:00,72.67,2.036,96.45
SENSOR-00006485,MCH-004-01-01,2026-01-01 16:00:00,77.47,2.402,101.55
SENSOR-00006486,MCH-004-01-01,2026-01-01 20:00:00,78.53,2.395,96.8
SENSOR-00006487,MCH-004-01-01,2026-01-02 00:00:00,70.98,2.555,103.89
SENSOR-00006488,MCH-004-01-01,2026-01-02 04:00:00,68.94,2.289,104.75
SENSOR-00006489,MCH-004-01-01,2026-01-02 08:00:00,72.88,2.172,102.58
SENSOR-00006490,MCH-004-01-01,2026-01-02 12:00:00,72.32,2.591,98.22
SENSOR-00006491,MCH-004-01-01,2026-01-02 16:00:00,71.52,2.471,100.3
SENSOR-00006492,MCH-004-01-01,2026-01-02 20:00:00,73.86,1.796,98.94
SENSOR-00006493,MCH-004-01-01,2026-01-03 00:00:00,73.74,2.465,95.58
SENSOR-00006494,MCH-004-01-01,2026-01-03 04:00:00,76.89,2.291,101.66
SENSOR-00006495,MCH-004-01-01,2026-01-03 08:00:00,82.99,2.146,96.33
SENSOR-00006496,MCH-004-01-01,2026-01-03 12:00:00,74.2,2.362,102.61
SENSOR-00006497,MCH-004-01-01,2026-01-03 16:00:00,71.27,2.066,95.4
SENSOR-00006498,MCH-004-01-01,2026-01-03 20:00:00,67.95,2.17,99.65
SENSOR-00006499,MCH-004-01-01,2026-01-04 00:00:00,79.18,2.464,104.18
SENSOR-00006500,MCH-004-01-01,2026-01-04 04:00:00,73.25,2.512,97.7
SENSOR-00006501,MCH-004-01-01,2026-01-04 08:00:00,69.94,2.819,96.74
SENSOR-00006502,MCH-004-01-01,2026-01-04 12:00:00,71.68,1.799,97.46
SENSOR-00006503,MCH-004-01-01,2026-01-04 16:00:00,69.44,2.106,100.9
SENSOR-00006504,MCH-004-01-01,2026-01-04 20:00:00,75.59,2.022,97.63
SENSOR-00006505,MCH-004-01-01,2026-01-05 00:00:00,74.32,2.192,100.32
SENSOR-00006506,MCH-004-01-01,2026-01-05 04:00:00,75.19,2.563,103.32
SENSOR-00006507,MCH-004-01-01,2026-01-05 08:00:00,67.39,2.112,100.28
SENSOR-00006508,MCH-004-01-01,2026-01-05 12:00:00,79.71,1.592,98.17
SENSOR-00006509,MCH-004-01-01,2026-01-05 16:00:00,67.31,1.931,102.96
SENSOR-00006510,MCH-004-01-01,2026-01-05 20:00:00,71.29,1.69,99.52
SENSOR-00006511,MCH-004-01-01,2026-01-06 00:00:00,78.26,2.266,95.54
SENSOR-00006512,MCH-004-01-01,2026-01-06 04:00:00,69.41,1.688,101.78
SENSOR-00006513,MCH-004-01-01,2026-01-06 08:00:00,75.32,2.294,99.63
SENSOR-00006514,MCH-004-01-01,2026-01-06 12:00:00,78.85,2.348,98.34
SENSOR-00006515,MCH-004-01-01,2026-01-06 16:00:00,74.01,2.786,101.87
SENSOR-00006516,MCH-004-01-01,2026-01-06 20:00:00,71.86,2.263,101.39
SENSOR-00006517,MCH-004-01-01,2026-01-07 00:00:00,64.98,1.512,100.68
SENSOR-00006518,MCH-004-01-01,2026-01-07 04:00:00,70.01,1.864,97.53
SENSOR-00006519,MCH-004-01-01,2026-01-07 08:00:00,77.12,2.363,102.32
SENSOR-00006520,MCH-004-01-01,2026-01-07 12:00:00,75.23,2.044,102.33
SENSOR-00006521,MCH-004-01-01,2026-01-07 16:00:00,75.76,2.244,100.18
SENSOR-00006522,MCH-004-01-01,2026-01-07 20:00:00,76.59,2.086,103.26
SENSOR-00006523,MCH-004-01-01,2026-01-08 00:00:00,86.64,2.108,101.08
SENSOR-00006524,MCH-004-01-01,2026-01-08 04:00:00,73.43,2.285,97.62
SENSOR-00006525,MCH-004-01-01,2026-01-08 08:00:00,77.69,2.06,94.69
SENSOR-00006526,MCH-004-01-01,2026-01-08 12:00:00,68.93,2.635,103.75
SENSOR-00006527,MCH-004-01-01,2026-01-08 16:00:00,65.39,2.477,94.05
SENSOR-00006528,MCH-004-01-01,2026-01-08 20:00:00,73.31,1.972,102.67
SENSOR-00006529,MCH-004-01-01,2026-01-09 00:00:00,78.47,1.949,102.16
SENSOR-00006530,MCH-004-01-01,2026-01-09 04:00:00,68.7,2.643,101.63
SENSOR-00006531,MCH-004-01-01,2026-01-09 08:00:00,77.28,2.098,106.55
SENSOR-00006532,MCH-004-01-01,2026-01-09 12:00:00,81.42,2.381,103.53
SENSOR-00006533,MCH-004-01-01,2026-01-09 16:00:00,72.21,1.957,102.39
SENSOR-00006534,MCH-004-01-01,2026-01-09 20:00:00,69.74,2.601,103.14
SENSOR-00006535,MCH-004-01-01,2026-01-10 00:00:00,84.44,2.25,100.91
SENSOR-00006536,MCH-004-01-01,2026-01-10 04:00:00,74.72,2.436,97.1
SENSOR-00006537,MCH-004-01-01,2026-01-10 08:00:00,73.11,2.481,99.0
SENSOR-00006538,MCH-004-01-01,2026-01-10 12:00:00,76.58,2.298,101.21
SENSOR-00006539,MCH-004-01-01,2026-01-10 16:00:00,78.03,2.217,95.64
SENSOR-00006540,MCH-004-01-01,2026-01-10 20:00:00,72.36,2.067,93.62
SENSOR-00006541,MCH-004-01-01,2026-01-11 00:00:00,74.51,2.564,98.95
SENSOR-00006542,MCH-004-01-01,2026-01-11 04:00:00,78.97,2.432,105.31
SENSOR-00006543,MCH-004-01-01,2026-01-11 08:00:00,75.75,2.737,100.9
SENSOR-00006544,MCH-004-01-01,2026-01-11 12:00:00,67.95,2.116,103.06
SENSOR-00006545,MCH-004-01-01,2026-01-11 16:00:00,77.42,2.196,105.41
SENSOR-00006546,MCH-004-01-01,2026-01-11 20:00:00,72.01,2.389,101.3
SENSOR-00006547,MCH-004-01-01,2026-01-12 00:00:00,78.49,2.141,100.38
SENSOR-00006548,MCH-004-01-01,2026-01-12 04:00:00,75.07,1.87,100.61
SENSOR-00006549,MCH-004-01-01,2026-01-12 08:00:00,74.82,2.559,97.12
SENSOR-00006550,MCH-004-01-01,2026-01-12 12:00:00,70.15,2.439,104.24
SENSOR-00006551,MCH-004-01-01,2026-01-12 16:00:00,71.05,1.965,99.05
SENSOR-00006552,MCH-004-01-01,2026-01-12 20:00:00,69.37,2.373,96.76
SENSOR-00006553,MCH-004-01-01,2026-01-13 00:00:00,74.39,2.234,101.4
SENSOR-00006554,MCH-004-01-01,2026-01-13 04:00:00,74.75,2.344,104.05
SENSOR-00006555,MCH-004-01-01,2026-01-13 08:00:00,73.36,2.263,102.41
SENSOR-00006556,MCH-004-01-01,2026-01-13 12:00:00,75.63,2.048,99.72
SENSOR-00006557,MCH-004-01-01,2026-01-13 16:00:00,75.17,2.127,98.38
SENSOR-00006558,MCH-004-01-01,2026-01-13 20:00:00,67.86,1.553,98.88
SENSOR-00006559,MCH-004-01-01,2026-01-14 00:00:00,67.64,2.537,105.09
SENSOR-00006560,MCH-004-01-01,2026-01-14 04:00:00,66.33,2.434,102.58
SENSOR-00006561,MCH-004-01-01,2026-01-14 08:00:00,72.57,1.668,99.11
SENSOR-00006562,MCH-004-01-01,2026-01-14 12:00:00,71.1,2.656,99.73
SENSOR-00006563,MCH-004-01-01,2026-01-14 16:00:00,71.77,2.127,100.98
SENSOR-00006564,MCH-004-01-01,2026-01-14 20:00:00,73.65,2.076,100.79
SENSOR-00006565,MCH-004-01-01,2026-01-15 00:00:00,74.09,2.28,103.01
SENSOR-00006566,MCH-004-01-01,2026-01-15 04:00:00,69.75,2.071,95.82
SENSOR-00006567,MCH-004-01-01,2026-01-15 08:00:00,71.15,2.338,94.61
SENSOR-00006568,MCH-004-01-01,2026-01-15 12:00:00,71.65,2.426,99.69
SENSOR-00006569,MCH-004-01-01,2026-01-15 16:00:00,73.72,1.897,99.7
SENSOR-00006570,MCH-004-01-01,2026-01-15 20:00:00,73.54,2.233,100.46
SENSOR-00006571,MCH-004-01-01,2026-01-16 00:00:00,69.82,2.21,101.72
SENSOR-00006572,MCH-004-01-01,2026-01-16 04:00:00,74.98,2.471,103.66
SENSOR-00006573,MCH-004-01-01,2026-01-16 08:00:00,72.79,2.322,94.3
SENSOR-00006574,MCH-004-01-01,2026-01-16 12:00:00,82.45,2.17,101.96
SENSOR-00006575,MCH-004-01-01,2026-01-16 16:00:00,71.76,2.164,99.29
SENSOR-00006576,MCH-004-01-01,2026-01-16 20:00:00,68.44,1.654,103.48
SENSOR-00006577,MCH-004-01-01,2026-01-17 00:00:00,75.56,2.365,105.64
SENSOR-00006578,MCH-004-01-01,2026-01-17 04:00:00,75.65,2.171,99.11
SENSOR-00006579,MCH-004-01-01,2026-01-17 08:00:00,81.52,2.185,101.76
SENSOR-00006580,MCH-004-01-01,2026-01-17 12:00:00,72.47,2.544,103.39
SENSOR-00006581,MCH-004-01-01,2026-01-17 16:00:00,73.33,2.172,98.71
SENSOR-00006582,MCH-004-01-01,2026-01-17 20:00:00,66.51,2.299,100.24
SENSOR-00006583,MCH-004-01-01,2026-01-18 00:00:00,78.02,2.651,100.35
SENSOR-00006584,MCH-004-01-01,2026-01-18 04:00:00,75.04,2.47,96.92
SENSOR-00006585,MCH-004-01-01,2026-01-18 08:00:00,71.48,2.32,106.08
SENSOR-00006586,MCH-004-01-01,2026-01-18 12:00:00,68.64,2.683,99.42
SENSOR-00006587,MCH-004-01-01,2026-01-18 16:00:00,73.28,2.578,106.06
SENSOR-00006588,MCH-004-01-01,2026-01-18 20:00:00,75.11,2.565,97.24
SENSOR-00006589,MCH-004-01-01,2026-01-19 00:00:00,70.7,2.564,103.79
SENSOR-00006590,MCH-004-01-01,2026-01-19 04:00:00,75.19,2.45,101.65
SENSOR-00006591,MCH-004-01-01,2026-01-19 08:00:00,69.47,1.969,99.85
SENSOR-00006592,MCH-004-01-01,2026-01-19 12:00:00,72.62,2.343,99.61
SENSOR-00006593,MCH-004-01-01,2026-01-19 16:00:00,66.61,1.746,102.21
SENSOR-00006594,MCH-004-01-01,2026-01-19 20:00:00,70.77,2.216,98.33
SENSOR-00006595,MCH-004-01-01,2026-01-20 00:00:00,78.88,2.48,102.87
SENSOR-00006596,MCH-004-01-01,2026-01-20 04:00:00,69.67,2.34,94.49
SENSOR-00006597,MCH-004-01-01,2026-01-20 08:00:00,79.03,2.118,98.55
SENSOR-00006598,MCH-004-01-01,2026-01-20 12:00:00,67.95,2.265,99.2
SENSOR-00006599,MCH-004-01-01,2026-01-20 16:00:00,80.71,2.489,98.46
SENSOR-00006600,MCH-004-01-01,2026-01-20 20:00:00,66.76,1.703,96.92
SENSOR-00006601,MCH-004-01-01,2026-01-21 00:00:00,67.74,2.252,102.49
SENSOR-00006602,MCH-004-01-01,2026-01-21 04:00:00,71.96,2.385,94.07
SENSOR-00006603,MCH-004-01-01,2026-01-21 08:00:00,65.19,2.356,103.14
SENSOR-00006604,MCH-004-01-01,2026-01-21 12:00:00,72.47,2.81,95.67
SENSOR-00006605,MCH-004-01-01,2026-01-21 16:00:00,70.7,2.309,101.39
SENSOR-00006606,MCH-004-01-01,2026-01-21 20:00:00,71.09,2.009,101.86
SENSOR-00006607,MCH-004-01-01,2026-01-22 00:00:00,73.55,1.806,102.83
SENSOR-00006608,MCH-004-01-01,2026-01-22 04:00:00,73.5,2.007,104.85
SENSOR-00006609,MCH-004-01-01,2026-01-22 08:00:00,73.59,1.94,104.72
SENSOR-00006610,MCH-004-01-01,2026-01-22 12:00:00,78.84,2.047,99.03
SENSOR-00006611,MCH-004-01-01,2026-01-22 16:00:00,71.59,1.801,100.97
SENSOR-00006612,MCH-004-01-01,2026-01-22 20:00:00,76.8,2.438,100.1
SENSOR-00006613,MCH-004-01-01,2026-01-23 00:00:00,70.15,2.315,96.73
SENSOR-00006614,MCH-004-01-01,2026-01-23 04:00:00,76.35,2.454,99.98
SENSOR-00006615,MCH-004-01-01,2026-01-23 08:00:00,70.82,2.352,97.34
SENSOR-00006616,MCH-004-01-01,2026-01-23 12:00:00,73.56,2.236,107.89
SENSOR-00006617,MCH-004-01-01,2026-01-23 16:00:00,68.51,1.607,98.09
SENSOR-00006618,MCH-004-01-01,2026-01-23 20:00:00,66.56,2.092,96.11
SENSOR-00006619,MCH-004-01-01,2026-01-24 00:00:00,79.8,2.391,97.66
SENSOR-00006620,MCH-004-01-01,2026-01-24 04:00:00,75.9,2.28,99.39
SENSOR-00006621,MCH-004-01-01,2026-01-24 08:00:00,73.81,2.462,93.65
SENSOR-00006622,MCH-004-01-01,2026-01-24 12:00:00,72.02,2.444,100.74
SENSOR-00006623,MCH-004-01-01,2026-01-24 16:00:00,68.92,1.682,105.1
SENSOR-00006624,MCH-004-01-01,2026-01-24 20:00:00,72.67,2.652,102.38
SENSOR-00006625,MCH-004-01-01,2026-01-25 00:00:00,75.19,2.346,102.63
SENSOR-00006626,MCH-004-01-01,2026-01-25 04:00:00,70.14,1.506,99.29
SENSOR-00006627,MCH-004-01-01,2026-01-25 08:00:00,72.5,1.984,95.48
SENSOR-00006628,MCH-004-01-01,2026-01-25 12:00:00,71.12,2.245,100.29
SENSOR-00006629,MCH-004-01-01,2026-01-25 16:00:00,64.28,1.835,103.39
SENSOR-00006630,MCH-004-01-01,2026-01-25 20:00:00,72.66,2.273,96.0
SENSOR-00006631,MCH-004-01-01,2026-01-26 00:00:00,72.64,2.196,98.09
SENSOR-00006632,MCH-004-01-01,2026-01-26 04:00:00,78.8,2.367,97.63
SENSOR-00006633,MCH-004-01-01,2026-01-26 08:00:00,71.85,2.543,91.48
SENSOR-00006634,MCH-004-01-01,2026-01-26 12:00:00,74.66,2.408,97.75
SENSOR-00006635,MCH-004-01-01,2026-01-26 16:00:00,74.04,2.399,96.31
SENSOR-00006636,MCH-004-01-01,2026-01-26 20:00:00,76.79,2.348,99.54
SENSOR-00006637,MCH-004-01-01,2026-01-27 00:00:00,66.47,2.312,101.98
SENSOR-00006638,MCH-004-01-01,2026-01-27 04:00:00,63.12,2.273,99.46
SENSOR-00006639,MCH-004-01-01,2026-01-27 08:00:00,76.4,2.381,94.58
SENSOR-00006640,MCH-004-01-01,2026-01-27 12:00:00,69.1,2.072,102.22
SENSOR-00006641,MCH-004-01-01,2026-01-27 16:00:00,74.92,2.119,100.43
SENSOR-00006642,MCH-004-01-01,2026-01-27 20:00:00,69.19,2.786,101.72
SENSOR-00006643,MCH-004-01-01,2026-01-28 00:00:00,77.39,2.091,101.31
SENSOR-00006644,MCH-004-01-01,2026-01-28 04:00:00,80.69,1.93,99.88
SENSOR-00006645,MCH-004-01-01,2026-01-28 08:00:00,79.36,2.444,99.46
SENSOR-00006646,MCH-004-01-01,2026-01-28 12:00:00,82.98,2.25,101.19
SENSOR-00006647,MCH-004-01-01,2026-01-28 16:00:00,80.02,2.519,103.97
SENSOR-00006648,MCH-004-01-01,2026-01-28 20:00:00,69.82,2.581,100.51
SENSOR-00006649,MCH-004-01-01,2026-01-29 00:00:00,71.73,2.455,97.79
SENSOR-00006650,MCH-004-01-01,2026-01-29 04:00:00,63.54,1.852,99.95
SENSOR-00006651,MCH-004-01-01,2026-01-29 08:00:00,71.07,1.965,105.88
SENSOR-00006652,MCH-004-01-01,2026-01-29 12:00:00,76.74,2.259,100.7
SENSOR-00006653,MCH-004-01-01,2026-01-29 16:00:00,72.36,1.96,103.09
SENSOR-00006654,MCH-004-01-01,2026-01-29 20:00:00,76.83,1.779,100.68
SENSOR-00006655,MCH-004-01-01,2026-01-30 00:00:00,69.74,2.4,105.88
SENSOR-00006656,MCH-004-01-01,2026-01-30 04:00:00,79.62,2.471,92.78
SENSOR-00006657,MCH-004-01-01,2026-01-30 08:00:00,65.96,2.54,104.86
SENSOR-00006658,MCH-004-01-01,2026-01-30 12:00:00,75.64,2.197,104.06
SENSOR-00006659,MCH-004-01-01,2026-01-30 16:00:00,76.44,2.558,94.43
SENSOR-00006660,MCH-004-01-01,2026-01-30 20:00:00,74.79,2.717,101.58
SENSOR-00006661,MCH-004-01-02,2026-01-01 00:00:00,82.07,2.691,102.56
SENSOR-00006662,MCH-004-01-02,2026-01-01 04:00:00,70.67,2.946,104.01
SENSOR-00006663,MCH-004-01-02,2026-01-01 08:00:00,80.9,2.739,102.6
SENSOR-00006664,MCH-004-01-02,2026-01-01 12:00:00,84.24,2.863,101.79
SENSOR-00006665,MCH-004-01-02,2026-01-01 16:00:00,85.78,2.922,97.6
SENSOR-00006666,MCH-004-01-02,2026-01-01 20:00:00,84.22,2.701,100.1
SENSOR-00006667,MCH-004-01-02,2026-01-02 00:00:00,77.18,3.212,98.24
SENSOR-00006668,MCH-004-01-02,2026-01-02 04:00:00,76.53,2.418,103.8
SENSOR-00006669,MCH-004-01-02,2026-01-02 08:00:00,85.16,2.825,97.05
SENSOR-00006670,MCH-004-01-02,2026-01-02 12:00:00,79.12,2.656,96.91
SENSOR-00006671,MCH-004-01-02,2026-01-02 16:00:00,77.19,2.858,98.18
SENSOR-00006672,MCH-004-01-02,2026-01-02 20:00:00,80.32,2.288,105.04
SENSOR-00006673,MCH-004-01-02,2026-01-03 00:00:00,84.45,2.84,97.3
SENSOR-00006674,MCH-004-01-02,2026-01-03 04:00:00,79.5,2.712,98.95
SENSOR-00006675,MCH-004-01-02,2026-01-03 08:00:00,79.09,2.923,97.84
SENSOR-00006676,MCH-004-01-02,2026-01-03 12:00:00,77.77,2.978,101.41
SENSOR-00006677,MCH-004-01-02,2026-01-03 16:00:00,84.27,3.091,95.92
SENSOR-00006678,MCH-004-01-02,2026-01-03 20:00:00,80.3,2.605,96.4
SENSOR-00006679,MCH-004-01-02,2026-01-04 00:00:00,79.08,2.623,93.95
SENSOR-00006680,MCH-004-01-02,2026-01-04 04:00:00,82.2,2.372,102.48
SENSOR-00006681,MCH-004-01-02,2026-01-04 08:00:00,86.11,2.411,103.51
SENSOR-00006682,MCH-004-01-02,2026-01-04 12:00:00,79.25,2.208,96.39
SENSOR-00006683,MCH-004-01-02,2026-01-04 16:00:00,79.86,2.832,95.26
SENSOR-00006684,MCH-004-01-02,2026-01-04 20:00:00,79.28,2.938,103.0
SENSOR-00006685,MCH-004-01-02,2026-01-05 00:00:00,78.77,2.8,97.71
SENSOR-00006686,MCH-004-01-02,2026-01-05 04:00:00,83.6,2.349,98.49
SENSOR-00006687,MCH-004-01-02,2026-01-05 08:00:00,79.0,2.849,101.97
SENSOR-00006688,MCH-004-01-02,2026-01-05 12:00:00,85.11,2.751,97.85
SENSOR-00006689,MCH-004-01-02,2026-01-05 16:00:00,78.57,2.652,101.56
SENSOR-00006690,MCH-004-01-02,2026-01-05 20:00:00,74.88,2.688,104.87
SENSOR-00006691,MCH-004-01-02,2026-01-06 00:00:00,82.83,3.158,101.34
SENSOR-00006692,MCH-004-01-02,2026-01-06 04:00:00,74.01,2.726,105.37
SENSOR-00006693,MCH-004-01-02,2026-01-06 08:00:00,77.91,2.767,100.72
SENSOR-00006694,MCH-004-01-02,2026-01-06 12:00:00,72.97,2.981,102.56
SENSOR-00006695,MCH-004-01-02,2026-01-06 16:00:00,71.18,2.399,97.09
SENSOR-00006696,MCH-004-01-02,2026-01-06 20:00:00,82.14,2.544,101.2
SENSOR-00006697,MCH-004-01-02,2026-01-07 00:00:00,86.67,2.621,104.1
SENSOR-00006698,MCH-004-01-02,2026-01-07 04:00:00,76.41,2.935,105.35
SENSOR-00006699,MCH-004-01-02,2026-01-07 08:00:00,77.8,2.565,98.71
SENSOR-00006700,MCH-004-01-02,2026-01-07 12:00:00,79.07,2.812,99.88
SENSOR-00006701,MCH-004-01-02,2026-01-07 16:00:00,77.47,3.221,99.4
SENSOR-00006702,MCH-004-01-02,2026-01-07 20:00:00,76.67,2.94,102.54
SENSOR-00006703,MCH-004-01-02,2026-01-08 00:00:00,72.81,2.748,102.33
SENSOR-00006704,MCH-004-01-02,2026-01-08 04:00:00,78.16,2.956,101.85
SENSOR-00006705,MCH-004-01-02,2026-01-08 08:00:00,83.75,3.275,107.84
SENSOR-00006706,MCH-004-01-02,2026-01-08 12:00:00,82.08,2.617,100.19
SENSOR-00006707,MCH-004-01-02,2026-01-08 16:00:00,85.44,2.509,104.34
SENSOR-00006708,MCH-004-01-02,2026-01-08 20:00:00,78.47,2.789,97.58
SENSOR-00006709,MCH-004-01-02,2026-01-09 00:00:00,81.87,2.779,100.45
SENSOR-00006710,MCH-004-01-02,2026-01-09 04:00:00,85.56,2.756,98.59
SENSOR-00006711,MCH-004-01-02,2026-01-09 08:00:00,74.62,3.05,98.72
SENSOR-00006712,MCH-004-01-02,2026-01-09 12:00:00,77.84,2.995,106.16
SENSOR-00006713,MCH-004-01-02,2026-01-09 16:00:00,80.15,2.698,99.98
SENSOR-00006714,MCH-004-01-02,2026-01-09 20:00:00,77.33,2.643,98.95
SENSOR-00006715,MCH-004-01-02,2026-01-10 00:00:00,85.02,2.808,103.75
SENSOR-00006716,MCH-004-01-02,2026-01-10 04:00:00,78.21,3.004,100.71
SENSOR-00006717,MCH-004-01-02,2026-01-10 08:00:00,82.68,2.974,97.18
SENSOR-00006718,MCH-004-01-02,2026-01-10 12:00:00,79.44,2.971,103.35
SENSOR-00006719,MCH-004-01-02,2026-01-10 16:00:00,84.16,2.758,104.62
SENSOR-00006720,MCH-004-01-02,2026-01-10 20:00:00,76.52,2.358,99.17
SENSOR-00006721,MCH-004-01-02,2026-01-11 00:00:00,79.97,2.543,99.99
SENSOR-00006722,MCH-004-01-02,2026-01-11 04:00:00,80.76,2.885,102.8
SENSOR-00006723,MCH-004-01-02,2026-01-11 08:00:00,79.81,2.469,101.4
SENSOR-00006724,MCH-004-01-02,2026-01-11 12:00:00,81.77,2.687,99.14
SENSOR-00006725,MCH-004-01-02,2026-01-11 16:00:00,89.05,2.409,101.48
SENSOR-00006726,MCH-004-01-02,2026-01-11 20:00:00,83.33,2.647,99.49
SENSOR-00006727,MCH-004-01-02,2026-01-12 00:00:00,85.03,2.332,101.28
SENSOR-00006728,MCH-004-01-02,2026-01-12 04:00:00,76.28,2.623,98.55
SENSOR-00006729,MCH-004-01-02,2026-01-12 08:00:00,75.29,2.319,101.17
SENSOR-00006730,MCH-004-01-02,2026-01-12 12:00:00,78.89,2.657,102.28
SENSOR-00006731,MCH-004-01-02,2026-01-12 16:00:00,80.96,2.665,109.15
SENSOR-00006732,MCH-004-01-02,2026-01-12 20:00:00,83.22,3.343,98.76
SENSOR-00006733,MCH-004-01-02,2026-01-13 00:00:00,81.28,2.507,102.76
SENSOR-00006734,MCH-004-01-02,2026-01-13 04:00:00,72.0,2.702,94.46
SENSOR-00006735,MCH-004-01-02,2026-01-13 08:00:00,77.19,2.66,98.2
SENSOR-00006736,MCH-004-01-02,2026-01-13 12:00:00,77.15,2.975,106.52
SENSOR-00006737,MCH-004-01-02,2026-01-13 16:00:00,80.51,2.517,100.19
SENSOR-00006738,MCH-004-01-02,2026-01-13 20:00:00,77.73,2.954,100.86
SENSOR-00006739,MCH-004-01-02,2026-01-14 00:00:00,78.71,2.831,98.09
SENSOR-00006740,MCH-004-01-02,2026-01-14 04:00:00,80.52,2.774,98.65
SENSOR-00006741,MCH-004-01-02,2026-01-14 08:00:00,84.74,2.673,100.4
SENSOR-00006742,MCH-004-01-02,2026-01-14 12:00:00,73.28,2.862,98.57
SENSOR-00006743,MCH-004-01-02,2026-01-14 16:00:00,82.98,2.404,101.29
SENSOR-00006744,MCH-004-01-02,2026-01-14 20:00:00,70.42,2.886,99.48
SENSOR-00006745,MCH-004-01-02,2026-01-15 00:00:00,86.5,2.815,98.13
SENSOR-00006746,MCH-004-01-02,2026-01-15 04:00:00,80.85,2.796,99.47
SENSOR-00006747,MCH-004-01-02,2026-01-15 08:00:00,77.98,2.978,105.18
SENSOR-00006748,MCH-004-01-02,2026-01-15 12:00:00,71.01,3.04,100.06
SENSOR-00006749,MCH-004-01-02,2026-01-15 16:00:00,80.1,3.07,92.04
SENSOR-00006750,MCH-004-01-02,2026-01-15 20:00:00,82.41,3.053,97.93
SENSOR-00006751,MCH-004-01-02,2026-01-16 00:00:00,76.83,2.741,95.38
SENSOR-00006752,MCH-004-01-02,2026-01-16 04:00:00,81.46,2.112,101.09
SENSOR-00006753,MCH-004-01-02,2026-01-16 08:00:00,80.98,2.533,96.3
SENSOR-00006754,MCH-004-01-02,2026-01-16 12:00:00,77.52,2.892,101.04
SENSOR-00006755,MCH-004-01-02,2026-01-16 16:00:00,74.7,2.758,100.79
SENSOR-00006756,MCH-004-01-02,2026-01-16 20:00:00,80.03,2.485,100.47
SENSOR-00006757,MCH-004-01-02,2026-01-17 00:00:00,73.4,2.654,101.39
SENSOR-00006758,MCH-004-01-02,2026-01-17 04:00:00,83.83,2.346,100.3
SENSOR-00006759,MCH-004-01-02,2026-01-17 08:00:00,78.88,2.741,100.42
SENSOR-00006760,MCH-004-01-02,2026-01-17 12:00:00,79.02,3.08,103.73
SENSOR-00006761,MCH-004-01-02,2026-01-17 16:00:00,87.72,2.729,98.77
SENSOR-00006762,MCH-004-01-02,2026-01-17 20:00:00,75.28,2.602,102.14
SENSOR-00006763,MCH-004-01-02,2026-01-18 00:00:00,76.22,2.436,97.93
SENSOR-00006764,MCH-004-01-02,2026-01-18 04:00:00,80.82,2.505,104.66
SENSOR-00006765,MCH-004-01-02,2026-01-18 08:00:00,78.32,2.907,101.86
SENSOR-00006766,MCH-004-01-02,2026-01-18 12:00:00,85.64,2.622,100.32
SENSOR-00006767,MCH-004-01-02,2026-01-18 16:00:00,73.54,2.758,103.42
SENSOR-00006768,MCH-004-01-02,2026-01-18 20:00:00,80.03,3.31,101.56
SENSOR-00006769,MCH-004-01-02,2026-01-19 00:00:00,78.75,2.481,104.68
SENSOR-00006770,MCH-004-01-02,2026-01-19 04:00:00,67.37,2.742,100.65
SENSOR-00006771,MCH-004-01-02,2026-01-19 08:00:00,79.11,2.857,100.33
SENSOR-00006772,MCH-004-01-02,2026-01-19 12:00:00,81.15,2.581,95.62
SENSOR-00006773,MCH-004-01-02,2026-01-19 16:00:00,78.96,2.475,97.81
SENSOR-00006774,MCH-004-01-02,2026-01-19 20:00:00,83.8,3.121,103.43
SENSOR-00006775,MCH-004-01-02,2026-01-20 00:00:00,74.3,2.411,100.76
SENSOR-00006776,MCH-004-01-02,2026-01-20 04:00:00,80.57,3.345,99.73
SENSOR-00006777,MCH-004-01-02,2026-01-20 08:00:00,82.24,2.772,102.07
SENSOR-00006778,MCH-004-01-02,2026-01-20 12:00:00,79.72,3.007,96.84
SENSOR-00006779,MCH-004-01-02,2026-01-20 16:00:00,69.36,2.836,94.58
SENSOR-00006780,MCH-004-01-02,2026-01-20 20:00:00,84.4,2.595,96.89
SENSOR-00006781,MCH-004-01-02,2026-01-21 00:00:00,77.98,2.502,100.14
SENSOR-00006782,MCH-004-01-02,2026-01-21 04:00:00,71.9,2.963,99.13
SENSOR-00006783,MCH-004-01-02,2026-01-21 08:00:00,77.24,2.698,99.5
SENSOR-00006784,MCH-004-01-02,2026-01-21 12:00:00,83.71,2.458,98.85
SENSOR-00006785,MCH-004-01-02,2026-01-21 16:00:00,78.28,2.466,100.48
SENSOR-00006786,MCH-004-01-02,2026-01-21 20:00:00,76.25,2.381,101.58
SENSOR-00006787,MCH-004-01-02,2026-01-22 00:00:00,83.95,2.97,101.8
SENSOR-00006788,MCH-004-01-02,2026-01-22 04:00:00,68.13,2.731,102.68
SENSOR-00006789,MCH-004-01-02,2026-01-22 08:00:00,80.67,2.783,102.69
SENSOR-00006790,MCH-004-01-02,2026-01-22 12:00:00,79.71,3.033,100.49
SENSOR-00006791,MCH-004-01-02,2026-01-22 16:00:00,79.48,2.955,98.8
SENSOR-00006792,MCH-004-01-02,2026-01-22 20:00:00,74.76,2.733,101.77
SENSOR-00006793,MCH-004-01-02,2026-01-23 00:00:00,90.55,2.356,100.47
SENSOR-00006794,MCH-004-01-02,2026-01-23 04:00:00,80.66,2.859,97.1
SENSOR-00006795,MCH-004-01-02,2026-01-23 08:00:00,81.21,2.598,95.72
SENSOR-00006796,MCH-004-01-02,2026-01-23 12:00:00,82.96,2.898,97.1
SENSOR-00006797,MCH-004-01-02,2026-01-23 16:00:00,76.97,2.587,95.07
SENSOR-00006798,MCH-004-01-02,2026-01-23 20:00:00,82.2,2.932,99.0
SENSOR-00006799,MCH-004-01-02,2026-01-24 00:00:00,73.95,2.725,99.85
SENSOR-00006800,MCH-004-01-02,2026-01-24 04:00:00,79.56,2.509,100.61
SENSOR-00006801,MCH-004-01-02,2026-01-24 08:00:00,80.34,3.023,100.56
SENSOR-00006802,MCH-004-01-02,2026-01-24 12:00:00,76.75,2.395,95.41
SENSOR-00006803,MCH-004-01-02,2026-01-24 16:00:00,80.44,2.93,97.33
SENSOR-00006804,MCH-004-01-02,2026-01-24 20:00:00,80.17,2.688,102.15
SENSOR-00006805,MCH-004-01-02,2026-01-25 00:00:00,75.4,2.555,96.88
SENSOR-00006806,MCH-004-01-02,2026-01-25 04:00:00,84.54,2.746,106.76
SENSOR-00006807,MCH-004-01-02,2026-01-25 08:00:00,80.63,2.879,96.82
SENSOR-00006808,MCH-004-01-02,2026-01-25 12:00:00,78.28,2.75,98.09
SENSOR-00006809,MCH-004-01-02,2026-01-25 16:00:00,77.29,2.837,101.32
SENSOR-00006810,MCH-004-01-02,2026-01-25 20:00:00,73.8,2.803,101.66
SENSOR-00006811,MCH-004-01-02,2026-01-26 00:00:00,83.16,2.438,97.88
SENSOR-00006812,MCH-004-01-02,2026-01-26 04:00:00,79.25,2.976,98.38
SENSOR-00006813,MCH-004-01-02,2026-01-26 08:00:00,78.98,2.566,100.07
SENSOR-00006814,MCH-004-01-02,2026-01-26 12:00:00,83.34,2.758,98.93
SENSOR-00006815,MCH-004-01-02,2026-01-26 16:00:00,79.02,2.532,97.02
SENSOR-00006816,MCH-004-01-02,2026-01-26 20:00:00,83.96,3.141,94.63
SENSOR-00006817,MCH-004-01-02,2026-01-27 00:00:00,73.31,2.925,101.63
SENSOR-00006818,MCH-004-01-02,2026-01-27 04:00:00,84.13,2.467,102.17
SENSOR-00006819,MCH-004-01-02,2026-01-27 08:00:00,76.22,2.888,99.89
SENSOR-00006820,MCH-004-01-02,2026-01-27 12:00:00,86.75,2.844,99.06
SENSOR-00006821,MCH-004-01-02,2026-01-27 16:00:00,79.7,2.707,96.54
SENSOR-00006822,MCH-004-01-02,2026-01-27 20:00:00,86.85,3.132,99.47
SENSOR-00006823,MCH-004-01-02,2026-01-28 00:00:00,84.15,2.907,101.06
SENSOR-00006824,MCH-004-01-02,2026-01-28 04:00:00,75.16,2.812,98.11
SENSOR-00006825,MCH-004-01-02,2026-01-28 08:00:00,81.25,2.541,101.56
SENSOR-00006826,MCH-004-01-02,2026-01-28 12:00:00,84.44,2.826,100.99
SENSOR-00006827,MCH-004-01-02,2026-01-28 16:00:00,82.8,3.175,99.68
SENSOR-00006828,MCH-004-01-02,2026-01-28 20:00:00,81.23,3.11,102.01
SENSOR-00006829,MCH-004-01-02,2026-01-29 00:00:00,77.7,2.627,104.61
SENSOR-00006830,MCH-004-01-02,2026-01-29 04:00:00,75.01,2.918,104.16
SENSOR-00006831,MCH-004-01-02,2026-01-29 08:00:00,82.43,2.841,99.51
SENSOR-00006832,MCH-004-01-02,2026-01-29 12:00:00,86.55,2.671,102.84
SENSOR-00006833,MCH-004-01-02,2026-01-29 16:00:00,78.51,2.272,99.19
SENSOR-00006834,MCH-004-01-02,2026-01-29 20:00:00,78.52,2.696,98.02
SENSOR-00006835,MCH-004-01-02,2026-01-30 00:00:00,76.75,3.23,98.91
SENSOR-00006836,MCH-004-01-02,2026-01-30 04:00:00,75.09,2.392,96.77
SENSOR-00006837,MCH-004-01-02,2026-01-30 08:00:00,80.48,2.668,98.1
SENSOR-00006838,MCH-004-01-02,2026-01-30 12:00:00,75.76,2.46,97.33
SENSOR-00006839,MCH-004-01-02,2026-01-30 16:00:00,83.21,3.183,105.6
SENSOR-00006840,MCH-004-01-02,2026-01-30 20:00:00,81.9,2.609,98.0
SENSOR-00006841,MCH-004-01-03,2026-01-01 00:00:00,82.86,3.155,106.61
SENSOR-00006842,MCH-004-01-03,2026-01-01 04:00:00,81.3,2.298,101.43
SENSOR-00006843,MCH-004-01-03,2026-01-01 08:00:00,82.62,2.714,100.65
SENSOR-00006844,MCH-004-01-03,2026-01-01 12:00:00,77.72,2.739,103.05
SENSOR-00006845,MCH-004-01-03,2026-01-01 16:00:00,85.21,2.455,98.47
SENSOR-00006846,MCH-004-01-03,2026-01-01 20:00:00,73.3,3.232,102.61
SENSOR-00006847,MCH-004-01-03,2026-01-02 00:00:00,77.12,2.784,98.63
SENSOR-00006848,MCH-004-01-03,2026-01-02 04:00:00,79.63,2.912,95.4
SENSOR-00006849,MCH-004-01-03,2026-01-02 08:00:00,76.62,2.764,104.7
SENSOR-00006850,MCH-004-01-03,2026-01-02 12:00:00,83.04,2.772,101.21
SENSOR-00006851,MCH-004-01-03,2026-01-02 16:00:00,79.25,3.042,101.3
SENSOR-00006852,MCH-004-01-03,2026-01-02 20:00:00,84.77,2.434,97.58
SENSOR-00006853,MCH-004-01-03,2026-01-03 00:00:00,85.79,3.149,100.79
SENSOR-00006854,MCH-004-01-03,2026-01-03 04:00:00,73.19,2.735,101.41
SENSOR-00006855,MCH-004-01-03,2026-01-03 08:00:00,83.64,2.33,97.69
SENSOR-00006856,MCH-004-01-03,2026-01-03 12:00:00,84.05,3.148,101.29
SENSOR-00006857,MCH-004-01-03,2026-01-03 16:00:00,84.25,2.886,102.89
SENSOR-00006858,MCH-004-01-03,2026-01-03 20:00:00,80.24,2.893,96.33
SENSOR-00006859,MCH-004-01-03,2026-01-04 00:00:00,73.65,2.529,96.8
SENSOR-00006860,MCH-004-01-03,2026-01-04 04:00:00,85.92,3.108,97.01
SENSOR-00006861,MCH-004-01-03,2026-01-04 08:00:00,86.5,3.093,95.11
SENSOR-00006862,MCH-004-01-03,2026-01-04 12:00:00,75.54,2.358,99.74
SENSOR-00006863,MCH-004-01-03,2026-01-04 16:00:00,79.73,2.776,93.92
SENSOR-00006864,MCH-004-01-03,2026-01-04 20:00:00,73.95,2.838,101.87
SENSOR-00006865,MCH-004-01-03,2026-01-05 00:00:00,78.44,3.008,101.83
SENSOR-00006866,MCH-004-01-03,2026-01-05 04:00:00,77.8,2.598,99.3
SENSOR-00006867,MCH-004-01-03,2026-01-05 08:00:00,74.5,2.748,99.75
SENSOR-00006868,MCH-004-01-03,2026-01-05 12:00:00,77.99,3.023,96.79
SENSOR-00006869,MCH-004-01-03,2026-01-05 16:00:00,72.84,2.641,100.37
SENSOR-00006870,MCH-004-01-03,2026-01-05 20:00:00,79.23,2.735,96.62
SENSOR-00006871,MCH-004-01-03,2026-01-06 00:00:00,74.35,2.921,102.67
SENSOR-00006872,MCH-004-01-03,2026-01-06 04:00:00,73.02,2.937,101.86
SENSOR-00006873,MCH-004-01-03,2026-01-06 08:00:00,85.24,3.01,104.06
SENSOR-00006874,MCH-004-01-03,2026-01-06 12:00:00,81.61,2.886,98.99
SENSOR-00006875,MCH-004-01-03,2026-01-06 16:00:00,82.94,2.439,99.58
SENSOR-00006876,MCH-004-01-03,2026-01-06 20:00:00,81.82,3.125,98.57
SENSOR-00006877,MCH-004-01-03,2026-01-07 00:00:00,73.72,2.872,94.97
SENSOR-00006878,MCH-004-01-03,2026-01-07 04:00:00,85.91,3.157,103.11
SENSOR-00006879,MCH-004-01-03,2026-01-07 08:00:00,79.61,3.189,104.04
SENSOR-00006880,MCH-004-01-03,2026-01-07 12:00:00,77.53,3.132,97.26
SENSOR-00006881,MCH-004-01-03,2026-01-07 16:00:00,78.87,2.324,100.44
SENSOR-00006882,MCH-004-01-03,2026-01-07 20:00:00,78.48,2.66,99.5
SENSOR-00006883,MCH-004-01-03,2026-01-08 00:00:00,81.73,2.572,95.98
SENSOR-00006884,MCH-004-01-03,2026-01-08 04:00:00,80.0,2.961,103.02
SENSOR-00006885,MCH-004-01-03,2026-01-08 08:00:00,84.47,2.865,99.21
SENSOR-00006886,MCH-004-01-03,2026-01-08 12:00:00,79.65,2.462,97.95
SENSOR-00006887,MCH-004-01-03,2026-01-08 16:00:00,79.44,2.706,100.28
SENSOR-00006888,MCH-004-01-03,2026-01-08 20:00:00,74.16,2.485,102.33
SENSOR-00006889,MCH-004-01-03,2026-01-09 00:00:00,80.28,2.648,99.93
SENSOR-00006890,MCH-004-01-03,2026-01-09 04:00:00,84.54,2.601,97.91
SENSOR-00006891,MCH-004-01-03,2026-01-09 08:00:00,78.39,3.141,99.73
SENSOR-00006892,MCH-004-01-03,2026-01-09 12:00:00,84.59,2.728,103.57
SENSOR-00006893,MCH-004-01-03,2026-01-09 16:00:00,81.29,2.911,95.69
SENSOR-00006894,MCH-004-01-03,2026-01-09 20:00:00,73.32,3.04,103.17
SENSOR-00006895,MCH-004-01-03,2026-01-10 00:00:00,79.79,2.981,103.38
SENSOR-00006896,MCH-004-01-03,2026-01-10 04:00:00,82.43,2.886,99.58
SENSOR-00006897,MCH-004-01-03,2026-01-10 08:00:00,77.38,2.907,96.85
SENSOR-00006898,MCH-004-01-03,2026-01-10 12:00:00,80.13,2.504,99.88
SENSOR-00006899,MCH-004-01-03,2026-01-10 16:00:00,75.44,2.672,97.97
SENSOR-00006900,MCH-004-01-03,2026-01-10 20:00:00,76.47,2.751,92.73
SENSOR-00006901,MCH-004-01-03,2026-01-11 00:00:00,87.28,2.831,100.59
SENSOR-00006902,MCH-004-01-03,2026-01-11 04:00:00,81.52,2.309,98.22
SENSOR-00006903,MCH-004-01-03,2026-01-11 08:00:00,81.48,2.772,106.62
SENSOR-00006904,MCH-004-01-03,2026-01-11 12:00:00,77.52,3.008,102.42
SENSOR-00006905,MCH-004-01-03,2026-01-11 16:00:00,80.23,2.854,99.13
SENSOR-00006906,MCH-004-01-03,2026-01-11 20:00:00,71.76,2.86,101.29
SENSOR-00006907,MCH-004-01-03,2026-01-12 00:00:00,77.6,2.96,98.97
SENSOR-00006908,MCH-004-01-03,2026-01-12 04:00:00,80.13,2.727,98.27
SENSOR-00006909,MCH-004-01-03,2026-01-12 08:00:00,88.66,2.563,93.14
SENSOR-00006910,MCH-004-01-03,2026-01-12 12:00:00,76.44,2.805,98.87
SENSOR-00006911,MCH-004-01-03,2026-01-12 16:00:00,83.73,3.018,99.04
SENSOR-00006912,MCH-004-01-03,2026-01-12 20:00:00,72.93,2.452,99.9
SENSOR-00006913,MCH-004-01-03,2026-01-13 00:00:00,80.61,2.954,102.69
SENSOR-00006914,MCH-004-01-03,2026-01-13 04:00:00,80.17,2.901,98.46
SENSOR-00006915,MCH-004-01-03,2026-01-13 08:00:00,84.19,2.551,99.38
SENSOR-00006916,MCH-004-01-03,2026-01-13 12:00:00,84.6,2.652,95.98
SENSOR-00006917,MCH-004-01-03,2026-01-13 16:00:00,78.01,3.12,93.19
SENSOR-00006918,MCH-004-01-03,2026-01-13 20:00:00,80.07,2.614,99.5
SENSOR-00006919,MCH-004-01-03,2026-01-14 00:00:00,81.94,2.484,100.71
SENSOR-00006920,MCH-004-01-03,2026-01-14 04:00:00,78.64,2.667,97.93
SENSOR-00006921,MCH-004-01-03,2026-01-14 08:00:00,77.15,3.086,98.91
SENSOR-00006922,MCH-004-01-03,2026-01-14 12:00:00,84.23,2.805,96.6
SENSOR-00006923,MCH-004-01-03,2026-01-14 16:00:00,80.42,2.476,101.82
SENSOR-00006924,MCH-004-01-03,2026-01-14 20:00:00,78.83,2.986,104.3
SENSOR-00006925,MCH-004-01-03,2026-01-15 00:00:00,80.23,2.784,97.49
SENSOR-00006926,MCH-004-01-03,2026-01-15 04:00:00,77.72,2.786,103.97
SENSOR-00006927,MCH-004-01-03,2026-01-15 08:00:00,80.99,2.632,99.31
SENSOR-00006928,MCH-004-01-03,2026-01-15 12:00:00,82.74,3.193,96.69
SENSOR-00006929,MCH-004-01-03,2026-01-15 16:00:00,84.11,2.694,95.13
SENSOR-00006930,MCH-004-01-03,2026-01-15 20:00:00,72.37,3.106,104.36
SENSOR-00006931,MCH-004-01-03,2026-01-16 00:00:00,75.33,2.857,98.04
SENSOR-00006932,MCH-004-01-03,2026-01-16 04:00:00,70.19,3.022,103.15
SENSOR-00006933,MCH-004-01-03,2026-01-16 08:00:00,77.57,2.841,101.31
SENSOR-00006934,MCH-004-01-03,2026-01-16 12:00:00,81.54,3.204,101.25
SENSOR-00006935,MCH-004-01-03,2026-01-16 16:00:00,78.23,2.88,98.71
SENSOR-00006936,MCH-004-01-03,2026-01-16 20:00:00,75.39,3.077,101.6
SENSOR-00006937,MCH-004-01-03,2026-01-17 00:00:00,85.66,2.545,100.8
SENSOR-00006938,MCH-004-01-03,2026-01-17 04:00:00,87.89,2.887,107.1
SENSOR-00006939,MCH-004-01-03,2026-01-17 08:00:00,77.11,3.222,100.05
SENSOR-00006940,MCH-004-01-03,2026-01-17 12:00:00,78.35,2.933,99.67
SENSOR-00006941,MCH-004-01-03,2026-01-17 16:00:00,79.32,2.894,94.58
SENSOR-00006942,MCH-004-01-03,2026-01-17 20:00:00,76.46,2.953,102.97
SENSOR-00006943,MCH-004-01-03,2026-01-18 00:00:00,71.22,2.458,99.95
SENSOR-00006944,MCH-004-01-03,2026-01-18 04:00:00,83.71,2.668,98.0
SENSOR-00006945,MCH-004-01-03,2026-01-18 08:00:00,81.77,2.691,102.64
SENSOR-00006946,MCH-004-01-03,2026-01-18 12:00:00,78.77,2.494,104.26
SENSOR-00006947,MCH-004-01-03,2026-01-18 16:00:00,84.61,2.534,101.19
SENSOR-00006948,MCH-004-01-03,2026-01-18 20:00:00,78.35,2.927,97.37
SENSOR-00006949,MCH-004-01-03,2026-01-19 00:00:00,73.36,2.693,105.24
SENSOR-00006950,MCH-004-01-03,2026-01-19 04:00:00,87.91,2.613,97.26
SENSOR-00006951,MCH-004-01-03,2026-01-19 08:00:00,77.82,3.223,102.53
SENSOR-00006952,MCH-004-01-03,2026-01-19 12:00:00,85.51,3.022,96.04
SENSOR-00006953,MCH-004-01-03,2026-01-19 16:00:00,75.86,2.599,98.43
SENSOR-00006954,MCH-004-01-03,2026-01-19 20:00:00,76.94,2.632,101.92
SENSOR-00006955,MCH-004-01-03,2026-01-20 00:00:00,79.95,2.675,95.97
SENSOR-00006956,MCH-004-01-03,2026-01-20 04:00:00,84.32,2.896,100.87
SENSOR-00006957,MCH-004-01-03,2026-01-20 08:00:00,79.64,2.655,96.66
SENSOR-00006958,MCH-004-01-03,2026-01-20 12:00:00,80.67,2.638,98.73
SENSOR-00006959,MCH-004-01-03,2026-01-20 16:00:00,86.53,2.761,92.64
SENSOR-00006960,MCH-004-01-03,2026-01-20 20:00:00,77.52,2.522,99.58
SENSOR-00006961,MCH-004-01-03,2026-01-21 00:00:00,81.03,2.827,103.38
SENSOR-00006962,MCH-004-01-03,2026-01-21 04:00:00,77.47,2.832,107.34
SENSOR-00006963,MCH-004-01-03,2026-01-21 08:00:00,79.49,2.772,96.21
SENSOR-00006964,MCH-004-01-03,2026-01-21 12:00:00,76.8,2.746,101.6
SENSOR-00006965,MCH-004-01-03,2026-01-21 16:00:00,82.25,2.854,102.41
SENSOR-00006966,MCH-004-01-03,2026-01-21 20:00:00,75.66,2.895,100.04
SENSOR-00006967,MCH-004-01-03,2026-01-22 00:00:00,79.9,2.681,102.6
SENSOR-00006968,MCH-004-01-03,2026-01-22 04:00:00,82.24,2.389,100.15
SENSOR-00006969,MCH-004-01-03,2026-01-22 08:00:00,75.82,2.807,90.54
SENSOR-00006970,MCH-004-01-03,2026-01-22 12:00:00,80.45,2.951,99.67
SENSOR-00006971,MCH-004-01-03,2026-01-22 16:00:00,75.0,3.262,103.47
SENSOR-00006972,MCH-004-01-03,2026-01-22 20:00:00,77.53,2.707,94.06
SENSOR-00006973,MCH-004-01-03,2026-01-23 00:00:00,80.03,2.54,100.58
SENSOR-00006974,MCH-004-01-03,2026-01-23 04:00:00,78.85,2.44,104.02
SENSOR-00006975,MCH-004-01-03,2026-01-23 08:00:00,86.69,3.027,102.61
SENSOR-00006976,MCH-004-01-03,2026-01-23 12:00:00,86.72,2.511,96.82
SENSOR-00006977,MCH-004-01-03,2026-01-23 16:00:00,78.0,2.847,99.12
SENSOR-00006978,MCH-004-01-03,2026-01-23 20:00:00,75.58,2.774,99.72
SENSOR-00006979,MCH-004-01-03,2026-01-24 00:00:00,81.92,2.586,99.26
SENSOR-00006980,MCH-004-01-03,2026-01-24 04:00:00,78.7,2.892,97.53
SENSOR-00006981,MCH-004-01-03,2026-01-24 08:00:00,73.8,2.89,101.3
SENSOR-00006982,MCH-004-01-03,2026-01-24 12:00:00,80.11,3.006,99.39
SENSOR-00006983,MCH-004-01-03,2026-01-24 16:00:00,80.78,2.685,99.22
SENSOR-00006984,MCH-004-01-03,2026-01-24 20:00:00,81.02,3.339,102.23
SENSOR-00006985,MCH-004-01-03,2026-01-25 00:00:00,77.92,2.564,103.0
SENSOR-00006986,MCH-004-01-03,2026-01-25 04:00:00,85.66,3.256,97.45
SENSOR-00006987,MCH-004-01-03,2026-01-25 08:00:00,76.98,2.585,96.94
SENSOR-00006988,MCH-004-01-03,2026-01-25 12:00:00,75.65,2.644,102.62
SENSOR-00006989,MCH-004-01-03,2026-01-25 16:00:00,76.79,3.036,104.1
SENSOR-00006990,MCH-004-01-03,2026-01-25 20:00:00,80.8,3.08,95.92
SENSOR-00006991,MCH-004-01-03,2026-01-26 00:00:00,78.67,3.134,96.94
SENSOR-00006992,MCH-004-01-03,2026-01-26 04:00:00,82.92,3.091,98.46
SENSOR-00006993,MCH-004-01-03,2026-01-26 08:00:00,80.7,2.917,101.23
SENSOR-00006994,MCH-004-01-03,2026-01-26 12:00:00,79.99,2.603,101.99
SENSOR-00006995,MCH-004-01-03,2026-01-26 16:00:00,78.16,2.78,100.53
SENSOR-00006996,MCH-004-01-03,2026-01-26 20:00:00,83.08,3.255,97.79
SENSOR-00006997,MCH-004-01-03,2026-01-27 00:00:00,84.41,2.934,102.35
SENSOR-00006998,MCH-004-01-03,2026-01-27 04:00:00,76.94,2.589,99.66
SENSOR-00006999,MCH-004-01-03,2026-01-27 08:00:00,82.86,2.898,97.67
SENSOR-00007000,MCH-004-01-03,2026-01-27 12:00:00,82.33,2.53,98.02
SENSOR-00007001,MCH-004-01-03,2026-01-27 16:00:00,80.29,2.48,97.11
SENSOR-00007002,MCH-004-01-03,2026-01-27 20:00:00,85.87,3.114,106.87
SENSOR-00007003,MCH-004-01-03,2026-01-28 00:00:00,81.22,2.58,99.03
SENSOR-00007004,MCH-004-01-03,2026-01-28 04:00:00,86.2,2.473,106.51
SENSOR-00007005,MCH-004-01-03,2026-01-28 08:00:00,81.86,2.656,100.2
SENSOR-00007006,MCH-004-01-03,2026-01-28 12:00:00,76.92,2.636,100.22
SENSOR-00007007,MCH-004-01-03,2026-01-28 16:00:00,78.34,2.539,99.34
SENSOR-00007008,MCH-004-01-03,2026-01-28 20:00:00,74.4,2.455,96.15
SENSOR-00007009,MCH-004-01-03,2026-01-29 00:00:00,79.51,2.922,102.11
SENSOR-00007010,MCH-004-01-03,2026-01-29 04:00:00,75.93,2.783,94.48
SENSOR-00007011,MCH-004-01-03,2026-01-29 08:00:00,79.14,2.703,98.98
SENSOR-00007012,MCH-004-01-03,2026-01-29 12:00:00,78.03,2.901,97.34
SENSOR-00007013,MCH-004-01-03,2026-01-29 16:00:00,87.1,2.914,97.59
SENSOR-00007014,MCH-004-01-03,2026-01-29 20:00:00,82.25,3.021,101.11
SENSOR-00007015,MCH-004-01-03,2026-01-30 00:00:00,74.88,2.786,97.51
SENSOR-00007016,MCH-004-01-03,2026-01-30 04:00:00,78.26,2.869,98.57
SENSOR-00007017,MCH-004-01-03,2026-01-30 08:00:00,78.5,2.978,97.33
SENSOR-00007018,MCH-004-01-03,2026-01-30 12:00:00,77.06,2.459,97.53
SENSOR-00007019,MCH-004-01-03,2026-01-30 16:00:00,80.17,2.932,97.58
SENSOR-00007020,MCH-004-01-03,2026-01-30 20:00:00,82.1,2.799,95.85
SENSOR-00007021,MCH-004-01-04,2026-01-01 00:00:00,72.21,2.607,100.62
SENSOR-00007022,MCH-004-01-04,2026-01-01 04:00:00,82.9,2.394,100.15
SENSOR-00007023,MCH-004-01-04,2026-01-01 08:00:00,72.13,1.998,100.75
SENSOR-00007024,MCH-004-01-04,2026-01-01 12:00:00,73.21,1.976,95.86
SENSOR-00007025,MCH-004-01-04,2026-01-01 16:00:00,76.25,2.321,95.75
SENSOR-00007026,MCH-004-01-04,2026-01-01 20:00:00,71.65,2.334,102.77
SENSOR-00007027,MCH-004-01-04,2026-01-02 00:00:00,70.15,2.24,103.32
SENSOR-00007028,MCH-004-01-04,2026-01-02 04:00:00,69.65,1.97,93.44
SENSOR-00007029,MCH-004-01-04,2026-01-02 08:00:00,64.78,1.742,101.67
SENSOR-00007030,MCH-004-01-04,2026-01-02 12:00:00,69.69,1.944,98.05
SENSOR-00007031,MCH-004-01-04,2026-01-02 16:00:00,67.85,2.308,100.28
SENSOR-00007032,MCH-004-01-04,2026-01-02 20:00:00,74.93,1.529,101.6
SENSOR-00007033,MCH-004-01-04,2026-01-03 00:00:00,70.74,2.174,103.32
SENSOR-00007034,MCH-004-01-04,2026-01-03 04:00:00,67.7,1.945,98.07
SENSOR-00007035,MCH-004-01-04,2026-01-03 08:00:00,69.95,1.836,93.53
SENSOR-00007036,MCH-004-01-04,2026-01-03 12:00:00,66.8,2.065,99.56
SENSOR-00007037,MCH-004-01-04,2026-01-03 16:00:00,73.18,2.288,98.65
SENSOR-00007038,MCH-004-01-04,2026-01-03 20:00:00,64.62,2.178,99.97
SENSOR-00007039,MCH-004-01-04,2026-01-04 00:00:00,70.79,2.102,99.79
SENSOR-00007040,MCH-004-01-04,2026-01-04 04:00:00,69.52,2.491,102.82
SENSOR-00007041,MCH-004-01-04,2026-01-04 08:00:00,70.58,2.101,104.13
SENSOR-00007042,MCH-004-01-04,2026-01-04 12:00:00,68.63,1.836,100.68
SENSOR-00007043,MCH-004-01-04,2026-01-04 16:00:00,72.62,2.2,102.48
SENSOR-00007044,MCH-004-01-04,2026-01-04 20:00:00,68.04,1.725,98.25
SENSOR-00007045,MCH-004-01-04,2026-01-05 00:00:00,73.31,2.073,98.21
SENSOR-00007046,MCH-004-01-04,2026-01-05 04:00:00,69.02,2.348,102.24
SENSOR-00007047,MCH-004-01-04,2026-01-05 08:00:00,65.01,1.765,96.42
SENSOR-00007048,MCH-004-01-04,2026-01-05 12:00:00,75.21,1.645,102.36
SENSOR-00007049,MCH-004-01-04,2026-01-05 16:00:00,72.56,2.114,98.58
SENSOR-00007050,MCH-004-01-04,2026-01-05 20:00:00,75.72,2.106,95.67
SENSOR-00007051,MCH-004-01-04,2026-01-06 00:00:00,67.01,2.066,104.16
SENSOR-00007052,MCH-004-01-04,2026-01-06 04:00:00,76.5,1.955,93.29
SENSOR-00007053,MCH-004-01-04,2026-01-06 08:00:00,66.3,2.375,100.69
SENSOR-00007054,MCH-004-01-04,2026-01-06 12:00:00,69.55,1.971,97.75
SENSOR-00007055,MCH-004-01-04,2026-01-06 16:00:00,66.15,2.595,105.16
SENSOR-00007056,MCH-004-01-04,2026-01-06 20:00:00,67.68,1.639,100.51
SENSOR-00007057,MCH-004-01-04,2026-01-07 00:00:00,67.64,2.096,103.73
SENSOR-00007058,MCH-004-01-04,2026-01-07 04:00:00,67.76,1.837,98.88
SENSOR-00007059,MCH-004-01-04,2026-01-07 08:00:00,69.23,1.815,100.32
SENSOR-00007060,MCH-004-01-04,2026-01-07 12:00:00,71.6,2.193,97.54
SENSOR-00007061,MCH-004-01-04,2026-01-07 16:00:00,67.19,2.048,99.26
SENSOR-00007062,MCH-004-01-04,2026-01-07 20:00:00,70.06,1.901,100.99
SENSOR-00007063,MCH-004-01-04,2026-01-08 00:00:00,77.95,2.217,102.0
SENSOR-00007064,MCH-004-01-04,2026-01-08 04:00:00,69.83,2.183,98.73
SENSOR-00007065,MCH-004-01-04,2026-01-08 08:00:00,74.23,2.125,99.89
SENSOR-00007066,MCH-004-01-04,2026-01-08 12:00:00,71.12,2.444,100.5
SENSOR-00007067,MCH-004-01-04,2026-01-08 16:00:00,66.85,2.161,101.47
SENSOR-00007068,MCH-004-01-04,2026-01-08 20:00:00,70.39,2.064,96.8
SENSOR-00007069,MCH-004-01-04,2026-01-09 00:00:00,69.73,2.194,100.29
SENSOR-00007070,MCH-004-01-04,2026-01-09 04:00:00,69.42,2.101,99.36
SENSOR-00007071,MCH-004-01-04,2026-01-09 08:00:00,77.32,1.879,100.77
SENSOR-00007072,MCH-004-01-04,2026-01-09 12:00:00,73.01,2.187,99.11
SENSOR-00007073,MCH-004-01-04,2026-01-09 16:00:00,76.44,1.555,96.72
SENSOR-00007074,MCH-004-01-04,2026-01-09 20:00:00,73.62,1.857,97.18
SENSOR-00007075,MCH-004-01-04,2026-01-10 00:00:00,76.36,2.322,104.31
SENSOR-00007076,MCH-004-01-04,2026-01-10 04:00:00,68.61,2.307,98.72
SENSOR-00007077,MCH-004-01-04,2026-01-10 08:00:00,73.35,2.405,97.62
SENSOR-00007078,MCH-004-01-04,2026-01-10 12:00:00,63.54,2.539,101.46
SENSOR-00007079,MCH-004-01-04,2026-01-10 16:00:00,70.54,2.037,93.71
SENSOR-00007080,MCH-004-01-04,2026-01-10 20:00:00,71.8,1.945,100.16
SENSOR-00007081,MCH-004-01-04,2026-01-11 00:00:00,72.06,2.196,100.85
SENSOR-00007082,MCH-004-01-04,2026-01-11 04:00:00,78.37,1.896,98.88
SENSOR-00007083,MCH-004-01-04,2026-01-11 08:00:00,77.74,2.039,102.79
SENSOR-00007084,MCH-004-01-04,2026-01-11 12:00:00,71.51,2.02,102.96
SENSOR-00007085,MCH-004-01-04,2026-01-11 16:00:00,73.04,1.694,100.52
SENSOR-00007086,MCH-004-01-04,2026-01-11 20:00:00,66.99,2.395,105.26
SENSOR-00007087,MCH-004-01-04,2026-01-12 00:00:00,74.96,1.954,96.68
SENSOR-00007088,MCH-004-01-04,2026-01-12 04:00:00,62.11,2.098,99.38
SENSOR-00007089,MCH-004-01-04,2026-01-12 08:00:00,73.04,2.081,101.42
SENSOR-00007090,MCH-004-01-04,2026-01-12 12:00:00,74.21,1.712,102.61
SENSOR-00007091,MCH-004-01-04,2026-01-12 16:00:00,69.34,2.207,103.07
SENSOR-00007092,MCH-004-01-04,2026-01-12 20:00:00,75.08,2.11,100.54
SENSOR-00007093,MCH-004-01-04,2026-01-13 00:00:00,70.74,2.345,101.72
SENSOR-00007094,MCH-004-01-04,2026-01-13 04:00:00,70.68,1.994,99.86
SENSOR-00007095,MCH-004-01-04,2026-01-13 08:00:00,70.85,2.707,95.63
SENSOR-00007096,MCH-004-01-04,2026-01-13 12:00:00,67.26,1.809,100.81
SENSOR-00007097,MCH-004-01-04,2026-01-13 16:00:00,71.89,1.934,102.69
SENSOR-00007098,MCH-004-01-04,2026-01-13 20:00:00,72.45,2.312,103.61
SENSOR-00007099,MCH-004-01-04,2026-01-14 00:00:00,65.81,2.265,95.7
SENSOR-00007100,MCH-004-01-04,2026-01-14 04:00:00,70.9,2.529,107.08
SENSOR-00007101,MCH-004-01-04,2026-01-14 08:00:00,64.49,1.901,98.43
SENSOR-00007102,MCH-004-01-04,2026-01-14 12:00:00,79.99,2.06,103.22
SENSOR-00007103,MCH-004-01-04,2026-01-14 16:00:00,72.17,1.778,94.42
SENSOR-00007104,MCH-004-01-04,2026-01-14 20:00:00,68.52,2.657,100.77
SENSOR-00007105,MCH-004-01-04,2026-01-15 00:00:00,74.45,2.021,103.01
SENSOR-00007106,MCH-004-01-04,2026-01-15 04:00:00,68.61,2.234,94.09
SENSOR-00007107,MCH-004-01-04,2026-01-15 08:00:00,67.98,2.656,101.83
SENSOR-00007108,MCH-004-01-04,2026-01-15 12:00:00,73.41,1.871,96.72
SENSOR-00007109,MCH-004-01-04,2026-01-15 16:00:00,69.91,2.061,105.74
SENSOR-00007110,MCH-004-01-04,2026-01-15 20:00:00,75.04,2.105,100.2
SENSOR-00007111,MCH-004-01-04,2026-01-16 00:00:00,68.88,2.177,99.21
SENSOR-00007112,MCH-004-01-04,2026-01-16 04:00:00,70.83,1.929,99.77
SENSOR-00007113,MCH-004-01-04,2026-01-16 08:00:00,73.28,2.008,99.0
SENSOR-00007114,MCH-004-01-04,2026-01-16 12:00:00,73.4,2.246,96.59
SENSOR-00007115,MCH-004-01-04,2026-01-16 16:00:00,70.85,1.946,100.04
SENSOR-00007116,MCH-004-01-04,2026-01-16 20:00:00,76.7,2.167,106.49
SENSOR-00007117,MCH-004-01-04,2026-01-17 00:00:00,71.6,1.698,101.3
SENSOR-00007118,MCH-004-01-04,2026-01-17 04:00:00,69.37,1.623,102.83
SENSOR-00007119,MCH-004-01-04,2026-01-17 08:00:00,60.9,2.07,102.07
SENSOR-00007120,MCH-004-01-04,2026-01-17 12:00:00,76.47,1.675,98.45
SENSOR-00007121,MCH-004-01-04,2026-01-17 16:00:00,75.3,2.365,103.84
SENSOR-00007122,MCH-004-01-04,2026-01-17 20:00:00,81.21,1.95,101.12
SENSOR-00007123,MCH-004-01-04,2026-01-18 00:00:00,69.24,1.833,103.45
SENSOR-00007124,MCH-004-01-04,2026-01-18 04:00:00,72.05,1.924,94.26
SENSOR-00007125,MCH-004-01-04,2026-01-18 08:00:00,81.01,2.572,104.33
SENSOR-00007126,MCH-004-01-04,2026-01-18 12:00:00,68.16,1.952,101.2
SENSOR-00007127,MCH-004-01-04,2026-01-18 16:00:00,67.39,1.83,104.38
SENSOR-00007128,MCH-004-01-04,2026-01-18 20:00:00,70.75,1.797,102.86
SENSOR-00007129,MCH-004-01-04,2026-01-19 00:00:00,69.11,2.389,102.94
SENSOR-00007130,MCH-004-01-04,2026-01-19 04:00:00,70.11,2.15,98.57
SENSOR-00007131,MCH-004-01-04,2026-01-19 08:00:00,66.32,2.627,98.37
SENSOR-00007132,MCH-004-01-04,2026-01-19 12:00:00,72.15,1.699,102.21
SENSOR-00007133,MCH-004-01-04,2026-01-19 16:00:00,66.14,2.497,105.39
SENSOR-00007134,MCH-004-01-04,2026-01-19 20:00:00,73.23,2.106,99.44
SENSOR-00007135,MCH-004-01-04,2026-01-20 00:00:00,72.42,2.184,94.79
SENSOR-00007136,MCH-004-01-04,2026-01-20 04:00:00,69.04,1.534,97.97
SENSOR-00007137,MCH-004-01-04,2026-01-20 08:00:00,68.44,2.152,97.64
SENSOR-00007138,MCH-004-01-04,2026-01-20 12:00:00,68.76,2.403,106.19
SENSOR-00007139,MCH-004-01-04,2026-01-20 16:00:00,67.28,2.332,101.16
SENSOR-00007140,MCH-004-01-04,2026-01-20 20:00:00,64.01,1.88,90.92
SENSOR-00007141,MCH-004-01-04,2026-01-21 00:00:00,81.91,2.246,103.55
SENSOR-00007142,MCH-004-01-04,2026-01-21 04:00:00,75.24,1.938,100.87
SENSOR-00007143,MCH-004-01-04,2026-01-21 08:00:00,67.14,2.4,96.74
SENSOR-00007144,MCH-004-01-04,2026-01-21 12:00:00,73.77,2.36,98.53
SENSOR-00007145,MCH-004-01-04,2026-01-21 16:00:00,68.08,2.035,97.32
SENSOR-00007146,MCH-004-01-04,2026-01-21 20:00:00,71.59,1.848,97.47
SENSOR-00007147,MCH-004-01-04,2026-01-22 00:00:00,71.94,2.947,98.95
SENSOR-00007148,MCH-004-01-04,2026-01-22 04:00:00,76.07,2.1,103.52
SENSOR-00007149,MCH-004-01-04,2026-01-22 08:00:00,63.24,2.564,101.02
SENSOR-00007150,MCH-004-01-04,2026-01-22 12:00:00,69.9,2.303,100.43
SENSOR-00007151,MCH-004-01-04,2026-01-22 16:00:00,66.38,1.472,105.48
SENSOR-00007152,MCH-004-01-04,2026-01-22 20:00:00,70.08,1.924,98.39
SENSOR-00007153,MCH-004-01-04,2026-01-23 00:00:00,72.75,2.57,99.03
SENSOR-00007154,MCH-004-01-04,2026-01-23 04:00:00,69.65,2.034,97.17
SENSOR-00007155,MCH-004-01-04,2026-01-23 08:00:00,64.08,2.111,101.58
SENSOR-00007156,MCH-004-01-04,2026-01-23 12:00:00,70.98,2.062,97.3
SENSOR-00007157,MCH-004-01-04,2026-01-23 16:00:00,71.98,2.12,101.42
SENSOR-00007158,MCH-004-01-04,2026-01-23 20:00:00,72.26,2.176,103.96
SENSOR-00007159,MCH-004-01-04,2026-01-24 00:00:00,61.07,2.449,101.28
SENSOR-00007160,MCH-004-01-04,2026-01-24 04:00:00,63.35,2.587,101.54
SENSOR-00007161,MCH-004-01-04,2026-01-24 08:00:00,61.53,1.972,101.6
SENSOR-00007162,MCH-004-01-04,2026-01-24 12:00:00,77.82,1.975,92.06
SENSOR-00007163,MCH-004-01-04,2026-01-24 16:00:00,76.8,2.202,93.3
SENSOR-00007164,MCH-004-01-04,2026-01-24 20:00:00,72.34,2.19,99.03
SENSOR-00007165,MCH-004-01-04,2026-01-25 00:00:00,69.35,2.432,104.03
SENSOR-00007166,MCH-004-01-04,2026-01-25 04:00:00,69.5,2.057,102.32
SENSOR-00007167,MCH-004-01-04,2026-01-25 08:00:00,76.1,1.874,96.86
SENSOR-00007168,MCH-004-01-04,2026-01-25 12:00:00,72.06,1.797,94.17
SENSOR-00007169,MCH-004-01-04,2026-01-25 16:00:00,67.69,2.182,104.66
SENSOR-00007170,MCH-004-01-04,2026-01-25 20:00:00,68.13,2.046,100.47
SENSOR-00007171,MCH-004-01-04,2026-01-26 00:00:00,68.23,2.275,99.78
SENSOR-00007172,MCH-004-01-04,2026-01-26 04:00:00,77.64,2.059,102.9
SENSOR-00007173,MCH-004-01-04,2026-01-26 08:00:00,74.15,2.074,96.05
SENSOR-00007174,MCH-004-01-04,2026-01-26 12:00:00,70.55,1.944,98.29
SENSOR-00007175,MCH-004-01-04,2026-01-26 16:00:00,71.59,1.715,97.38
SENSOR-00007176,MCH-004-01-04,2026-01-26 20:00:00,66.92,2.014,97.7
SENSOR-00007177,MCH-004-01-04,2026-01-27 00:00:00,68.14,2.138,99.73
SENSOR-00007178,MCH-004-01-04,2026-01-27 04:00:00,73.17,2.053,99.32
SENSOR-00007179,MCH-004-01-04,2026-01-27 08:00:00,75.56,1.523,96.02
SENSOR-00007180,MCH-004-01-04,2026-01-27 12:00:00,67.67,1.654,98.56
SENSOR-00007181,MCH-004-01-04,2026-01-27 16:00:00,68.66,2.321,99.74
SENSOR-00007182,MCH-004-01-04,2026-01-27 20:00:00,70.12,1.982,96.84
SENSOR-00007183,MCH-004-01-04,2026-01-28 00:00:00,70.68,1.991,103.52
SENSOR-00007184,MCH-004-01-04,2026-01-28 04:00:00,68.47,2.06,105.08
SENSOR-00007185,MCH-004-01-04,2026-01-28 08:00:00,65.62,1.963,103.08
SENSOR-00007186,MCH-004-01-04,2026-01-28 12:00:00,73.08,2.301,96.03
SENSOR-00007187,MCH-004-01-04,2026-01-28 16:00:00,72.25,2.006,106.82
SENSOR-00007188,MCH-004-01-04,2026-01-28 20:00:00,74.21,2.072,100.86
SENSOR-00007189,MCH-004-01-04,2026-01-29 00:00:00,71.14,2.324,94.86
SENSOR-00007190,MCH-004-01-04,2026-01-29 04:00:00,70.29,1.717,99.16
SENSOR-00007191,MCH-004-01-04,2026-01-29 08:00:00,65.2,2.118,98.72
SENSOR-00007192,MCH-004-01-04,2026-01-29 12:00:00,73.96,2.385,100.03
SENSOR-00007193,MCH-004-01-04,2026-01-29 16:00:00,74.54,2.423,97.23
SENSOR-00007194,MCH-004-01-04,2026-01-29 20:00:00,76.71,2.068,97.06
SENSOR-00007195,MCH-004-01-04,2026-01-30 00:00:00,67.76,1.657,102.9
SENSOR-00007196,MCH-004-01-04,2026-01-30 04:00:00,72.61,1.976,97.62
SENSOR-00007197,MCH-004-01-04,2026-01-30 08:00:00,75.48,2.033,99.5
SENSOR-00007198,MCH-004-01-04,2026-01-30 12:00:00,68.56,1.976,101.65
SENSOR-00007199,MCH-004-01-04,2026-01-30 16:00:00,65.3,2.098,102.87
SENSOR-00007200,MCH-004-01-04,2026-01-30 20:00:00,70.63,2.341,104.02
SENSOR-00007201,MCH-004-02-01,2026-01-01 00:00:00,89.2,2.977,105.11
SENSOR-00007202,MCH-004-02-01,2026-01-01 04:00:00,83.41,3.207,94.5
SENSOR-00007203,MCH-004-02-01,2026-01-01 08:00:00,89.39,3.527,96.44
SENSOR-00007204,MCH-004-02-01,2026-01-01 12:00:00,89.63,2.86,101.9
SENSOR-00007205,MCH-004-02-01,2026-01-01 16:00:00,83.78,3.528,100.75
SENSOR-00007206,MCH-004-02-01,2026-01-01 20:00:00,88.65,3.504,99.13
SENSOR-00007207,MCH-004-02-01,2026-01-02 00:00:00,86.61,2.695,103.32
SENSOR-00007208,MCH-004-02-01,2026-01-02 04:00:00,75.91,3.448,100.3
SENSOR-00007209,MCH-004-02-01,2026-01-02 08:00:00,88.27,3.234,103.13
SENSOR-00007210,MCH-004-02-01,2026-01-02 12:00:00,84.99,3.264,101.21
SENSOR-00007211,MCH-004-02-01,2026-01-02 16:00:00,92.44,3.344,96.05
SENSOR-00007212,MCH-004-02-01,2026-01-02 20:00:00,82.67,3.344,103.78
SENSOR-00007213,MCH-004-02-01,2026-01-03 00:00:00,83.66,3.54,101.4
SENSOR-00007214,MCH-004-02-01,2026-01-03 04:00:00,81.37,3.062,104.23
SENSOR-00007215,MCH-004-02-01,2026-01-03 08:00:00,83.98,3.334,102.42
SENSOR-00007216,MCH-004-02-01,2026-01-03 12:00:00,71.25,3.51,97.44
SENSOR-00007217,MCH-004-02-01,2026-01-03 16:00:00,83.48,3.579,104.34
SENSOR-00007218,MCH-004-02-01,2026-01-03 20:00:00,86.9,3.376,102.93
SENSOR-00007219,MCH-004-02-01,2026-01-04 00:00:00,86.67,2.802,100.26
SENSOR-00007220,MCH-004-02-01,2026-01-04 04:00:00,85.52,3.223,102.55
SENSOR-00007221,MCH-004-02-01,2026-01-04 08:00:00,87.8,3.75,98.45
SENSOR-00007222,MCH-004-02-01,2026-01-04 12:00:00,86.04,3.248,100.5
SENSOR-00007223,MCH-004-02-01,2026-01-04 16:00:00,79.87,2.898,100.02
SENSOR-00007224,MCH-004-02-01,2026-01-04 20:00:00,78.62,3.111,98.06
SENSOR-00007225,MCH-004-02-01,2026-01-05 00:00:00,81.36,3.102,94.67
SENSOR-00007226,MCH-004-02-01,2026-01-05 04:00:00,86.45,2.419,102.66
SENSOR-00007227,MCH-004-02-01,2026-01-05 08:00:00,87.39,3.595,106.55
SENSOR-00007228,MCH-004-02-01,2026-01-05 12:00:00,88.67,3.037,106.52
SENSOR-00007229,MCH-004-02-01,2026-01-05 16:00:00,80.15,2.718,105.56
SENSOR-00007230,MCH-004-02-01,2026-01-05 20:00:00,87.33,2.725,95.93
SENSOR-00007231,MCH-004-02-01,2026-01-06 00:00:00,82.68,2.637,91.72
SENSOR-00007232,MCH-004-02-01,2026-01-06 04:00:00,84.63,3.415,100.05
SENSOR-00007233,MCH-004-02-01,2026-01-06 08:00:00,88.17,3.422,104.16
SENSOR-00007234,MCH-004-02-01,2026-01-06 12:00:00,85.67,3.263,99.89
SENSOR-00007235,MCH-004-02-01,2026-01-06 16:00:00,83.89,2.801,103.52
SENSOR-00007236,MCH-004-02-01,2026-01-06 20:00:00,83.39,3.084,98.38
SENSOR-00007237,MCH-004-02-01,2026-01-07 00:00:00,85.72,3.41,102.66
SENSOR-00007238,MCH-004-02-01,2026-01-07 04:00:00,81.14,3.064,103.1
SENSOR-00007239,MCH-004-02-01,2026-01-07 08:00:00,92.27,3.21,98.12
SENSOR-00007240,MCH-004-02-01,2026-01-07 12:00:00,91.66,3.038,100.99
SENSOR-00007241,MCH-004-02-01,2026-01-07 16:00:00,83.22,3.261,97.16
SENSOR-00007242,MCH-004-02-01,2026-01-07 20:00:00,83.43,3.037,101.99
SENSOR-00007243,MCH-004-02-01,2026-01-08 00:00:00,81.67,3.421,105.58
SENSOR-00007244,MCH-004-02-01,2026-01-08 04:00:00,74.48,3.03,100.79
SENSOR-00007245,MCH-004-02-01,2026-01-08 08:00:00,84.91,3.429,100.24
SENSOR-00007246,MCH-004-02-01,2026-01-08 12:00:00,82.81,2.939,96.43
SENSOR-00007247,MCH-004-02-01,2026-01-08 16:00:00,81.96,3.053,101.15
SENSOR-00007248,MCH-004-02-01,2026-01-08 20:00:00,84.3,3.031,96.97
SENSOR-00007249,MCH-004-02-01,2026-01-09 00:00:00,85.65,3.576,99.49
SENSOR-00007250,MCH-004-02-01,2026-01-09 04:00:00,86.53,3.225,100.15
SENSOR-00007251,MCH-004-02-01,2026-01-09 08:00:00,86.76,3.206,101.4
SENSOR-00007252,MCH-004-02-01,2026-01-09 12:00:00,82.25,3.035,97.98
SENSOR-00007253,MCH-004-02-01,2026-01-09 16:00:00,83.47,3.447,98.61
SENSOR-00007254,MCH-004-02-01,2026-01-09 20:00:00,87.54,3.261,98.68
SENSOR-00007255,MCH-004-02-01,2026-01-10 00:00:00,83.36,3.92,102.02
SENSOR-00007256,MCH-004-02-01,2026-01-10 04:00:00,89.32,2.993,101.09
SENSOR-00007257,MCH-004-02-01,2026-01-10 08:00:00,77.89,3.112,101.52
SENSOR-00007258,MCH-004-02-01,2026-01-10 12:00:00,79.26,3.292,101.43
SENSOR-00007259,MCH-004-02-01,2026-01-10 16:00:00,82.52,2.985,97.85
SENSOR-00007260,MCH-004-02-01,2026-01-10 20:00:00,83.54,3.115,101.53
SENSOR-00007261,MCH-004-02-01,2026-01-11 00:00:00,86.34,3.211,98.28
SENSOR-00007262,MCH-004-02-01,2026-01-11 04:00:00,85.38,3.043,97.75
SENSOR-00007263,MCH-004-02-01,2026-01-11 08:00:00,84.91,3.05,97.8
SENSOR-00007264,MCH-004-02-01,2026-01-11 12:00:00,89.11,3.096,105.53
SENSOR-00007265,MCH-004-02-01,2026-01-11 16:00:00,87.43,2.989,103.48
SENSOR-00007266,MCH-004-02-01,2026-01-11 20:00:00,82.06,3.687,100.68
SENSOR-00007267,MCH-004-02-01,2026-01-12 00:00:00,83.18,3.08,105.59
SENSOR-00007268,MCH-004-02-01,2026-01-12 04:00:00,88.68,3.479,99.25
SENSOR-00007269,MCH-004-02-01,2026-01-12 08:00:00,87.15,3.282,99.48
SENSOR-00007270,MCH-004-02-01,2026-01-12 12:00:00,85.36,3.472,104.8
SENSOR-00007271,MCH-004-02-01,2026-01-12 16:00:00,83.92,2.866,104.93
SENSOR-00007272,MCH-004-02-01,2026-01-12 20:00:00,91.55,3.294,105.38
SENSOR-00007273,MCH-004-02-01,2026-01-13 00:00:00,88.36,3.057,97.85
SENSOR-00007274,MCH-004-02-01,2026-01-13 04:00:00,83.0,3.424,99.79
SENSOR-00007275,MCH-004-02-01,2026-01-13 08:00:00,86.05,3.582,108.53
SENSOR-00007276,MCH-004-02-01,2026-01-13 12:00:00,87.49,3.329,96.45
SENSOR-00007277,MCH-004-02-01,2026-01-13 16:00:00,86.4,3.21,102.68
SENSOR-00007278,MCH-004-02-01,2026-01-13 20:00:00,83.36,3.244,101.82
SENSOR-00007279,MCH-004-02-01,2026-01-14 00:00:00,87.08,3.251,101.07
SENSOR-00007280,MCH-004-02-01,2026-01-14 04:00:00,84.55,2.655,96.21
SENSOR-00007281,MCH-004-02-01,2026-01-14 08:00:00,87.4,2.964,99.68
SENSOR-00007282,MCH-004-02-01,2026-01-14 12:00:00,80.02,3.014,99.99
SENSOR-00007283,MCH-004-02-01,2026-01-14 16:00:00,88.62,3.475,97.8
SENSOR-00007284,MCH-004-02-01,2026-01-14 20:00:00,86.15,2.838,100.17
SENSOR-00007285,MCH-004-02-01,2026-01-15 00:00:00,79.75,3.443,104.54
SENSOR-00007286,MCH-004-02-01,2026-01-15 04:00:00,80.6,3.211,95.28
SENSOR-00007287,MCH-004-02-01,2026-01-15 08:00:00,81.02,3.259,98.44
SENSOR-00007288,MCH-004-02-01,2026-01-15 12:00:00,77.26,3.624,99.85
SENSOR-00007289,MCH-004-02-01,2026-01-15 16:00:00,80.51,3.226,99.76
SENSOR-00007290,MCH-004-02-01,2026-01-15 20:00:00,86.61,3.109,100.94
SENSOR-00007291,MCH-004-02-01,2026-01-16 00:00:00,82.96,2.879,101.38
SENSOR-00007292,MCH-004-02-01,2026-01-16 04:00:00,89.18,3.15,102.85
SENSOR-00007293,MCH-004-02-01,2026-01-16 08:00:00,82.96,3.057,101.23
SENSOR-00007294,MCH-004-02-01,2026-01-16 12:00:00,86.64,3.166,102.03
SENSOR-00007295,MCH-004-02-01,2026-01-16 16:00:00,79.78,3.118,102.89
SENSOR-00007296,MCH-004-02-01,2026-01-16 20:00:00,88.78,3.403,103.06
SENSOR-00007297,MCH-004-02-01,2026-01-17 00:00:00,82.75,2.72,98.42
SENSOR-00007298,MCH-004-02-01,2026-01-17 04:00:00,85.12,3.17,99.01
SENSOR-00007299,MCH-004-02-01,2026-01-17 08:00:00,82.17,3.051,98.33
SENSOR-00007300,MCH-004-02-01,2026-01-17 12:00:00,87.75,3.194,109.5
SENSOR-00007301,MCH-004-02-01,2026-01-17 16:00:00,83.6,3.304,99.07
SENSOR-00007302,MCH-004-02-01,2026-01-17 20:00:00,83.59,3.585,102.99
SENSOR-00007303,MCH-004-02-01,2026-01-18 00:00:00,87.85,3.412,99.57
SENSOR-00007304,MCH-004-02-01,2026-01-18 04:00:00,90.97,3.277,102.54
SENSOR-00007305,MCH-004-02-01,2026-01-18 08:00:00,81.98,3.575,99.99
SENSOR-00007306,MCH-004-02-01,2026-01-18 12:00:00,91.23,3.534,100.77
SENSOR-00007307,MCH-004-02-01,2026-01-18 16:00:00,86.55,3.149,97.54
SENSOR-00007308,MCH-004-02-01,2026-01-18 20:00:00,87.31,3.33,95.14
SENSOR-00007309,MCH-004-02-01,2026-01-19 00:00:00,82.43,3.327,97.18
SENSOR-00007310,MCH-004-02-01,2026-01-19 04:00:00,84.15,2.911,104.33
SENSOR-00007311,MCH-004-02-01,2026-01-19 08:00:00,82.15,2.807,95.12
SENSOR-00007312,MCH-004-02-01,2026-01-19 12:00:00,84.59,3.08,101.95
SENSOR-00007313,MCH-004-02-01,2026-01-19 16:00:00,83.99,3.486,98.84
SENSOR-00007314,MCH-004-02-01,2026-01-19 20:00:00,89.03,2.956,95.49
SENSOR-00007315,MCH-004-02-01,2026-01-20 00:00:00,87.21,2.893,98.27
SENSOR-00007316,MCH-004-02-01,2026-01-20 04:00:00,77.36,3.358,94.93
SENSOR-00007317,MCH-004-02-01,2026-01-20 08:00:00,80.13,2.912,99.61
SENSOR-00007318,MCH-004-02-01,2026-01-20 12:00:00,84.29,3.397,99.69
SENSOR-00007319,MCH-004-02-01,2026-01-20 16:00:00,88.79,3.289,97.16
SENSOR-00007320,MCH-004-02-01,2026-01-20 20:00:00,82.26,3.572,103.68
SENSOR-00007321,MCH-004-02-01,2026-01-21 00:00:00,78.09,2.836,105.45
SENSOR-00007322,MCH-004-02-01,2026-01-21 04:00:00,87.39,3.141,100.23
SENSOR-00007323,MCH-004-02-01,2026-01-21 08:00:00,79.49,3.087,95.63
SENSOR-00007324,MCH-004-02-01,2026-01-21 12:00:00,83.75,3.364,101.36
SENSOR-00007325,MCH-004-02-01,2026-01-21 16:00:00,91.28,3.268,92.56
SENSOR-00007326,MCH-004-02-01,2026-01-21 20:00:00,92.73,2.984,100.49
SENSOR-00007327,MCH-004-02-01,2026-01-22 00:00:00,92.29,2.926,102.61
SENSOR-00007328,MCH-004-02-01,2026-01-22 04:00:00,82.71,3.295,101.27
SENSOR-00007329,MCH-004-02-01,2026-01-22 08:00:00,75.58,2.836,104.76
SENSOR-00007330,MCH-004-02-01,2026-01-22 12:00:00,83.92,3.695,103.93
SENSOR-00007331,MCH-004-02-01,2026-01-22 16:00:00,84.05,3.117,104.95
SENSOR-00007332,MCH-004-02-01,2026-01-22 20:00:00,93.34,3.123,104.61
SENSOR-00007333,MCH-004-02-01,2026-01-23 00:00:00,82.32,3.711,96.01
SENSOR-00007334,MCH-004-02-01,2026-01-23 04:00:00,85.87,3.046,97.75
SENSOR-00007335,MCH-004-02-01,2026-01-23 08:00:00,79.07,3.209,97.38
SENSOR-00007336,MCH-004-02-01,2026-01-23 12:00:00,87.29,3.182,99.06
SENSOR-00007337,MCH-004-02-01,2026-01-23 16:00:00,81.45,3.552,102.21
SENSOR-00007338,MCH-004-02-01,2026-01-23 20:00:00,82.2,2.854,94.34
SENSOR-00007339,MCH-004-02-01,2026-01-24 00:00:00,81.02,3.301,101.68
SENSOR-00007340,MCH-004-02-01,2026-01-24 04:00:00,83.3,3.122,99.35
SENSOR-00007341,MCH-004-02-01,2026-01-24 08:00:00,88.09,2.851,96.68
SENSOR-00007342,MCH-004-02-01,2026-01-24 12:00:00,80.58,3.157,100.95
SENSOR-00007343,MCH-004-02-01,2026-01-24 16:00:00,80.65,3.421,104.39
SENSOR-00007344,MCH-004-02-01,2026-01-24 20:00:00,86.58,3.475,97.25
SENSOR-00007345,MCH-004-02-01,2026-01-25 00:00:00,82.6,3.236,101.67
SENSOR-00007346,MCH-004-02-01,2026-01-25 04:00:00,92.91,3.084,100.61
SENSOR-00007347,MCH-004-02-01,2026-01-25 08:00:00,87.29,2.84,93.48
SENSOR-00007348,MCH-004-02-01,2026-01-25 12:00:00,80.94,3.436,105.15
SENSOR-00007349,MCH-004-02-01,2026-01-25 16:00:00,81.24,2.89,104.6
SENSOR-00007350,MCH-004-02-01,2026-01-25 20:00:00,82.67,3.101,104.38
SENSOR-00007351,MCH-004-02-01,2026-01-26 00:00:00,91.04,3.193,97.94
SENSOR-00007352,MCH-004-02-01,2026-01-26 04:00:00,83.83,3.53,103.97
SENSOR-00007353,MCH-004-02-01,2026-01-26 08:00:00,85.7,3.062,103.25
SENSOR-00007354,MCH-004-02-01,2026-01-26 12:00:00,91.42,2.831,99.3
SENSOR-00007355,MCH-004-02-01,2026-01-26 16:00:00,89.55,3.213,98.53
SENSOR-00007356,MCH-004-02-01,2026-01-26 20:00:00,85.67,3.287,96.62
SENSOR-00007357,MCH-004-02-01,2026-01-27 00:00:00,85.68,3.101,97.88
SENSOR-00007358,MCH-004-02-01,2026-01-27 04:00:00,90.41,3.161,97.99
SENSOR-00007359,MCH-004-02-01,2026-01-27 08:00:00,81.87,3.279,102.48
SENSOR-00007360,MCH-004-02-01,2026-01-27 12:00:00,90.01,3.152,99.32
SENSOR-00007361,MCH-004-02-01,2026-01-27 16:00:00,85.45,3.236,97.68
SENSOR-00007362,MCH-004-02-01,2026-01-27 20:00:00,90.78,3.2,101.6
SENSOR-00007363,MCH-004-02-01,2026-01-28 00:00:00,76.06,3.07,99.76
SENSOR-00007364,MCH-004-02-01,2026-01-28 04:00:00,83.66,3.132,101.87
SENSOR-00007365,MCH-004-02-01,2026-01-28 08:00:00,80.93,3.262,99.67
SENSOR-00007366,MCH-004-02-01,2026-01-28 12:00:00,81.4,3.613,102.24
SENSOR-00007367,MCH-004-02-01,2026-01-28 16:00:00,81.78,3.323,95.83
SENSOR-00007368,MCH-004-02-01,2026-01-28 20:00:00,82.27,3.526,101.05
SENSOR-00007369,MCH-004-02-01,2026-01-29 00:00:00,87.12,3.113,94.65
SENSOR-00007370,MCH-004-02-01,2026-01-29 04:00:00,77.23,3.177,98.57
SENSOR-00007371,MCH-004-02-01,2026-01-29 08:00:00,81.29,2.925,100.4
SENSOR-00007372,MCH-004-02-01,2026-01-29 12:00:00,90.14,3.228,103.95
SENSOR-00007373,MCH-004-02-01,2026-01-29 16:00:00,83.43,3.305,104.06
SENSOR-00007374,MCH-004-02-01,2026-01-29 20:00:00,84.3,3.201,98.88
SENSOR-00007375,MCH-004-02-01,2026-01-30 00:00:00,91.22,3.02,95.27
SENSOR-00007376,MCH-004-02-01,2026-01-30 04:00:00,80.36,3.036,103.25
SENSOR-00007377,MCH-004-02-01,2026-01-30 08:00:00,79.74,2.903,101.24
SENSOR-00007378,MCH-004-02-01,2026-01-30 12:00:00,88.32,2.807,94.68
SENSOR-00007379,MCH-004-02-01,2026-01-30 16:00:00,81.78,3.358,100.43
SENSOR-00007380,MCH-004-02-01,2026-01-30 20:00:00,81.93,3.379,100.37
SENSOR-00007381,MCH-004-02-02,2026-01-01 00:00:00,75.48,2.071,103.81
SENSOR-00007382,MCH-004-02-02,2026-01-01 04:00:00,76.26,2.129,99.62
SENSOR-00007383,MCH-004-02-02,2026-01-01 08:00:00,75.4,2.508,95.44
SENSOR-00007384,MCH-004-02-02,2026-01-01 12:00:00,73.28,2.232,98.29
SENSOR-00007385,MCH-004-02-02,2026-01-01 16:00:00,70.69,2.503,101.6
SENSOR-00007386,MCH-004-02-02,2026-01-01 20:00:00,81.42,2.097,100.41
SENSOR-00007387,MCH-004-02-02,2026-01-02 00:00:00,67.21,1.947,102.27
SENSOR-00007388,MCH-004-02-02,2026-01-02 04:00:00,67.82,1.959,103.41
SENSOR-00007389,MCH-004-02-02,2026-01-02 08:00:00,72.11,2.165,104.1
SENSOR-00007390,MCH-004-02-02,2026-01-02 12:00:00,68.75,1.924,104.89
SENSOR-00007391,MCH-004-02-02,2026-01-02 16:00:00,73.93,2.41,99.07
SENSOR-00007392,MCH-004-02-02,2026-01-02 20:00:00,72.57,2.064,100.95
SENSOR-00007393,MCH-004-02-02,2026-01-03 00:00:00,65.53,2.089,98.45
SENSOR-00007394,MCH-004-02-02,2026-01-03 04:00:00,74.0,2.378,100.0
SENSOR-00007395,MCH-004-02-02,2026-01-03 08:00:00,67.74,2.341,100.38
SENSOR-00007396,MCH-004-02-02,2026-01-03 12:00:00,67.12,2.166,101.12
SENSOR-00007397,MCH-004-02-02,2026-01-03 16:00:00,79.61,1.968,102.37
SENSOR-00007398,MCH-004-02-02,2026-01-03 20:00:00,68.69,1.922,96.37
SENSOR-00007399,MCH-004-02-02,2026-01-04 00:00:00,79.36,2.105,97.95
SENSOR-00007400,MCH-004-02-02,2026-01-04 04:00:00,71.34,2.508,100.0
SENSOR-00007401,MCH-004-02-02,2026-01-04 08:00:00,70.82,2.331,97.79
SENSOR-00007402,MCH-004-02-02,2026-01-04 12:00:00,67.58,2.272,98.45
SENSOR-00007403,MCH-004-02-02,2026-01-04 16:00:00,72.94,1.569,97.32
SENSOR-00007404,MCH-004-02-02,2026-01-04 20:00:00,72.82,1.861,95.55
SENSOR-00007405,MCH-004-02-02,2026-01-05 00:00:00,74.49,1.85,102.76
SENSOR-00007406,MCH-004-02-02,2026-01-05 04:00:00,77.2,2.275,101.39
SENSOR-00007407,MCH-004-02-02,2026-01-05 08:00:00,71.69,2.456,97.53
SENSOR-00007408,MCH-004-02-02,2026-01-05 12:00:00,72.87,2.247,99.88
SENSOR-00007409,MCH-004-02-02,2026-01-05 16:00:00,77.27,2.787,99.67
SENSOR-00007410,MCH-004-02-02,2026-01-05 20:00:00,74.88,2.039,103.1
SENSOR-00007411,MCH-004-02-02,2026-01-06 00:00:00,72.79,2.447,107.31
SENSOR-00007412,MCH-004-02-02,2026-01-06 04:00:00,70.95,1.552,101.95
SENSOR-00007413,MCH-004-02-02,2026-01-06 08:00:00,70.8,2.694,99.9
SENSOR-00007414,MCH-004-02-02,2026-01-06 12:00:00,69.96,1.987,101.87
SENSOR-00007415,MCH-004-02-02,2026-01-06 16:00:00,71.9,2.607,99.37
SENSOR-00007416,MCH-004-02-02,2026-01-06 20:00:00,78.66,1.895,94.78
SENSOR-00007417,MCH-004-02-02,2026-01-07 00:00:00,72.56,2.491,96.99
SENSOR-00007418,MCH-004-02-02,2026-01-07 04:00:00,75.31,2.28,97.63
SENSOR-00007419,MCH-004-02-02,2026-01-07 08:00:00,81.21,2.298,98.23
SENSOR-00007420,MCH-004-02-02,2026-01-07 12:00:00,73.08,2.022,96.53
SENSOR-00007421,MCH-004-02-02,2026-01-07 16:00:00,71.2,2.144,97.59
SENSOR-00007422,MCH-004-02-02,2026-01-07 20:00:00,78.0,2.048,97.2
SENSOR-00007423,MCH-004-02-02,2026-01-08 00:00:00,70.49,1.966,101.12
SENSOR-00007424,MCH-004-02-02,2026-01-08 04:00:00,73.58,2.276,103.05
SENSOR-00007425,MCH-004-02-02,2026-01-08 08:00:00,73.42,2.318,104.08
SENSOR-00007426,MCH-004-02-02,2026-01-08 12:00:00,74.06,2.363,95.75
SENSOR-00007427,MCH-004-02-02,2026-01-08 16:00:00,87.87,1.842,98.38
SENSOR-00007428,MCH-004-02-02,2026-01-08 20:00:00,70.72,2.767,98.2
SENSOR-00007429,MCH-004-02-02,2026-01-09 00:00:00,72.55,2.24,107.71
SENSOR-00007430,MCH-004-02-02,2026-01-09 04:00:00,72.3,1.61,99.4
SENSOR-00007431,MCH-004-02-02,2026-01-09 08:00:00,72.52,2.18,97.84
SENSOR-00007432,MCH-004-02-02,2026-01-09 12:00:00,67.71,2.78,100.95
SENSOR-00007433,MCH-004-02-02,2026-01-09 16:00:00,72.23,2.772,97.39
SENSOR-00007434,MCH-004-02-02,2026-01-09 20:00:00,75.41,1.928,102.25
SENSOR-00007435,MCH-004-02-02,2026-01-10 00:00:00,72.47,2.075,96.64
SENSOR-00007436,MCH-004-02-02,2026-01-10 04:00:00,70.84,2.359,95.95
SENSOR-00007437,MCH-004-02-02,2026-01-10 08:00:00,69.29,2.38,98.06
SENSOR-00007438,MCH-004-02-02,2026-01-10 12:00:00,74.48,2.036,100.86
SENSOR-00007439,MCH-004-02-02,2026-01-10 16:00:00,69.91,1.764,102.87
SENSOR-00007440,MCH-004-02-02,2026-01-10 20:00:00,70.21,2.178,97.93
SENSOR-00007441,MCH-004-02-02,2026-01-11 00:00:00,68.98,2.307,99.51
SENSOR-00007442,MCH-004-02-02,2026-01-11 04:00:00,65.0,1.779,99.8
SENSOR-00007443,MCH-004-02-02,2026-01-11 08:00:00,73.07,2.166,102.65
SENSOR-00007444,MCH-004-02-02,2026-01-11 12:00:00,69.26,1.893,97.52
SENSOR-00007445,MCH-004-02-02,2026-01-11 16:00:00,70.56,2.225,97.61
SENSOR-00007446,MCH-004-02-02,2026-01-11 20:00:00,64.43,1.597,100.37
SENSOR-00007447,MCH-004-02-02,2026-01-12 00:00:00,76.55,2.55,105.51
SENSOR-00007448,MCH-004-02-02,2026-01-12 04:00:00,71.25,1.956,104.08
SENSOR-00007449,MCH-004-02-02,2026-01-12 08:00:00,74.99,2.458,98.06
SENSOR-00007450,MCH-004-02-02,2026-01-12 12:00:00,74.08,1.976,99.98
SENSOR-00007451,MCH-004-02-02,2026-01-12 16:00:00,71.61,2.826,101.65
SENSOR-00007452,MCH-004-02-02,2026-01-12 20:00:00,64.39,2.239,101.1
SENSOR-00007453,MCH-004-02-02,2026-01-13 00:00:00,74.95,2.248,99.91
SENSOR-00007454,MCH-004-02-02,2026-01-13 04:00:00,73.36,2.042,95.45
SENSOR-00007455,MCH-004-02-02,2026-01-13 08:00:00,75.27,2.622,101.81
SENSOR-00007456,MCH-004-02-02,2026-01-13 12:00:00,74.01,1.938,102.63
SENSOR-00007457,MCH-004-02-02,2026-01-13 16:00:00,74.92,2.43,103.1
SENSOR-00007458,MCH-004-02-02,2026-01-13 20:00:00,79.34,1.961,96.13
SENSOR-00007459,MCH-004-02-02,2026-01-14 00:00:00,77.73,2.543,103.13
SENSOR-00007460,MCH-004-02-02,2026-01-14 04:00:00,72.68,2.518,101.29
SENSOR-00007461,MCH-004-02-02,2026-01-14 08:00:00,71.24,2.335,102.66
SENSOR-00007462,MCH-004-02-02,2026-01-14 12:00:00,67.69,1.975,99.57
SENSOR-00007463,MCH-004-02-02,2026-01-14 16:00:00,68.11,1.931,98.74
SENSOR-00007464,MCH-004-02-02,2026-01-14 20:00:00,76.97,2.483,100.96
SENSOR-00007465,MCH-004-02-02,2026-01-15 00:00:00,77.98,1.99,103.49
SENSOR-00007466,MCH-004-02-02,2026-01-15 04:00:00,76.57,1.791,98.45
SENSOR-00007467,MCH-004-02-02,2026-01-15 08:00:00,77.08,2.649,102.15
SENSOR-00007468,MCH-004-02-02,2026-01-15 12:00:00,71.41,1.998,101.7
SENSOR-00007469,MCH-004-02-02,2026-01-15 16:00:00,71.29,2.144,99.33
SENSOR-00007470,MCH-004-02-02,2026-01-15 20:00:00,76.52,2.691,103.08
SENSOR-00007471,MCH-004-02-02,2026-01-16 00:00:00,77.62,2.298,99.69
SENSOR-00007472,MCH-004-02-02,2026-01-16 04:00:00,70.25,2.887,97.33
SENSOR-00007473,MCH-004-02-02,2026-01-16 08:00:00,69.06,2.281,99.39
SENSOR-00007474,MCH-004-02-02,2026-01-16 12:00:00,77.09,2.504,96.36
SENSOR-00007475,MCH-004-02-02,2026-01-16 16:00:00,69.98,2.021,102.35
SENSOR-00007476,MCH-004-02-02,2026-01-16 20:00:00,74.71,2.147,100.65
SENSOR-00007477,MCH-004-02-02,2026-01-17 00:00:00,72.97,1.897,98.68
SENSOR-00007478,MCH-004-02-02,2026-01-17 04:00:00,71.1,2.197,99.62
SENSOR-00007479,MCH-004-02-02,2026-01-17 08:00:00,79.26,2.188,94.85
SENSOR-00007480,MCH-004-02-02,2026-01-17 12:00:00,73.36,2.677,99.5
SENSOR-00007481,MCH-004-02-02,2026-01-17 16:00:00,71.25,2.164,101.75
SENSOR-00007482,MCH-004-02-02,2026-01-17 20:00:00,71.76,1.861,97.98
SENSOR-00007483,MCH-004-02-02,2026-01-18 00:00:00,68.64,1.972,98.01
SENSOR-00007484,MCH-004-02-02,2026-01-18 04:00:00,78.46,1.811,98.61
SENSOR-00007485,MCH-004-02-02,2026-01-18 08:00:00,72.89,2.532,105.84
SENSOR-00007486,MCH-004-02-02,2026-01-18 12:00:00,71.31,2.375,99.72
SENSOR-00007487,MCH-004-02-02,2026-01-18 16:00:00,72.59,2.308,95.24
SENSOR-00007488,MCH-004-02-02,2026-01-18 20:00:00,72.81,2.352,97.42
SENSOR-00007489,MCH-004-02-02,2026-01-19 00:00:00,76.71,2.226,98.61
SENSOR-00007490,MCH-004-02-02,2026-01-19 04:00:00,65.27,2.271,97.93
SENSOR-00007491,MCH-004-02-02,2026-01-19 08:00:00,70.47,2.644,94.6
SENSOR-00007492,MCH-004-02-02,2026-01-19 12:00:00,66.33,2.298,98.84
SENSOR-00007493,MCH-004-02-02,2026-01-19 16:00:00,70.92,2.308,100.77
SENSOR-00007494,MCH-004-02-02,2026-01-19 20:00:00,69.1,2.092,100.15
SENSOR-00007495,MCH-004-02-02,2026-01-20 00:00:00,69.25,2.165,101.35
SENSOR-00007496,MCH-004-02-02,2026-01-20 04:00:00,69.44,2.221,99.43
SENSOR-00007497,MCH-004-02-02,2026-01-20 08:00:00,80.11,2.42,102.12
SENSOR-00007498,MCH-004-02-02,2026-01-20 12:00:00,76.68,2.103,104.13
SENSOR-00007499,MCH-004-02-02,2026-01-20 16:00:00,73.63,2.229,96.36
SENSOR-00007500,MCH-004-02-02,2026-01-20 20:00:00,71.39,1.798,99.26
SENSOR-00007501,MCH-004-02-02,2026-01-21 00:00:00,77.09,2.305,98.72
SENSOR-00007502,MCH-004-02-02,2026-01-21 04:00:00,71.88,2.4,112.26
SENSOR-00007503,MCH-004-02-02,2026-01-21 08:00:00,77.66,2.301,101.45
SENSOR-00007504,MCH-004-02-02,2026-01-21 12:00:00,74.9,2.217,102.27
SENSOR-00007505,MCH-004-02-02,2026-01-21 16:00:00,72.38,1.987,101.44
SENSOR-00007506,MCH-004-02-02,2026-01-21 20:00:00,75.46,2.203,100.93
SENSOR-00007507,MCH-004-02-02,2026-01-22 00:00:00,71.7,2.137,97.36
SENSOR-00007508,MCH-004-02-02,2026-01-22 04:00:00,73.4,2.111,103.82
SENSOR-00007509,MCH-004-02-02,2026-01-22 08:00:00,72.57,2.229,99.46
SENSOR-00007510,MCH-004-02-02,2026-01-22 12:00:00,74.48,2.613,96.88
SENSOR-00007511,MCH-004-02-02,2026-01-22 16:00:00,74.11,1.848,103.67
SENSOR-00007512,MCH-004-02-02,2026-01-22 20:00:00,72.56,1.866,96.17
SENSOR-00007513,MCH-004-02-02,2026-01-23 00:00:00,75.29,2.167,101.26
SENSOR-00007514,MCH-004-02-02,2026-01-23 04:00:00,72.03,2.393,101.24
SENSOR-00007515,MCH-004-02-02,2026-01-23 08:00:00,70.83,2.001,102.87
SENSOR-00007516,MCH-004-02-02,2026-01-23 12:00:00,69.74,2.365,100.09
SENSOR-00007517,MCH-004-02-02,2026-01-23 16:00:00,71.15,2.347,104.1
SENSOR-00007518,MCH-004-02-02,2026-01-23 20:00:00,75.5,2.272,104.86
SENSOR-00007519,MCH-004-02-02,2026-01-24 00:00:00,72.84,2.465,102.93
SENSOR-00007520,MCH-004-02-02,2026-01-24 04:00:00,74.07,2.134,99.71
SENSOR-00007521,MCH-004-02-02,2026-01-24 08:00:00,75.73,2.827,96.44
SENSOR-00007522,MCH-004-02-02,2026-01-24 12:00:00,79.35,2.301,102.46
SENSOR-00007523,MCH-004-02-02,2026-01-24 16:00:00,73.74,2.591,100.99
SENSOR-00007524,MCH-004-02-02,2026-01-24 20:00:00,70.4,2.352,103.38
SENSOR-00007525,MCH-004-02-02,2026-01-25 00:00:00,81.38,2.236,101.34
SENSOR-00007526,MCH-004-02-02,2026-01-25 04:00:00,73.5,2.263,105.29
SENSOR-00007527,MCH-004-02-02,2026-01-25 08:00:00,68.55,2.073,102.26
SENSOR-00007528,MCH-004-02-02,2026-01-25 12:00:00,74.02,2.169,99.79
SENSOR-00007529,MCH-004-02-02,2026-01-25 16:00:00,76.65,2.361,97.86
SENSOR-00007530,MCH-004-02-02,2026-01-25 20:00:00,73.95,2.227,101.41
SENSOR-00007531,MCH-004-02-02,2026-01-26 00:00:00,66.83,1.973,100.81
SENSOR-00007532,MCH-004-02-02,2026-01-26 04:00:00,71.0,2.033,104.29
SENSOR-00007533,MCH-004-02-02,2026-01-26 08:00:00,82.49,2.226,95.49
SENSOR-00007534,MCH-004-02-02,2026-01-26 12:00:00,74.58,1.718,95.95
SENSOR-00007535,MCH-004-02-02,2026-01-26 16:00:00,74.65,1.894,99.11
SENSOR-00007536,MCH-004-02-02,2026-01-26 20:00:00,67.06,2.254,103.37
SENSOR-00007537,MCH-004-02-02,2026-01-27 00:00:00,76.64,2.35,99.78
SENSOR-00007538,MCH-004-02-02,2026-01-27 04:00:00,70.72,2.471,97.4
SENSOR-00007539,MCH-004-02-02,2026-01-27 08:00:00,69.59,2.578,101.08
SENSOR-00007540,MCH-004-02-02,2026-01-27 12:00:00,74.58,2.389,99.72
SENSOR-00007541,MCH-004-02-02,2026-01-27 16:00:00,67.25,2.303,99.95
SENSOR-00007542,MCH-004-02-02,2026-01-27 20:00:00,69.56,1.968,99.86
SENSOR-00007543,MCH-004-02-02,2026-01-28 00:00:00,72.12,2.678,98.24
SENSOR-00007544,MCH-004-02-02,2026-01-28 04:00:00,66.55,2.448,101.28
SENSOR-00007545,MCH-004-02-02,2026-01-28 08:00:00,77.8,2.317,107.02
SENSOR-00007546,MCH-004-02-02,2026-01-28 12:00:00,72.24,2.501,98.42
SENSOR-00007547,MCH-004-02-02,2026-01-28 16:00:00,74.96,2.409,102.5
SENSOR-00007548,MCH-004-02-02,2026-01-28 20:00:00,76.1,1.431,99.79
SENSOR-00007549,MCH-004-02-02,2026-01-29 00:00:00,81.55,2.085,99.17
SENSOR-00007550,MCH-004-02-02,2026-01-29 04:00:00,73.93,1.838,94.83
SENSOR-00007551,MCH-004-02-02,2026-01-29 08:00:00,71.07,2.128,100.4
SENSOR-00007552,MCH-004-02-02,2026-01-29 12:00:00,69.09,2.348,93.53
SENSOR-00007553,MCH-004-02-02,2026-01-29 16:00:00,72.72,2.33,100.99
SENSOR-00007554,MCH-004-02-02,2026-01-29 20:00:00,72.35,2.075,99.42
SENSOR-00007555,MCH-004-02-02,2026-01-30 00:00:00,74.05,1.968,100.63
SENSOR-00007556,MCH-004-02-02,2026-01-30 04:00:00,67.76,2.259,98.02
SENSOR-00007557,MCH-004-02-02,2026-01-30 08:00:00,77.2,2.149,100.69
SENSOR-00007558,MCH-004-02-02,2026-01-30 12:00:00,73.93,2.221,100.32
SENSOR-00007559,MCH-004-02-02,2026-01-30 16:00:00,74.21,2.016,101.21
SENSOR-00007560,MCH-004-02-02,2026-01-30 20:00:00,76.45,2.339,98.94
SENSOR-00007561,MCH-004-02-03,2026-01-01 00:00:00,67.24,2.849,99.97
SENSOR-00007562,MCH-004-02-03,2026-01-01 04:00:00,73.79,2.482,98.89
SENSOR-00007563,MCH-004-02-03,2026-01-01 08:00:00,87.71,2.337,100.98
SENSOR-00007564,MCH-004-02-03,2026-01-01 12:00:00,81.04,2.792,103.29
SENSOR-00007565,MCH-004-02-03,2026-01-01 16:00:00,74.17,2.432,93.48
SENSOR-00007566,MCH-004-02-03,2026-01-01 20:00:00,75.57,2.478,102.23
SENSOR-00007567,MCH-004-02-03,2026-01-02 00:00:00,77.44,2.085,103.28
SENSOR-00007568,MCH-004-02-03,2026-01-02 04:00:00,77.38,2.645,100.94
SENSOR-00007569,MCH-004-02-03,2026-01-02 08:00:00,77.82,2.795,98.58
SENSOR-00007570,MCH-004-02-03,2026-01-02 12:00:00,77.74,2.275,101.73
SENSOR-00007571,MCH-004-02-03,2026-01-02 16:00:00,76.88,2.312,100.28
SENSOR-00007572,MCH-004-02-03,2026-01-02 20:00:00,73.6,2.375,101.06
SENSOR-00007573,MCH-004-02-03,2026-01-03 00:00:00,68.87,2.229,96.91
SENSOR-00007574,MCH-004-02-03,2026-01-03 04:00:00,76.91,2.763,101.51
SENSOR-00007575,MCH-004-02-03,2026-01-03 08:00:00,71.49,2.362,97.57
SENSOR-00007576,MCH-004-02-03,2026-01-03 12:00:00,77.9,2.357,95.76
SENSOR-00007577,MCH-004-02-03,2026-01-03 16:00:00,78.21,2.786,99.46
SENSOR-00007578,MCH-004-02-03,2026-01-03 20:00:00,76.35,2.093,93.82
SENSOR-00007579,MCH-004-02-03,2026-01-04 00:00:00,72.1,2.096,100.39
SENSOR-00007580,MCH-004-02-03,2026-01-04 04:00:00,69.92,2.502,98.99
SENSOR-00007581,MCH-004-02-03,2026-01-04 08:00:00,79.57,2.679,103.31
SENSOR-00007582,MCH-004-02-03,2026-01-04 12:00:00,76.7,2.255,96.89
SENSOR-00007583,MCH-004-02-03,2026-01-04 16:00:00,73.75,2.968,99.25
SENSOR-00007584,MCH-004-02-03,2026-01-04 20:00:00,76.52,2.849,100.76
SENSOR-00007585,MCH-004-02-03,2026-01-05 00:00:00,73.51,2.92,97.43
SENSOR-00007586,MCH-004-02-03,2026-01-05 04:00:00,74.3,2.847,104.66
SENSOR-00007587,MCH-004-02-03,2026-01-05 08:00:00,79.15,2.199,100.25
SENSOR-00007588,MCH-004-02-03,2026-01-05 12:00:00,75.88,2.256,102.09
SENSOR-00007589,MCH-004-02-03,2026-01-05 16:00:00,72.76,2.147,95.14
SENSOR-00007590,MCH-004-02-03,2026-01-05 20:00:00,82.72,2.342,98.53
SENSOR-00007591,MCH-004-02-03,2026-01-06 00:00:00,71.84,2.194,97.68
SENSOR-00007592,MCH-004-02-03,2026-01-06 04:00:00,71.2,2.657,97.0
SENSOR-00007593,MCH-004-02-03,2026-01-06 08:00:00,75.34,2.212,96.48
SENSOR-00007594,MCH-004-02-03,2026-01-06 12:00:00,80.3,2.87,103.81
SENSOR-00007595,MCH-004-02-03,2026-01-06 16:00:00,69.99,2.137,105.94
SENSOR-00007596,MCH-004-02-03,2026-01-06 20:00:00,74.85,2.126,103.25
SENSOR-00007597,MCH-004-02-03,2026-01-07 00:00:00,75.42,2.881,96.55
SENSOR-00007598,MCH-004-02-03,2026-01-07 04:00:00,76.96,2.616,100.27
SENSOR-00007599,MCH-004-02-03,2026-01-07 08:00:00,74.87,2.251,100.59
SENSOR-00007600,MCH-004-02-03,2026-01-07 12:00:00,75.46,2.111,103.3
SENSOR-00007601,MCH-004-02-03,2026-01-07 16:00:00,72.23,2.117,98.21
SENSOR-00007602,MCH-004-02-03,2026-01-07 20:00:00,72.3,2.405,96.27
SENSOR-00007603,MCH-004-02-03,2026-01-08 00:00:00,69.28,2.499,106.49
SENSOR-00007604,MCH-004-02-03,2026-01-08 04:00:00,70.83,2.674,98.31
SENSOR-00007605,MCH-004-02-03,2026-01-08 08:00:00,70.59,2.861,106.48
SENSOR-00007606,MCH-004-02-03,2026-01-08 12:00:00,77.52,2.56,100.19
SENSOR-00007607,MCH-004-02-03,2026-01-08 16:00:00,75.28,2.555,102.03
SENSOR-00007608,MCH-004-02-03,2026-01-08 20:00:00,82.53,2.339,100.38
SENSOR-00007609,MCH-004-02-03,2026-01-09 00:00:00,69.13,2.62,92.26
SENSOR-00007610,MCH-004-02-03,2026-01-09 04:00:00,79.68,2.607,98.36
SENSOR-00007611,MCH-004-02-03,2026-01-09 08:00:00,65.19,2.466,100.67
SENSOR-00007612,MCH-004-02-03,2026-01-09 12:00:00,75.62,2.314,97.31
SENSOR-00007613,MCH-004-02-03,2026-01-09 16:00:00,75.66,2.269,102.43
SENSOR-00007614,MCH-004-02-03,2026-01-09 20:00:00,75.56,2.039,100.53
SENSOR-00007615,MCH-004-02-03,2026-01-10 00:00:00,81.71,2.942,103.82
SENSOR-00007616,MCH-004-02-03,2026-01-10 04:00:00,75.33,2.615,100.67
SENSOR-00007617,MCH-004-02-03,2026-01-10 08:00:00,73.03,2.441,105.39
SENSOR-00007618,MCH-004-02-03,2026-01-10 12:00:00,78.46,2.985,96.75
SENSOR-00007619,MCH-004-02-03,2026-01-10 16:00:00,74.35,2.574,102.23
SENSOR-00007620,MCH-004-02-03,2026-01-10 20:00:00,75.4,2.67,102.38
SENSOR-00007621,MCH-004-02-03,2026-01-11 00:00:00,79.54,2.652,100.4
SENSOR-00007622,MCH-004-02-03,2026-01-11 04:00:00,75.94,2.518,99.99
SENSOR-00007623,MCH-004-02-03,2026-01-11 08:00:00,70.73,2.362,100.22
SENSOR-00007624,MCH-004-02-03,2026-01-11 12:00:00,81.55,2.643,104.42
SENSOR-00007625,MCH-004-02-03,2026-01-11 16:00:00,70.25,2.381,106.22
SENSOR-00007626,MCH-004-02-03,2026-01-11 20:00:00,72.9,2.279,99.18
SENSOR-00007627,MCH-004-02-03,2026-01-12 00:00:00,74.49,2.384,107.55
SENSOR-00007628,MCH-004-02-03,2026-01-12 04:00:00,73.03,2.134,104.13
SENSOR-00007629,MCH-004-02-03,2026-01-12 08:00:00,75.67,2.541,106.69
SENSOR-00007630,MCH-004-02-03,2026-01-12 12:00:00,70.26,2.421,96.29
SENSOR-00007631,MCH-004-02-03,2026-01-12 16:00:00,77.21,2.331,96.48
SENSOR-00007632,MCH-004-02-03,2026-01-12 20:00:00,78.8,2.472,96.25
SENSOR-00007633,MCH-004-02-03,2026-01-13 00:00:00,70.87,2.504,99.02
SENSOR-00007634,MCH-004-02-03,2026-01-13 04:00:00,71.71,2.626,94.07
SENSOR-00007635,MCH-004-02-03,2026-01-13 08:00:00,71.13,2.203,98.49
SENSOR-00007636,MCH-004-02-03,2026-01-13 12:00:00,81.07,2.658,100.32
SENSOR-00007637,MCH-004-02-03,2026-01-13 16:00:00,76.1,2.467,104.12
SENSOR-00007638,MCH-004-02-03,2026-01-13 20:00:00,68.61,2.663,98.48
SENSOR-00007639,MCH-004-02-03,2026-01-14 00:00:00,84.01,2.645,98.75
SENSOR-00007640,MCH-004-02-03,2026-01-14 04:00:00,79.7,2.458,98.7
SENSOR-00007641,MCH-004-02-03,2026-01-14 08:00:00,73.45,2.546,98.16
SENSOR-00007642,MCH-004-02-03,2026-01-14 12:00:00,76.49,2.691,100.33
SENSOR-00007643,MCH-004-02-03,2026-01-14 16:00:00,83.78,2.473,104.05
SENSOR-00007644,MCH-004-02-03,2026-01-14 20:00:00,79.78,2.851,105.92
SENSOR-00007645,MCH-004-02-03,2026-01-15 00:00:00,73.9,2.388,97.91
SENSOR-00007646,MCH-004-02-03,2026-01-15 04:00:00,71.89,2.411,101.03
SENSOR-00007647,MCH-004-02-03,2026-01-15 08:00:00,80.9,2.172,99.91
SENSOR-00007648,MCH-004-02-03,2026-01-15 12:00:00,80.58,2.175,103.8
SENSOR-00007649,MCH-004-02-03,2026-01-15 16:00:00,74.12,2.648,99.35
SENSOR-00007650,MCH-004-02-03,2026-01-15 20:00:00,77.71,2.872,99.64
SENSOR-00007651,MCH-004-02-03,2026-01-16 00:00:00,81.59,2.708,98.19
SENSOR-00007652,MCH-004-02-03,2026-01-16 04:00:00,74.31,2.679,101.17
SENSOR-00007653,MCH-004-02-03,2026-01-16 08:00:00,75.8,2.251,98.41
SENSOR-00007654,MCH-004-02-03,2026-01-16 12:00:00,78.2,1.982,92.98
SENSOR-00007655,MCH-004-02-03,2026-01-16 16:00:00,78.65,2.336,101.41
SENSOR-00007656,MCH-004-02-03,2026-01-16 20:00:00,82.18,2.216,94.99
SENSOR-00007657,MCH-004-02-03,2026-01-17 00:00:00,69.69,2.736,100.07
SENSOR-00007658,MCH-004-02-03,2026-01-17 04:00:00,71.07,2.366,103.11
SENSOR-00007659,MCH-004-02-03,2026-01-17 08:00:00,72.8,2.572,102.64
SENSOR-00007660,MCH-004-02-03,2026-01-17 12:00:00,75.97,2.254,99.81
SENSOR-00007661,MCH-004-02-03,2026-01-17 16:00:00,70.23,2.348,96.68
SENSOR-00007662,MCH-004-02-03,2026-01-17 20:00:00,75.68,2.152,100.25
SENSOR-00007663,MCH-004-02-03,2026-01-18 00:00:00,68.54,2.601,103.25
SENSOR-00007664,MCH-004-02-03,2026-01-18 04:00:00,74.32,2.115,104.24
SENSOR-00007665,MCH-004-02-03,2026-01-18 08:00:00,76.75,2.647,96.04
SENSOR-00007666,MCH-004-02-03,2026-01-18 12:00:00,70.6,2.573,103.08
SENSOR-00007667,MCH-004-02-03,2026-01-18 16:00:00,71.35,2.444,95.24
SENSOR-00007668,MCH-004-02-03,2026-01-18 20:00:00,73.07,2.405,101.47
SENSOR-00007669,MCH-004-02-03,2026-01-19 00:00:00,75.46,2.65,103.38
SENSOR-00007670,MCH-004-02-03,2026-01-19 04:00:00,74.34,2.169,100.22
SENSOR-00007671,MCH-004-02-03,2026-01-19 08:00:00,72.46,2.325,102.02
SENSOR-00007672,MCH-004-02-03,2026-01-19 12:00:00,77.81,2.678,98.99
SENSOR-00007673,MCH-004-02-03,2026-01-19 16:00:00,79.91,2.473,99.15
SENSOR-00007674,MCH-004-02-03,2026-01-19 20:00:00,71.48,1.947,95.31
SENSOR-00007675,MCH-004-02-03,2026-01-20 00:00:00,73.72,2.628,99.47
SENSOR-00007676,MCH-004-02-03,2026-01-20 04:00:00,75.57,2.729,102.38
SENSOR-00007677,MCH-004-02-03,2026-01-20 08:00:00,75.13,2.388,99.0
SENSOR-00007678,MCH-004-02-03,2026-01-20 12:00:00,67.79,2.744,97.95
SENSOR-00007679,MCH-004-02-03,2026-01-20 16:00:00,79.29,2.48,104.18
SENSOR-00007680,MCH-004-02-03,2026-01-20 20:00:00,77.99,2.698,98.22
SENSOR-00007681,MCH-004-02-03,2026-01-21 00:00:00,75.22,2.55,98.38
SENSOR-00007682,MCH-004-02-03,2026-01-21 04:00:00,85.58,2.545,98.23
SENSOR-00007683,MCH-004-02-03,2026-01-21 08:00:00,79.37,2.78,97.68
SENSOR-00007684,MCH-004-02-03,2026-01-21 12:00:00,70.2,2.165,97.99
SENSOR-00007685,MCH-004-02-03,2026-01-21 16:00:00,75.65,2.062,98.75
SENSOR-00007686,MCH-004-02-03,2026-01-21 20:00:00,75.04,2.551,101.84
SENSOR-00007687,MCH-004-02-03,2026-01-22 00:00:00,76.94,2.733,103.22
SENSOR-00007688,MCH-004-02-03,2026-01-22 04:00:00,71.76,2.34,99.97
SENSOR-00007689,MCH-004-02-03,2026-01-22 08:00:00,73.05,2.409,100.9
SENSOR-00007690,MCH-004-02-03,2026-01-22 12:00:00,75.38,2.47,97.17
SENSOR-00007691,MCH-004-02-03,2026-01-22 16:00:00,77.9,2.578,97.71
SENSOR-00007692,MCH-004-02-03,2026-01-22 20:00:00,70.7,2.777,105.24
SENSOR-00007693,MCH-004-02-03,2026-01-23 00:00:00,78.42,2.768,95.34
SENSOR-00007694,MCH-004-02-03,2026-01-23 04:00:00,76.03,2.945,98.21
SENSOR-00007695,MCH-004-02-03,2026-01-23 08:00:00,73.01,1.909,100.31
SENSOR-00007696,MCH-004-02-03,2026-01-23 12:00:00,78.19,2.614,96.89
SENSOR-00007697,MCH-004-02-03,2026-01-23 16:00:00,75.84,2.525,100.16
SENSOR-00007698,MCH-004-02-03,2026-01-23 20:00:00,71.49,2.489,97.56
SENSOR-00007699,MCH-004-02-03,2026-01-24 00:00:00,79.13,2.566,95.86
SENSOR-00007700,MCH-004-02-03,2026-01-24 04:00:00,75.45,2.114,97.54
SENSOR-00007701,MCH-004-02-03,2026-01-24 08:00:00,83.69,2.214,92.97
SENSOR-00007702,MCH-004-02-03,2026-01-24 12:00:00,79.12,2.301,102.3
SENSOR-00007703,MCH-004-02-03,2026-01-24 16:00:00,71.19,2.363,103.59
SENSOR-00007704,MCH-004-02-03,2026-01-24 20:00:00,70.58,2.427,100.87
SENSOR-00007705,MCH-004-02-03,2026-01-25 00:00:00,77.64,2.412,95.24
SENSOR-00007706,MCH-004-02-03,2026-01-25 04:00:00,75.69,2.74,95.61
SENSOR-00007707,MCH-004-02-03,2026-01-25 08:00:00,71.93,2.324,101.12
SENSOR-00007708,MCH-004-02-03,2026-01-25 12:00:00,85.38,2.267,100.27
SENSOR-00007709,MCH-004-02-03,2026-01-25 16:00:00,75.89,2.394,99.86
SENSOR-00007710,MCH-004-02-03,2026-01-25 20:00:00,74.01,3.155,102.25
SENSOR-00007711,MCH-004-02-03,2026-01-26 00:00:00,77.35,2.422,102.63
SENSOR-00007712,MCH-004-02-03,2026-01-26 04:00:00,72.31,2.195,102.33
SENSOR-00007713,MCH-004-02-03,2026-01-26 08:00:00,74.69,2.684,100.1
SENSOR-00007714,MCH-004-02-03,2026-01-26 12:00:00,83.38,2.659,101.23
SENSOR-00007715,MCH-004-02-03,2026-01-26 16:00:00,79.07,2.402,95.07
SENSOR-00007716,MCH-004-02-03,2026-01-26 20:00:00,77.32,2.955,93.13
SENSOR-00007717,MCH-004-02-03,2026-01-27 00:00:00,75.09,2.743,99.06
SENSOR-00007718,MCH-004-02-03,2026-01-27 04:00:00,73.93,2.169,103.94
SENSOR-00007719,MCH-004-02-03,2026-01-27 08:00:00,74.67,1.864,101.63
SENSOR-00007720,MCH-004-02-03,2026-01-27 12:00:00,74.14,2.395,99.3
SENSOR-00007721,MCH-004-02-03,2026-01-27 16:00:00,74.53,3.152,104.99
SENSOR-00007722,MCH-004-02-03,2026-01-27 20:00:00,78.67,2.53,103.39
SENSOR-00007723,MCH-004-02-03,2026-01-28 00:00:00,72.42,1.837,101.37
SENSOR-00007724,MCH-004-02-03,2026-01-28 04:00:00,78.8,2.741,96.69
SENSOR-00007725,MCH-004-02-03,2026-01-28 08:00:00,77.63,2.47,102.21
SENSOR-00007726,MCH-004-02-03,2026-01-28 12:00:00,73.27,2.386,95.34
SENSOR-00007727,MCH-004-02-03,2026-01-28 16:00:00,73.0,2.471,100.52
SENSOR-00007728,MCH-004-02-03,2026-01-28 20:00:00,69.13,2.342,100.48
SENSOR-00007729,MCH-004-02-03,2026-01-29 00:00:00,80.06,2.281,97.27
SENSOR-00007730,MCH-004-02-03,2026-01-29 04:00:00,76.71,2.471,99.8
SENSOR-00007731,MCH-004-02-03,2026-01-29 08:00:00,76.89,2.217,97.3
SENSOR-00007732,MCH-004-02-03,2026-01-29 12:00:00,79.82,2.433,101.79
SENSOR-00007733,MCH-004-02-03,2026-01-29 16:00:00,80.77,2.681,95.89
SENSOR-00007734,MCH-004-02-03,2026-01-29 20:00:00,75.41,2.73,101.57
SENSOR-00007735,MCH-004-02-03,2026-01-30 00:00:00,81.55,2.614,95.9
SENSOR-00007736,MCH-004-02-03,2026-01-30 04:00:00,69.91,2.403,100.38
SENSOR-00007737,MCH-004-02-03,2026-01-30 08:00:00,79.84,2.902,105.35
SENSOR-00007738,MCH-004-02-03,2026-01-30 12:00:00,74.1,2.703,101.28
SENSOR-00007739,MCH-004-02-03,2026-01-30 16:00:00,71.51,1.998,100.43
SENSOR-00007740,MCH-004-02-03,2026-01-30 20:00:00,69.89,2.257,97.95
SENSOR-00007741,MCH-004-02-04,2026-01-01 00:00:00,68.96,2.235,101.39
SENSOR-00007742,MCH-004-02-04,2026-01-01 04:00:00,75.41,2.222,99.65
SENSOR-00007743,MCH-004-02-04,2026-01-01 08:00:00,69.85,2.211,99.43
SENSOR-00007744,MCH-004-02-04,2026-01-01 12:00:00,71.4,2.224,100.42
SENSOR-00007745,MCH-004-02-04,2026-01-01 16:00:00,72.44,1.899,104.05
SENSOR-00007746,MCH-004-02-04,2026-01-01 20:00:00,66.78,2.207,98.54
SENSOR-00007747,MCH-004-02-04,2026-01-02 00:00:00,67.48,2.102,99.85
SENSOR-00007748,MCH-004-02-04,2026-01-02 04:00:00,74.72,1.929,109.22
SENSOR-00007749,MCH-004-02-04,2026-01-02 08:00:00,65.68,2.155,100.86
SENSOR-00007750,MCH-004-02-04,2026-01-02 12:00:00,73.36,1.968,100.73
SENSOR-00007751,MCH-004-02-04,2026-01-02 16:00:00,68.95,2.565,98.09
SENSOR-00007752,MCH-004-02-04,2026-01-02 20:00:00,70.62,1.931,97.6
SENSOR-00007753,MCH-004-02-04,2026-01-03 00:00:00,72.95,1.931,100.21
SENSOR-00007754,MCH-004-02-04,2026-01-03 04:00:00,70.65,1.675,106.09
SENSOR-00007755,MCH-004-02-04,2026-01-03 08:00:00,73.51,2.142,101.01
SENSOR-00007756,MCH-004-02-04,2026-01-03 12:00:00,79.42,2.381,101.05
SENSOR-00007757,MCH-004-02-04,2026-01-03 16:00:00,68.38,1.959,94.59
SENSOR-00007758,MCH-004-02-04,2026-01-03 20:00:00,69.74,2.262,101.9
SENSOR-00007759,MCH-004-02-04,2026-01-04 00:00:00,63.95,1.938,96.33
SENSOR-00007760,MCH-004-02-04,2026-01-04 04:00:00,74.93,2.291,101.03
SENSOR-00007761,MCH-004-02-04,2026-01-04 08:00:00,76.12,1.956,100.22
SENSOR-00007762,MCH-004-02-04,2026-01-04 12:00:00,79.99,2.243,101.75
SENSOR-00007763,MCH-004-02-04,2026-01-04 16:00:00,68.14,1.993,96.99
SENSOR-00007764,MCH-004-02-04,2026-01-04 20:00:00,77.93,1.707,102.74
SENSOR-00007765,MCH-004-02-04,2026-01-05 00:00:00,69.19,1.877,96.43
SENSOR-00007766,MCH-004-02-04,2026-01-05 04:00:00,74.4,2.178,100.78
SENSOR-00007767,MCH-004-02-04,2026-01-05 08:00:00,69.75,2.11,97.79
SENSOR-00007768,MCH-004-02-04,2026-01-05 12:00:00,68.2,2.524,102.65
SENSOR-00007769,MCH-004-02-04,2026-01-05 16:00:00,68.96,1.723,94.9
SENSOR-00007770,MCH-004-02-04,2026-01-05 20:00:00,68.67,2.124,100.36
SENSOR-00007771,MCH-004-02-04,2026-01-06 00:00:00,66.75,1.881,99.0
SENSOR-00007772,MCH-004-02-04,2026-01-06 04:00:00,69.13,1.837,99.85
SENSOR-00007773,MCH-004-02-04,2026-01-06 08:00:00,77.46,2.059,99.71
SENSOR-00007774,MCH-004-02-04,2026-01-06 12:00:00,72.58,2.259,104.12
SENSOR-00007775,MCH-004-02-04,2026-01-06 16:00:00,72.17,2.096,97.03
SENSOR-00007776,MCH-004-02-04,2026-01-06 20:00:00,74.17,1.886,97.37
SENSOR-00007777,MCH-004-02-04,2026-01-07 00:00:00,68.2,1.933,98.02
SENSOR-00007778,MCH-004-02-04,2026-01-07 04:00:00,66.7,1.787,102.92
SENSOR-00007779,MCH-004-02-04,2026-01-07 08:00:00,73.89,1.891,102.67
SENSOR-00007780,MCH-004-02-04,2026-01-07 12:00:00,72.45,2.016,96.32
SENSOR-00007781,MCH-004-02-04,2026-01-07 16:00:00,72.58,2.563,100.04
SENSOR-00007782,MCH-004-02-04,2026-01-07 20:00:00,75.21,2.044,102.77
SENSOR-00007783,MCH-004-02-04,2026-01-08 00:00:00,68.51,1.718,94.58
SENSOR-00007784,MCH-004-02-04,2026-01-08 04:00:00,73.62,2.131,97.65
SENSOR-00007785,MCH-004-02-04,2026-01-08 08:00:00,72.3,1.789,102.38
SENSOR-00007786,MCH-004-02-04,2026-01-08 12:00:00,69.68,1.826,98.9
SENSOR-00007787,MCH-004-02-04,2026-01-08 16:00:00,69.6,2.188,103.5
SENSOR-00007788,MCH-004-02-04,2026-01-08 20:00:00,75.67,2.137,99.44
SENSOR-00007789,MCH-004-02-04,2026-01-09 00:00:00,68.51,2.248,100.83
SENSOR-00007790,MCH-004-02-04,2026-01-09 04:00:00,72.5,2.073,102.37
SENSOR-00007791,MCH-004-02-04,2026-01-09 08:00:00,73.79,1.553,99.23
SENSOR-00007792,MCH-004-02-04,2026-01-09 12:00:00,75.27,1.842,94.92
SENSOR-00007793,MCH-004-02-04,2026-01-09 16:00:00,70.66,2.227,98.62
SENSOR-00007794,MCH-004-02-04,2026-01-09 20:00:00,76.38,2.558,94.22
SENSOR-00007795,MCH-004-02-04,2026-01-10 00:00:00,64.89,1.527,103.81
SENSOR-00007796,MCH-004-02-04,2026-01-10 04:00:00,75.36,2.023,96.17
SENSOR-00007797,MCH-004-02-04,2026-01-10 08:00:00,74.55,2.786,99.29
SENSOR-00007798,MCH-004-02-04,2026-01-10 12:00:00,66.4,2.407,96.6
SENSOR-00007799,MCH-004-02-04,2026-01-10 16:00:00,69.74,1.437,99.09
SENSOR-00007800,MCH-004-02-04,2026-01-10 20:00:00,66.1,2.412,97.07
SENSOR-00007801,MCH-004-02-04,2026-01-11 00:00:00,77.92,2.13,98.99
SENSOR-00007802,MCH-004-02-04,2026-01-11 04:00:00,72.27,1.948,99.47
SENSOR-00007803,MCH-004-02-04,2026-01-11 08:00:00,66.68,2.191,99.76
SENSOR-00007804,MCH-004-02-04,2026-01-11 12:00:00,71.96,2.468,97.59
SENSOR-00007805,MCH-004-02-04,2026-01-11 16:00:00,70.7,1.684,101.65
SENSOR-00007806,MCH-004-02-04,2026-01-11 20:00:00,71.14,2.101,99.53
SENSOR-00007807,MCH-004-02-04,2026-01-12 00:00:00,69.66,1.926,96.57
SENSOR-00007808,MCH-004-02-04,2026-01-12 04:00:00,77.02,2.343,94.51
SENSOR-00007809,MCH-004-02-04,2026-01-12 08:00:00,71.83,1.893,101.1
SENSOR-00007810,MCH-004-02-04,2026-01-12 12:00:00,68.01,1.962,102.89
SENSOR-00007811,MCH-004-02-04,2026-01-12 16:00:00,74.49,2.474,99.35
SENSOR-00007812,MCH-004-02-04,2026-01-12 20:00:00,65.39,2.327,102.78
SENSOR-00007813,MCH-004-02-04,2026-01-13 00:00:00,68.32,2.276,104.49
SENSOR-00007814,MCH-004-02-04,2026-01-13 04:00:00,69.16,1.983,100.26
SENSOR-00007815,MCH-004-02-04,2026-01-13 08:00:00,65.65,1.757,96.47
SENSOR-00007816,MCH-004-02-04,2026-01-13 12:00:00,73.39,2.165,103.41
SENSOR-00007817,MCH-004-02-04,2026-01-13 16:00:00,64.26,1.718,101.37
SENSOR-00007818,MCH-004-02-04,2026-01-13 20:00:00,67.72,1.897,103.04
SENSOR-00007819,MCH-004-02-04,2026-01-14 00:00:00,79.74,1.758,100.99
SENSOR-00007820,MCH-004-02-04,2026-01-14 04:00:00,70.45,2.072,97.63
SENSOR-00007821,MCH-004-02-04,2026-01-14 08:00:00,74.23,2.273,107.57
SENSOR-00007822,MCH-004-02-04,2026-01-14 12:00:00,65.93,1.66,106.16
SENSOR-00007823,MCH-004-02-04,2026-01-14 16:00:00,71.0,1.983,100.56
SENSOR-00007824,MCH-004-02-04,2026-01-14 20:00:00,65.63,2.191,99.76
SENSOR-00007825,MCH-004-02-04,2026-01-15 00:00:00,73.57,1.764,100.47
SENSOR-00007826,MCH-004-02-04,2026-01-15 04:00:00,67.88,1.784,96.73
SENSOR-00007827,MCH-004-02-04,2026-01-15 08:00:00,71.12,2.288,97.97
SENSOR-00007828,MCH-004-02-04,2026-01-15 12:00:00,62.91,2.885,103.35
SENSOR-00007829,MCH-004-02-04,2026-01-15 16:00:00,74.94,2.504,100.28
SENSOR-00007830,MCH-004-02-04,2026-01-15 20:00:00,70.67,2.436,104.05
SENSOR-00007831,MCH-004-02-04,2026-01-16 00:00:00,77.37,2.211,100.55
SENSOR-00007832,MCH-004-02-04,2026-01-16 04:00:00,72.06,2.076,98.43
SENSOR-00007833,MCH-004-02-04,2026-01-16 08:00:00,67.88,2.349,100.71
SENSOR-00007834,MCH-004-02-04,2026-01-16 12:00:00,74.04,2.234,104.23
SENSOR-00007835,MCH-004-02-04,2026-01-16 16:00:00,73.03,2.303,100.5
SENSOR-00007836,MCH-004-02-04,2026-01-16 20:00:00,67.42,2.04,101.77
SENSOR-00007837,MCH-004-02-04,2026-01-17 00:00:00,65.42,1.782,100.54
SENSOR-00007838,MCH-004-02-04,2026-01-17 04:00:00,71.43,2.143,102.82
SENSOR-00007839,MCH-004-02-04,2026-01-17 08:00:00,71.58,2.01,99.37
SENSOR-00007840,MCH-004-02-04,2026-01-17 12:00:00,72.19,2.002,103.19
SENSOR-00007841,MCH-004-02-04,2026-01-17 16:00:00,71.17,2.16,97.55
SENSOR-00007842,MCH-004-02-04,2026-01-17 20:00:00,75.47,2.457,95.91
SENSOR-00007843,MCH-004-02-04,2026-01-18 00:00:00,69.05,1.618,98.14
SENSOR-00007844,MCH-004-02-04,2026-01-18 04:00:00,66.87,2.18,95.11
SENSOR-00007845,MCH-004-02-04,2026-01-18 08:00:00,67.29,1.967,102.31
SENSOR-00007846,MCH-004-02-04,2026-01-18 12:00:00,82.32,2.173,96.9
SENSOR-00007847,MCH-004-02-04,2026-01-18 16:00:00,68.49,2.261,95.96
SENSOR-00007848,MCH-004-02-04,2026-01-18 20:00:00,75.6,2.165,99.62
SENSOR-00007849,MCH-004-02-04,2026-01-19 00:00:00,68.6,2.205,102.11
SENSOR-00007850,MCH-004-02-04,2026-01-19 04:00:00,71.14,1.876,98.06
SENSOR-00007851,MCH-004-02-04,2026-01-19 08:00:00,68.55,1.563,100.22
SENSOR-00007852,MCH-004-02-04,2026-01-19 12:00:00,64.55,2.116,95.62
SENSOR-00007853,MCH-004-02-04,2026-01-19 16:00:00,66.39,2.264,100.07
SENSOR-00007854,MCH-004-02-04,2026-01-19 20:00:00,63.67,1.957,100.79
SENSOR-00007855,MCH-004-02-04,2026-01-20 00:00:00,70.8,2.131,100.78
SENSOR-00007856,MCH-004-02-04,2026-01-20 04:00:00,69.92,1.917,101.38
SENSOR-00007857,MCH-004-02-04,2026-01-20 08:00:00,73.08,2.617,102.23
SENSOR-00007858,MCH-004-02-04,2026-01-20 12:00:00,74.25,2.276,97.93
SENSOR-00007859,MCH-004-02-04,2026-01-20 16:00:00,66.18,1.846,102.06
SENSOR-00007860,MCH-004-02-04,2026-01-20 20:00:00,76.9,2.28,99.5
SENSOR-00007861,MCH-004-02-04,2026-01-21 00:00:00,74.3,1.356,102.93
SENSOR-00007862,MCH-004-02-04,2026-01-21 04:00:00,65.74,2.278,94.01
SENSOR-00007863,MCH-004-02-04,2026-01-21 08:00:00,65.31,2.252,103.65
SENSOR-00007864,MCH-004-02-04,2026-01-21 12:00:00,71.17,2.696,96.93
SENSOR-00007865,MCH-004-02-04,2026-01-21 16:00:00,67.07,2.021,98.95
SENSOR-00007866,MCH-004-02-04,2026-01-21 20:00:00,72.34,1.911,101.7
SENSOR-00007867,MCH-004-02-04,2026-01-22 00:00:00,71.54,2.246,99.83
SENSOR-00007868,MCH-004-02-04,2026-01-22 04:00:00,68.08,1.677,101.36
SENSOR-00007869,MCH-004-02-04,2026-01-22 08:00:00,71.34,2.444,95.65
SENSOR-00007870,MCH-004-02-04,2026-01-22 12:00:00,69.33,1.767,103.08
SENSOR-00007871,MCH-004-02-04,2026-01-22 16:00:00,76.17,2.577,101.56
SENSOR-00007872,MCH-004-02-04,2026-01-22 20:00:00,74.37,2.206,101.72
SENSOR-00007873,MCH-004-02-04,2026-01-23 00:00:00,70.48,2.383,103.13
SENSOR-00007874,MCH-004-02-04,2026-01-23 04:00:00,79.87,2.091,100.87
SENSOR-00007875,MCH-004-02-04,2026-01-23 08:00:00,72.2,2.147,103.39
SENSOR-00007876,MCH-004-02-04,2026-01-23 12:00:00,64.71,2.212,105.99
SENSOR-00007877,MCH-004-02-04,2026-01-23 16:00:00,76.66,2.409,102.53
SENSOR-00007878,MCH-004-02-04,2026-01-23 20:00:00,68.83,1.909,97.77
SENSOR-00007879,MCH-004-02-04,2026-01-24 00:00:00,72.47,1.99,99.88
SENSOR-00007880,MCH-004-02-04,2026-01-24 04:00:00,72.11,1.918,96.77
SENSOR-00007881,MCH-004-02-04,2026-01-24 08:00:00,68.23,1.735,96.53
SENSOR-00007882,MCH-004-02-04,2026-01-24 12:00:00,67.14,1.738,101.59
SENSOR-00007883,MCH-004-02-04,2026-01-24 16:00:00,67.61,1.631,98.8
SENSOR-00007884,MCH-004-02-04,2026-01-24 20:00:00,66.76,2.462,100.4
SENSOR-00007885,MCH-004-02-04,2026-01-25 00:00:00,71.14,1.909,97.94
SENSOR-00007886,MCH-004-02-04,2026-01-25 04:00:00,69.47,1.622,101.04
SENSOR-00007887,MCH-004-02-04,2026-01-25 08:00:00,71.67,1.722,101.98
SENSOR-00007888,MCH-004-02-04,2026-01-25 12:00:00,77.04,1.931,97.65
SENSOR-00007889,MCH-004-02-04,2026-01-25 16:00:00,75.66,2.198,99.59
SENSOR-00007890,MCH-004-02-04,2026-01-25 20:00:00,74.47,2.165,104.29
SENSOR-00007891,MCH-004-02-04,2026-01-26 00:00:00,65.4,2.647,99.87
SENSOR-00007892,MCH-004-02-04,2026-01-26 04:00:00,77.79,2.014,100.1
SENSOR-00007893,MCH-004-02-04,2026-01-26 08:00:00,74.99,1.821,99.69
SENSOR-00007894,MCH-004-02-04,2026-01-26 12:00:00,74.84,2.044,98.55
SENSOR-00007895,MCH-004-02-04,2026-01-26 16:00:00,75.67,2.447,104.68
SENSOR-00007896,MCH-004-02-04,2026-01-26 20:00:00,68.51,1.952,98.59
SENSOR-00007897,MCH-004-02-04,2026-01-27 00:00:00,69.28,2.048,92.38
SENSOR-00007898,MCH-004-02-04,2026-01-27 04:00:00,69.38,2.408,98.46
SENSOR-00007899,MCH-004-02-04,2026-01-27 08:00:00,66.84,2.441,96.66
SENSOR-00007900,MCH-004-02-04,2026-01-27 12:00:00,77.39,2.819,99.67
SENSOR-00007901,MCH-004-02-04,2026-01-27 16:00:00,76.19,1.68,94.86
SENSOR-00007902,MCH-004-02-04,2026-01-27 20:00:00,68.02,2.302,100.01
SENSOR-00007903,MCH-004-02-04,2026-01-28 00:00:00,71.18,1.655,101.51
SENSOR-00007904,MCH-004-02-04,2026-01-28 04:00:00,72.17,2.039,100.48
SENSOR-00007905,MCH-004-02-04,2026-01-28 08:00:00,74.95,1.735,100.2
SENSOR-00007906,MCH-004-02-04,2026-01-28 12:00:00,65.99,2.119,99.22
SENSOR-00007907,MCH-004-02-04,2026-01-28 16:00:00,71.11,2.309,102.46
SENSOR-00007908,MCH-004-02-04,2026-01-28 20:00:00,75.56,1.998,102.11
SENSOR-00007909,MCH-004-02-04,2026-01-29 00:00:00,75.04,2.432,100.95
SENSOR-00007910,MCH-004-02-04,2026-01-29 04:00:00,73.84,2.423,99.48
SENSOR-00007911,MCH-004-02-04,2026-01-29 08:00:00,71.54,2.219,98.71
SENSOR-00007912,MCH-004-02-04,2026-01-29 12:00:00,78.01,1.987,100.18
SENSOR-00007913,MCH-004-02-04,2026-01-29 16:00:00,78.88,1.631,100.65
SENSOR-00007914,MCH-004-02-04,2026-01-29 20:00:00,68.57,2.097,96.38
SENSOR-00007915,MCH-004-02-04,2026-01-30 00:00:00,71.34,1.889,95.36
SENSOR-00007916,MCH-004-02-04,2026-01-30 04:00:00,72.08,1.848,101.21
SENSOR-00007917,MCH-004-02-04,2026-01-30 08:00:00,67.46,2.27,99.84
SENSOR-00007918,MCH-004-02-04,2026-01-30 12:00:00,71.27,2.035,98.78
SENSOR-00007919,MCH-004-02-04,2026-01-30 16:00:00,70.28,2.392,95.4
SENSOR-00007920,MCH-004-02-04,2026-01-30 20:00:00,68.62,2.361,102.46
SENSOR-00007921,MCH-004-03-01,2026-01-01 00:00:00,75.9,2.353,97.0
SENSOR-00007922,MCH-004-03-01,2026-01-01 04:00:00,79.58,2.725,96.83
SENSOR-00007923,MCH-004-03-01,2026-01-01 08:00:00,74.18,2.63,96.59
SENSOR-00007924,MCH-004-03-01,2026-01-01 12:00:00,77.25,2.382,96.35
SENSOR-00007925,MCH-004-03-01,2026-01-01 16:00:00,82.9,2.378,101.57
SENSOR-00007926,MCH-004-03-01,2026-01-01 20:00:00,71.31,2.852,105.84
SENSOR-00007927,MCH-004-03-01,2026-01-02 00:00:00,73.43,2.373,95.45
SENSOR-00007928,MCH-004-03-01,2026-01-02 04:00:00,78.41,2.129,104.62
SENSOR-00007929,MCH-004-03-01,2026-01-02 08:00:00,73.06,2.664,102.11
SENSOR-00007930,MCH-004-03-01,2026-01-02 12:00:00,71.85,2.319,98.63
SENSOR-00007931,MCH-004-03-01,2026-01-02 16:00:00,74.23,2.139,101.6
SENSOR-00007932,MCH-004-03-01,2026-01-02 20:00:00,73.04,2.435,103.02
SENSOR-00007933,MCH-004-03-01,2026-01-03 00:00:00,71.77,2.637,96.48
SENSOR-00007934,MCH-004-03-01,2026-01-03 04:00:00,79.01,2.947,101.12
SENSOR-00007935,MCH-004-03-01,2026-01-03 08:00:00,72.1,2.508,103.1
SENSOR-00007936,MCH-004-03-01,2026-01-03 12:00:00,76.19,2.584,97.6
SENSOR-00007937,MCH-004-03-01,2026-01-03 16:00:00,72.9,2.69,97.86
SENSOR-00007938,MCH-004-03-01,2026-01-03 20:00:00,65.45,2.387,100.94
SENSOR-00007939,MCH-004-03-01,2026-01-04 00:00:00,77.34,2.281,105.94
SENSOR-00007940,MCH-004-03-01,2026-01-04 04:00:00,66.23,2.606,100.96
SENSOR-00007941,MCH-004-03-01,2026-01-04 08:00:00,77.28,2.168,94.97
SENSOR-00007942,MCH-004-03-01,2026-01-04 12:00:00,78.22,2.799,100.66
SENSOR-00007943,MCH-004-03-01,2026-01-04 16:00:00,79.01,2.349,100.99
SENSOR-00007944,MCH-004-03-01,2026-01-04 20:00:00,80.7,2.385,103.56
SENSOR-00007945,MCH-004-03-01,2026-01-05 00:00:00,78.45,2.38,100.43
SENSOR-00007946,MCH-004-03-01,2026-01-05 04:00:00,73.54,3.028,103.57
SENSOR-00007947,MCH-004-03-01,2026-01-05 08:00:00,82.87,2.266,94.52
SENSOR-00007948,MCH-004-03-01,2026-01-05 12:00:00,74.62,3.093,99.03
SENSOR-00007949,MCH-004-03-01,2026-01-05 16:00:00,80.0,2.207,97.51
SENSOR-00007950,MCH-004-03-01,2026-01-05 20:00:00,75.47,2.991,103.3
SENSOR-00007951,MCH-004-03-01,2026-01-06 00:00:00,69.49,2.92,97.79
SENSOR-00007952,MCH-004-03-01,2026-01-06 04:00:00,76.84,2.339,96.53
SENSOR-00007953,MCH-004-03-01,2026-01-06 08:00:00,77.64,2.523,99.68
SENSOR-00007954,MCH-004-03-01,2026-01-06 12:00:00,75.18,2.845,106.58
SENSOR-00007955,MCH-004-03-01,2026-01-06 16:00:00,80.8,2.533,95.09
SENSOR-00007956,MCH-004-03-01,2026-01-06 20:00:00,78.3,2.631,102.31
SENSOR-00007957,MCH-004-03-01,2026-01-07 00:00:00,74.39,2.378,101.24
SENSOR-00007958,MCH-004-03-01,2026-01-07 04:00:00,79.35,2.767,98.04
SENSOR-00007959,MCH-004-03-01,2026-01-07 08:00:00,77.23,2.189,99.67
SENSOR-00007960,MCH-004-03-01,2026-01-07 12:00:00,75.96,2.233,101.68
SENSOR-00007961,MCH-004-03-01,2026-01-07 16:00:00,75.17,2.502,103.67
SENSOR-00007962,MCH-004-03-01,2026-01-07 20:00:00,74.08,2.676,104.33
SENSOR-00007963,MCH-004-03-01,2026-01-08 00:00:00,70.29,2.372,104.14
SENSOR-00007964,MCH-004-03-01,2026-01-08 04:00:00,78.23,2.659,109.92
SENSOR-00007965,MCH-004-03-01,2026-01-08 08:00:00,77.11,1.924,96.7
SENSOR-00007966,MCH-004-03-01,2026-01-08 12:00:00,77.02,2.468,99.48
SENSOR-00007967,MCH-004-03-01,2026-01-08 16:00:00,75.18,2.267,101.12
SENSOR-00007968,MCH-004-03-01,2026-01-08 20:00:00,81.37,2.897,105.11
SENSOR-00007969,MCH-004-03-01,2026-01-09 00:00:00,76.29,2.567,102.03
SENSOR-00007970,MCH-004-03-01,2026-01-09 04:00:00,78.52,2.851,96.14
SENSOR-00007971,MCH-004-03-01,2026-01-09 08:00:00,77.09,2.438,99.1
SENSOR-00007972,MCH-004-03-01,2026-01-09 12:00:00,78.82,2.788,98.22
SENSOR-00007973,MCH-004-03-01,2026-01-09 16:00:00,82.54,2.106,101.77
SENSOR-00007974,MCH-004-03-01,2026-01-09 20:00:00,72.23,2.303,100.18
SENSOR-00007975,MCH-004-03-01,2026-01-10 00:00:00,79.01,2.73,101.79
SENSOR-00007976,MCH-004-03-01,2026-01-10 04:00:00,77.31,2.659,102.15
SENSOR-00007977,MCH-004-03-01,2026-01-10 08:00:00,72.65,2.519,99.11
SENSOR-00007978,MCH-004-03-01,2026-01-10 12:00:00,74.66,2.748,104.72
SENSOR-00007979,MCH-004-03-01,2026-01-10 16:00:00,66.41,2.4,99.08
SENSOR-00007980,MCH-004-03-01,2026-01-10 20:00:00,80.44,2.101,91.03
SENSOR-00007981,MCH-004-03-01,2026-01-11 00:00:00,70.08,2.322,94.93
SENSOR-00007982,MCH-004-03-01,2026-01-11 04:00:00,75.13,2.266,100.62
SENSOR-00007983,MCH-004-03-01,2026-01-11 08:00:00,78.33,2.811,107.0
SENSOR-00007984,MCH-004-03-01,2026-01-11 12:00:00,76.62,2.384,98.88
SENSOR-00007985,MCH-004-03-01,2026-01-11 16:00:00,71.93,2.575,98.52
SENSOR-00007986,MCH-004-03-01,2026-01-11 20:00:00,77.87,2.23,98.6
SENSOR-00007987,MCH-004-03-01,2026-01-12 00:00:00,79.0,2.561,95.55
SENSOR-00007988,MCH-004-03-01,2026-01-12 04:00:00,79.31,2.143,103.44
SENSOR-00007989,MCH-004-03-01,2026-01-12 08:00:00,73.21,2.084,106.36
SENSOR-00007990,MCH-004-03-01,2026-01-12 12:00:00,69.61,2.262,98.17
SENSOR-00007991,MCH-004-03-01,2026-01-12 16:00:00,73.97,2.638,100.17
SENSOR-00007992,MCH-004-03-01,2026-01-12 20:00:00,79.81,2.556,94.98
SENSOR-00007993,MCH-004-03-01,2026-01-13 00:00:00,74.11,2.622,100.95
SENSOR-00007994,MCH-004-03-01,2026-01-13 04:00:00,73.56,2.158,100.07
SENSOR-00007995,MCH-004-03-01,2026-01-13 08:00:00,78.14,2.467,99.45
SENSOR-00007996,MCH-004-03-01,2026-01-13 12:00:00,75.9,2.392,104.65
SENSOR-00007997,MCH-004-03-01,2026-01-13 16:00:00,76.87,2.342,94.58
SENSOR-00007998,MCH-004-03-01,2026-01-13 20:00:00,75.0,2.319,98.16
SENSOR-00007999,MCH-004-03-01,2026-01-14 00:00:00,75.69,2.426,100.63
SENSOR-00008000,MCH-004-03-01,2026-01-14 04:00:00,76.12,2.931,100.67
SENSOR-00008001,MCH-004-03-01,2026-01-14 08:00:00,76.78,2.286,101.14
SENSOR-00008002,MCH-004-03-01,2026-01-14 12:00:00,71.7,2.751,95.55
SENSOR-00008003,MCH-004-03-01,2026-01-14 16:00:00,72.42,2.056,101.26
SENSOR-00008004,MCH-004-03-01,2026-01-14 20:00:00,74.1,2.635,97.07
SENSOR-00008005,MCH-004-03-01,2026-01-15 00:00:00,82.0,2.349,98.2
SENSOR-00008006,MCH-004-03-01,2026-01-15 04:00:00,74.5,2.473,101.84
SENSOR-00008007,MCH-004-03-01,2026-01-15 08:00:00,75.68,2.983,101.26
SENSOR-00008008,MCH-004-03-01,2026-01-15 12:00:00,78.92,2.454,103.04
SENSOR-00008009,MCH-004-03-01,2026-01-15 16:00:00,74.97,2.302,102.72
SENSOR-00008010,MCH-004-03-01,2026-01-15 20:00:00,75.56,2.525,102.95
SENSOR-00008011,MCH-004-03-01,2026-01-16 00:00:00,75.51,2.808,99.25
SENSOR-00008012,MCH-004-03-01,2026-01-16 04:00:00,77.28,2.417,106.28
SENSOR-00008013,MCH-004-03-01,2026-01-16 08:00:00,74.39,2.398,100.34
SENSOR-00008014,MCH-004-03-01,2026-01-16 12:00:00,74.73,2.542,103.69
SENSOR-00008015,MCH-004-03-01,2026-01-16 16:00:00,76.38,2.509,99.31
SENSOR-00008016,MCH-004-03-01,2026-01-16 20:00:00,73.77,2.488,100.02
SENSOR-00008017,MCH-004-03-01,2026-01-17 00:00:00,77.29,2.532,99.02
SENSOR-00008018,MCH-004-03-01,2026-01-17 04:00:00,67.53,3.004,96.84
SENSOR-00008019,MCH-004-03-01,2026-01-17 08:00:00,76.88,2.281,103.14
SENSOR-00008020,MCH-004-03-01,2026-01-17 12:00:00,74.27,2.275,101.79
SENSOR-00008021,MCH-004-03-01,2026-01-17 16:00:00,70.71,2.36,102.07
SENSOR-00008022,MCH-004-03-01,2026-01-17 20:00:00,81.82,2.223,98.17
SENSOR-00008023,MCH-004-03-01,2026-01-18 00:00:00,82.68,1.82,96.63
SENSOR-00008024,MCH-004-03-01,2026-01-18 04:00:00,73.25,2.226,103.66
SENSOR-00008025,MCH-004-03-01,2026-01-18 08:00:00,69.16,2.853,99.17
SENSOR-00008026,MCH-004-03-01,2026-01-18 12:00:00,70.35,1.938,99.35
SENSOR-00008027,MCH-004-03-01,2026-01-18 16:00:00,72.98,2.523,98.65
SENSOR-00008028,MCH-004-03-01,2026-01-18 20:00:00,79.62,2.428,98.73
SENSOR-00008029,MCH-004-03-01,2026-01-19 00:00:00,75.39,2.407,101.12
SENSOR-00008030,MCH-004-03-01,2026-01-19 04:00:00,72.59,2.737,97.79
SENSOR-00008031,MCH-004-03-01,2026-01-19 08:00:00,73.96,2.297,103.69
SENSOR-00008032,MCH-004-03-01,2026-01-19 12:00:00,67.45,2.91,104.42
SENSOR-00008033,MCH-004-03-01,2026-01-19 16:00:00,73.53,2.72,100.39
SENSOR-00008034,MCH-004-03-01,2026-01-19 20:00:00,82.4,2.701,106.58
SENSOR-00008035,MCH-004-03-01,2026-01-20 00:00:00,72.96,2.326,91.81
SENSOR-00008036,MCH-004-03-01,2026-01-20 04:00:00,75.46,2.523,98.14
SENSOR-00008037,MCH-004-03-01,2026-01-20 08:00:00,75.27,2.595,102.65
SENSOR-00008038,MCH-004-03-01,2026-01-20 12:00:00,71.0,2.265,102.26
SENSOR-00008039,MCH-004-03-01,2026-01-20 16:00:00,78.15,2.8,103.91
SENSOR-00008040,MCH-004-03-01,2026-01-20 20:00:00,85.45,2.39,104.74
SENSOR-00008041,MCH-004-03-01,2026-01-21 00:00:00,84.12,2.226,104.62
SENSOR-00008042,MCH-004-03-01,2026-01-21 04:00:00,74.73,2.394,99.51
SENSOR-00008043,MCH-004-03-01,2026-01-21 08:00:00,74.57,2.585,98.82
SENSOR-00008044,MCH-004-03-01,2026-01-21 12:00:00,70.15,2.396,101.37
SENSOR-00008045,MCH-004-03-01,2026-01-21 16:00:00,70.18,2.609,103.54
SENSOR-00008046,MCH-004-03-01,2026-01-21 20:00:00,81.71,2.548,94.59
SENSOR-00008047,MCH-004-03-01,2026-01-22 00:00:00,77.06,2.513,103.99
SENSOR-00008048,MCH-004-03-01,2026-01-22 04:00:00,72.47,2.521,100.08
SENSOR-00008049,MCH-004-03-01,2026-01-22 08:00:00,69.77,2.772,102.49
SENSOR-00008050,MCH-004-03-01,2026-01-22 12:00:00,75.93,2.398,100.0
SENSOR-00008051,MCH-004-03-01,2026-01-22 16:00:00,78.62,2.477,98.0
SENSOR-00008052,MCH-004-03-01,2026-01-22 20:00:00,73.72,2.46,97.2
SENSOR-00008053,MCH-004-03-01,2026-01-23 00:00:00,75.49,2.534,99.21
SENSOR-00008054,MCH-004-03-01,2026-01-23 04:00:00,80.82,2.781,104.69
SENSOR-00008055,MCH-004-03-01,2026-01-23 08:00:00,76.86,3.005,99.77
SENSOR-00008056,MCH-004-03-01,2026-01-23 12:00:00,83.98,2.348,96.11
SENSOR-00008057,MCH-004-03-01,2026-01-23 16:00:00,83.9,2.629,101.56
SENSOR-00008058,MCH-004-03-01,2026-01-23 20:00:00,74.35,2.252,97.75
SENSOR-00008059,MCH-004-03-01,2026-01-24 00:00:00,79.68,2.672,99.2
SENSOR-00008060,MCH-004-03-01,2026-01-24 04:00:00,77.83,2.632,99.56
SENSOR-00008061,MCH-004-03-01,2026-01-24 08:00:00,71.34,2.307,98.86
SENSOR-00008062,MCH-004-03-01,2026-01-24 12:00:00,75.9,2.862,102.72
SENSOR-00008063,MCH-004-03-01,2026-01-24 16:00:00,72.53,2.923,99.76
SENSOR-00008064,MCH-004-03-01,2026-01-24 20:00:00,78.48,2.229,98.64
SENSOR-00008065,MCH-004-03-01,2026-01-25 00:00:00,72.26,2.831,98.87
SENSOR-00008066,MCH-004-03-01,2026-01-25 04:00:00,80.45,2.615,101.9
SENSOR-00008067,MCH-004-03-01,2026-01-25 08:00:00,78.17,2.604,100.85
SENSOR-00008068,MCH-004-03-01,2026-01-25 12:00:00,79.67,2.282,99.28
SENSOR-00008069,MCH-004-03-01,2026-01-25 16:00:00,81.67,2.507,99.02
SENSOR-00008070,MCH-004-03-01,2026-01-25 20:00:00,79.93,2.673,96.1
SENSOR-00008071,MCH-004-03-01,2026-01-26 00:00:00,76.33,2.24,103.75
SENSOR-00008072,MCH-004-03-01,2026-01-26 04:00:00,75.99,2.727,99.54
SENSOR-00008073,MCH-004-03-01,2026-01-26 08:00:00,80.36,2.058,100.07
SENSOR-00008074,MCH-004-03-01,2026-01-26 12:00:00,77.95,2.396,101.08
SENSOR-00008075,MCH-004-03-01,2026-01-26 16:00:00,77.16,2.726,101.86
SENSOR-00008076,MCH-004-03-01,2026-01-26 20:00:00,77.36,2.683,95.94
SENSOR-00008077,MCH-004-03-01,2026-01-27 00:00:00,66.4,2.546,99.16
SENSOR-00008078,MCH-004-03-01,2026-01-27 04:00:00,75.26,2.231,97.99
SENSOR-00008079,MCH-004-03-01,2026-01-27 08:00:00,78.56,2.104,101.52
SENSOR-00008080,MCH-004-03-01,2026-01-27 12:00:00,72.55,2.043,103.68
SENSOR-00008081,MCH-004-03-01,2026-01-27 16:00:00,81.11,2.329,98.35
SENSOR-00008082,MCH-004-03-01,2026-01-27 20:00:00,74.79,2.261,98.1
SENSOR-00008083,MCH-004-03-01,2026-01-28 00:00:00,77.3,2.767,99.56
SENSOR-00008084,MCH-004-03-01,2026-01-28 04:00:00,80.27,2.489,103.29
SENSOR-00008085,MCH-004-03-01,2026-01-28 08:00:00,80.59,2.643,97.78
SENSOR-00008086,MCH-004-03-01,2026-01-28 12:00:00,74.11,2.651,102.68
SENSOR-00008087,MCH-004-03-01,2026-01-28 16:00:00,76.43,2.385,100.57
SENSOR-00008088,MCH-004-03-01,2026-01-28 20:00:00,74.68,2.395,105.88
SENSOR-00008089,MCH-004-03-01,2026-01-29 00:00:00,74.35,2.353,103.67
SENSOR-00008090,MCH-004-03-01,2026-01-29 04:00:00,75.23,2.626,98.28
SENSOR-00008091,MCH-004-03-01,2026-01-29 08:00:00,75.97,2.706,97.41
SENSOR-00008092,MCH-004-03-01,2026-01-29 12:00:00,77.9,1.859,103.8
SENSOR-00008093,MCH-004-03-01,2026-01-29 16:00:00,73.57,2.442,99.71
SENSOR-00008094,MCH-004-03-01,2026-01-29 20:00:00,71.89,2.201,101.56
SENSOR-00008095,MCH-004-03-01,2026-01-30 00:00:00,75.56,2.315,101.4
SENSOR-00008096,MCH-004-03-01,2026-01-30 04:00:00,80.85,2.271,99.11
SENSOR-00008097,MCH-004-03-01,2026-01-30 08:00:00,86.77,2.536,96.2
SENSOR-00008098,MCH-004-03-01,2026-01-30 12:00:00,73.88,2.274,101.14
SENSOR-00008099,MCH-004-03-01,2026-01-30 16:00:00,77.02,2.304,105.57
SENSOR-00008100,MCH-004-03-01,2026-01-30 20:00:00,76.13,2.349,96.34
SENSOR-00008101,MCH-004-03-02,2026-01-01 00:00:00,74.44,2.838,101.19
SENSOR-00008102,MCH-004-03-02,2026-01-01 04:00:00,82.09,2.654,103.53
SENSOR-00008103,MCH-004-03-02,2026-01-01 08:00:00,72.67,2.376,98.29
SENSOR-00008104,MCH-004-03-02,2026-01-01 12:00:00,77.53,2.638,97.78
SENSOR-00008105,MCH-004-03-02,2026-01-01 16:00:00,73.87,2.463,94.87
SENSOR-00008106,MCH-004-03-02,2026-01-01 20:00:00,76.68,2.612,101.32
SENSOR-00008107,MCH-004-03-02,2026-01-02 00:00:00,78.23,3.107,99.79
SENSOR-00008108,MCH-004-03-02,2026-01-02 04:00:00,72.51,2.801,102.63
SENSOR-00008109,MCH-004-03-02,2026-01-02 08:00:00,78.45,2.157,103.86
SENSOR-00008110,MCH-004-03-02,2026-01-02 12:00:00,78.75,2.549,103.56
SENSOR-00008111,MCH-004-03-02,2026-01-02 16:00:00,69.73,2.655,98.38
SENSOR-00008112,MCH-004-03-02,2026-01-02 20:00:00,83.8,2.687,97.41
SENSOR-00008113,MCH-004-03-02,2026-01-03 00:00:00,86.64,2.483,98.1
SENSOR-00008114,MCH-004-03-02,2026-01-03 04:00:00,78.78,2.834,101.97
SENSOR-00008115,MCH-004-03-02,2026-01-03 08:00:00,76.4,2.426,103.95
SENSOR-00008116,MCH-004-03-02,2026-01-03 12:00:00,74.74,2.148,95.64
SENSOR-00008117,MCH-004-03-02,2026-01-03 16:00:00,75.53,3.0,96.43
SENSOR-00008118,MCH-004-03-02,2026-01-03 20:00:00,83.92,2.953,100.68
SENSOR-00008119,MCH-004-03-02,2026-01-04 00:00:00,88.58,2.397,105.79
SENSOR-00008120,MCH-004-03-02,2026-01-04 04:00:00,73.27,2.692,101.5
SENSOR-00008121,MCH-004-03-02,2026-01-04 08:00:00,78.4,2.647,102.58
SENSOR-00008122,MCH-004-03-02,2026-01-04 12:00:00,79.5,2.583,97.98
SENSOR-00008123,MCH-004-03-02,2026-01-04 16:00:00,77.17,2.582,99.41
SENSOR-00008124,MCH-004-03-02,2026-01-04 20:00:00,78.14,2.274,96.92
SENSOR-00008125,MCH-004-03-02,2026-01-05 00:00:00,84.21,2.945,102.92
SENSOR-00008126,MCH-004-03-02,2026-01-05 04:00:00,82.41,2.355,100.62
SENSOR-00008127,MCH-004-03-02,2026-01-05 08:00:00,74.75,2.348,100.49
SENSOR-00008128,MCH-004-03-02,2026-01-05 12:00:00,76.18,2.585,98.5
SENSOR-00008129,MCH-004-03-02,2026-01-05 16:00:00,72.82,3.051,100.47
SENSOR-00008130,MCH-004-03-02,2026-01-05 20:00:00,72.06,2.672,104.56
SENSOR-00008131,MCH-004-03-02,2026-01-06 00:00:00,79.21,2.523,100.65
SENSOR-00008132,MCH-004-03-02,2026-01-06 04:00:00,84.32,3.086,99.8
SENSOR-00008133,MCH-004-03-02,2026-01-06 08:00:00,81.35,2.585,98.54
SENSOR-00008134,MCH-004-03-02,2026-01-06 12:00:00,73.37,2.648,103.25
SENSOR-00008135,MCH-004-03-02,2026-01-06 16:00:00,72.74,2.555,98.99
SENSOR-00008136,MCH-004-03-02,2026-01-06 20:00:00,78.82,2.692,101.61
SENSOR-00008137,MCH-004-03-02,2026-01-07 00:00:00,81.25,2.784,100.15
SENSOR-00008138,MCH-004-03-02,2026-01-07 04:00:00,79.78,2.462,102.4
SENSOR-00008139,MCH-004-03-02,2026-01-07 08:00:00,83.38,2.652,98.78
SENSOR-00008140,MCH-004-03-02,2026-01-07 12:00:00,77.25,2.824,99.87
SENSOR-00008141,MCH-004-03-02,2026-01-07 16:00:00,73.03,2.865,97.05
SENSOR-00008142,MCH-004-03-02,2026-01-07 20:00:00,79.53,2.16,100.32
SENSOR-00008143,MCH-004-03-02,2026-01-08 00:00:00,81.76,2.836,106.58
SENSOR-00008144,MCH-004-03-02,2026-01-08 04:00:00,75.79,2.491,100.4
SENSOR-00008145,MCH-004-03-02,2026-01-08 08:00:00,76.41,2.481,100.16
SENSOR-00008146,MCH-004-03-02,2026-01-08 12:00:00,80.65,2.099,98.28
SENSOR-00008147,MCH-004-03-02,2026-01-08 16:00:00,72.22,2.588,101.3
SENSOR-00008148,MCH-004-03-02,2026-01-08 20:00:00,82.3,2.518,100.32
SENSOR-00008149,MCH-004-03-02,2026-01-09 00:00:00,72.97,2.275,99.31
SENSOR-00008150,MCH-004-03-02,2026-01-09 04:00:00,80.76,2.449,101.33
SENSOR-00008151,MCH-004-03-02,2026-01-09 08:00:00,76.52,2.78,97.64
SENSOR-00008152,MCH-004-03-02,2026-01-09 12:00:00,78.96,2.657,104.09
SENSOR-00008153,MCH-004-03-02,2026-01-09 16:00:00,80.07,2.691,95.59
SENSOR-00008154,MCH-004-03-02,2026-01-09 20:00:00,75.73,2.427,97.53
SENSOR-00008155,MCH-004-03-02,2026-01-10 00:00:00,77.26,2.896,100.54
SENSOR-00008156,MCH-004-03-02,2026-01-10 04:00:00,71.44,2.173,105.52
SENSOR-00008157,MCH-004-03-02,2026-01-10 08:00:00,70.98,2.585,102.65
SENSOR-00008158,MCH-004-03-02,2026-01-10 12:00:00,70.78,2.356,96.26
SENSOR-00008159,MCH-004-03-02,2026-01-10 16:00:00,85.04,3.131,97.8
SENSOR-00008160,MCH-004-03-02,2026-01-10 20:00:00,80.15,2.704,99.16
SENSOR-00008161,MCH-004-03-02,2026-01-11 00:00:00,71.63,2.675,102.13
SENSOR-00008162,MCH-004-03-02,2026-01-11 04:00:00,76.07,2.565,105.72
SENSOR-00008163,MCH-004-03-02,2026-01-11 08:00:00,81.58,2.964,93.27
SENSOR-00008164,MCH-004-03-02,2026-01-11 12:00:00,80.02,2.69,96.24
SENSOR-00008165,MCH-004-03-02,2026-01-11 16:00:00,73.66,2.572,95.97
SENSOR-00008166,MCH-004-03-02,2026-01-11 20:00:00,74.64,2.511,101.72
SENSOR-00008167,MCH-004-03-02,2026-01-12 00:00:00,73.57,3.007,97.43
SENSOR-00008168,MCH-004-03-02,2026-01-12 04:00:00,73.37,2.632,97.78
SENSOR-00008169,MCH-004-03-02,2026-01-12 08:00:00,82.04,2.56,103.54
SENSOR-00008170,MCH-004-03-02,2026-01-12 12:00:00,79.63,2.53,103.34
SENSOR-00008171,MCH-004-03-02,2026-01-12 16:00:00,75.23,2.547,101.59
SENSOR-00008172,MCH-004-03-02,2026-01-12 20:00:00,78.74,2.458,95.39
SENSOR-00008173,MCH-004-03-02,2026-01-13 00:00:00,79.53,3.15,100.42
SENSOR-00008174,MCH-004-03-02,2026-01-13 04:00:00,75.14,2.585,101.7
SENSOR-00008175,MCH-004-03-02,2026-01-13 08:00:00,81.85,2.962,96.95
SENSOR-00008176,MCH-004-03-02,2026-01-13 12:00:00,82.96,2.615,97.22
SENSOR-00008177,MCH-004-03-02,2026-01-13 16:00:00,77.02,2.929,101.37
SENSOR-00008178,MCH-004-03-02,2026-01-13 20:00:00,72.99,2.326,96.3
SENSOR-00008179,MCH-004-03-02,2026-01-14 00:00:00,84.53,2.65,100.23
SENSOR-00008180,MCH-004-03-02,2026-01-14 04:00:00,81.95,2.803,94.39
SENSOR-00008181,MCH-004-03-02,2026-01-14 08:00:00,75.38,2.535,96.01
SENSOR-00008182,MCH-004-03-02,2026-01-14 12:00:00,81.82,2.986,99.97
SENSOR-00008183,MCH-004-03-02,2026-01-14 16:00:00,79.03,2.624,100.3
SENSOR-00008184,MCH-004-03-02,2026-01-14 20:00:00,82.3,2.185,101.46
SENSOR-00008185,MCH-004-03-02,2026-01-15 00:00:00,78.0,2.73,99.76
SENSOR-00008186,MCH-004-03-02,2026-01-15 04:00:00,74.25,2.739,99.7
SENSOR-00008187,MCH-004-03-02,2026-01-15 08:00:00,80.34,2.858,95.54
SENSOR-00008188,MCH-004-03-02,2026-01-15 12:00:00,81.97,2.563,102.48
SENSOR-00008189,MCH-004-03-02,2026-01-15 16:00:00,79.81,3.09,100.02
SENSOR-00008190,MCH-004-03-02,2026-01-15 20:00:00,76.22,2.498,96.89
SENSOR-00008191,MCH-004-03-02,2026-01-16 00:00:00,78.77,2.05,101.32
SENSOR-00008192,MCH-004-03-02,2026-01-16 04:00:00,75.15,2.565,104.03
SENSOR-00008193,MCH-004-03-02,2026-01-16 08:00:00,78.4,2.539,99.49
SENSOR-00008194,MCH-004-03-02,2026-01-16 12:00:00,84.94,2.728,97.35
SENSOR-00008195,MCH-004-03-02,2026-01-16 16:00:00,75.88,2.329,98.64
SENSOR-00008196,MCH-004-03-02,2026-01-16 20:00:00,84.27,2.585,95.99
SENSOR-00008197,MCH-004-03-02,2026-01-17 00:00:00,69.82,2.584,102.4
SENSOR-00008198,MCH-004-03-02,2026-01-17 04:00:00,69.06,2.643,95.51
SENSOR-00008199,MCH-004-03-02,2026-01-17 08:00:00,70.45,2.36,99.45
SENSOR-00008200,MCH-004-03-02,2026-01-17 12:00:00,75.01,2.903,100.25
SENSOR-00008201,MCH-004-03-02,2026-01-17 16:00:00,75.88,2.299,100.67
SENSOR-00008202,MCH-004-03-02,2026-01-17 20:00:00,86.07,2.451,98.24
SENSOR-00008203,MCH-004-03-02,2026-01-18 00:00:00,78.0,2.949,97.84
SENSOR-00008204,MCH-004-03-02,2026-01-18 04:00:00,68.58,3.278,100.64
SENSOR-00008205,MCH-004-03-02,2026-01-18 08:00:00,80.95,2.43,95.91
SENSOR-00008206,MCH-004-03-02,2026-01-18 12:00:00,78.45,2.129,99.2
SENSOR-00008207,MCH-004-03-02,2026-01-18 16:00:00,81.92,2.739,100.76
SENSOR-00008208,MCH-004-03-02,2026-01-18 20:00:00,84.81,2.721,94.29
SENSOR-00008209,MCH-004-03-02,2026-01-19 00:00:00,79.19,2.944,95.26
SENSOR-00008210,MCH-004-03-02,2026-01-19 04:00:00,78.32,2.116,98.98
SENSOR-00008211,MCH-004-03-02,2026-01-19 08:00:00,71.21,2.767,97.93
SENSOR-00008212,MCH-004-03-02,2026-01-19 12:00:00,82.47,2.492,98.11
SENSOR-00008213,MCH-004-03-02,2026-01-19 16:00:00,71.37,2.724,101.48
SENSOR-00008214,MCH-004-03-02,2026-01-19 20:00:00,81.59,2.79,101.2
SENSOR-00008215,MCH-004-03-02,2026-01-20 00:00:00,81.42,2.475,101.52
SENSOR-00008216,MCH-004-03-02,2026-01-20 04:00:00,79.23,2.685,96.09
SENSOR-00008217,MCH-004-03-02,2026-01-20 08:00:00,83.09,2.332,98.9
SENSOR-00008218,MCH-004-03-02,2026-01-20 12:00:00,81.67,2.533,100.24
SENSOR-00008219,MCH-004-03-02,2026-01-20 16:00:00,78.31,2.643,100.35
SENSOR-00008220,MCH-004-03-02,2026-01-20 20:00:00,78.69,2.645,97.31
SENSOR-00008221,MCH-004-03-02,2026-01-21 00:00:00,70.24,2.673,103.91
SENSOR-00008222,MCH-004-03-02,2026-01-21 04:00:00,75.37,2.487,96.98
SENSOR-00008223,MCH-004-03-02,2026-01-21 08:00:00,78.01,2.618,96.94
SENSOR-00008224,MCH-004-03-02,2026-01-21 12:00:00,81.48,3.302,103.57
SENSOR-00008225,MCH-004-03-02,2026-01-21 16:00:00,77.39,2.596,98.46
SENSOR-00008226,MCH-004-03-02,2026-01-21 20:00:00,75.7,2.866,103.01
SENSOR-00008227,MCH-004-03-02,2026-01-22 00:00:00,78.85,2.724,99.17
SENSOR-00008228,MCH-004-03-02,2026-01-22 04:00:00,73.36,2.238,101.79
SENSOR-00008229,MCH-004-03-02,2026-01-22 08:00:00,78.27,2.741,97.51
SENSOR-00008230,MCH-004-03-02,2026-01-22 12:00:00,78.24,2.646,103.84
SENSOR-00008231,MCH-004-03-02,2026-01-22 16:00:00,81.24,2.442,101.51
SENSOR-00008232,MCH-004-03-02,2026-01-22 20:00:00,74.85,1.973,105.18
SENSOR-00008233,MCH-004-03-02,2026-01-23 00:00:00,74.46,2.994,96.06
SENSOR-00008234,MCH-004-03-02,2026-01-23 04:00:00,74.55,2.521,107.17
SENSOR-00008235,MCH-004-03-02,2026-01-23 08:00:00,80.9,2.413,102.47
SENSOR-00008236,MCH-004-03-02,2026-01-23 12:00:00,79.9,2.695,102.09
SENSOR-00008237,MCH-004-03-02,2026-01-23 16:00:00,78.07,2.669,95.34
SENSOR-00008238,MCH-004-03-02,2026-01-23 20:00:00,83.61,2.515,96.29
SENSOR-00008239,MCH-004-03-02,2026-01-24 00:00:00,77.14,3.053,97.56
SENSOR-00008240,MCH-004-03-02,2026-01-24 04:00:00,84.08,2.59,104.72
SENSOR-00008241,MCH-004-03-02,2026-01-24 08:00:00,76.59,2.52,99.93
SENSOR-00008242,MCH-004-03-02,2026-01-24 12:00:00,83.0,2.666,100.63
SENSOR-00008243,MCH-004-03-02,2026-01-24 16:00:00,80.38,2.407,101.01
SENSOR-00008244,MCH-004-03-02,2026-01-24 20:00:00,75.32,2.994,101.26
SENSOR-00008245,MCH-004-03-02,2026-01-25 00:00:00,77.71,2.585,94.03
SENSOR-00008246,MCH-004-03-02,2026-01-25 04:00:00,81.5,2.783,106.08
SENSOR-00008247,MCH-004-03-02,2026-01-25 08:00:00,79.82,2.407,101.54
SENSOR-00008248,MCH-004-03-02,2026-01-25 12:00:00,82.97,2.51,102.56
SENSOR-00008249,MCH-004-03-02,2026-01-25 16:00:00,68.41,2.995,102.4
SENSOR-00008250,MCH-004-03-02,2026-01-25 20:00:00,67.66,2.722,94.04
SENSOR-00008251,MCH-004-03-02,2026-01-26 00:00:00,77.56,2.917,98.0
SENSOR-00008252,MCH-004-03-02,2026-01-26 04:00:00,74.51,2.361,93.57
SENSOR-00008253,MCH-004-03-02,2026-01-26 08:00:00,83.77,2.401,99.28
SENSOR-00008254,MCH-004-03-02,2026-01-26 12:00:00,84.07,2.591,101.54
SENSOR-00008255,MCH-004-03-02,2026-01-26 16:00:00,72.15,2.976,99.64
SENSOR-00008256,MCH-004-03-02,2026-01-26 20:00:00,73.76,2.372,105.07
SENSOR-00008257,MCH-004-03-02,2026-01-27 00:00:00,78.77,2.788,99.18
SENSOR-00008258,MCH-004-03-02,2026-01-27 04:00:00,86.12,2.505,104.06
SENSOR-00008259,MCH-004-03-02,2026-01-27 08:00:00,75.44,2.27,95.0
SENSOR-00008260,MCH-004-03-02,2026-01-27 12:00:00,79.05,2.917,96.55
SENSOR-00008261,MCH-004-03-02,2026-01-27 16:00:00,74.32,2.723,99.99
SENSOR-00008262,MCH-004-03-02,2026-01-27 20:00:00,75.49,2.307,100.93
SENSOR-00008263,MCH-004-03-02,2026-01-28 00:00:00,79.3,2.607,94.12
SENSOR-00008264,MCH-004-03-02,2026-01-28 04:00:00,75.27,2.45,101.68
SENSOR-00008265,MCH-004-03-02,2026-01-28 08:00:00,88.23,2.66,96.41
SENSOR-00008266,MCH-004-03-02,2026-01-28 12:00:00,77.19,2.629,102.27
SENSOR-00008267,MCH-004-03-02,2026-01-28 16:00:00,82.8,2.974,101.61
SENSOR-00008268,MCH-004-03-02,2026-01-28 20:00:00,77.83,2.998,98.96
SENSOR-00008269,MCH-004-03-02,2026-01-29 00:00:00,72.4,2.633,97.3
SENSOR-00008270,MCH-004-03-02,2026-01-29 04:00:00,72.94,2.843,101.17
SENSOR-00008271,MCH-004-03-02,2026-01-29 08:00:00,83.82,2.528,97.11
SENSOR-00008272,MCH-004-03-02,2026-01-29 12:00:00,80.39,2.418,99.07
SENSOR-00008273,MCH-004-03-02,2026-01-29 16:00:00,79.93,2.595,98.53
SENSOR-00008274,MCH-004-03-02,2026-01-29 20:00:00,72.22,2.861,98.89
SENSOR-00008275,MCH-004-03-02,2026-01-30 00:00:00,74.57,2.706,104.4
SENSOR-00008276,MCH-004-03-02,2026-01-30 04:00:00,76.05,2.298,98.76
SENSOR-00008277,MCH-004-03-02,2026-01-30 08:00:00,72.14,2.96,100.25
SENSOR-00008278,MCH-004-03-02,2026-01-30 12:00:00,74.92,2.487,96.45
SENSOR-00008279,MCH-004-03-02,2026-01-30 16:00:00,81.88,3.086,95.52
SENSOR-00008280,MCH-004-03-02,2026-01-30 20:00:00,82.01,2.565,103.8
SENSOR-00008281,MCH-004-03-03,2026-01-01 00:00:00,86.57,2.788,102.12
SENSOR-00008282,MCH-004-03-03,2026-01-01 04:00:00,84.36,2.744,99.36
SENSOR-00008283,MCH-004-03-03,2026-01-01 08:00:00,92.19,2.943,98.9
SENSOR-00008284,MCH-004-03-03,2026-01-01 12:00:00,84.82,2.906,100.42
SENSOR-00008285,MCH-004-03-03,2026-01-01 16:00:00,81.22,3.142,99.81
SENSOR-00008286,MCH-004-03-03,2026-01-01 20:00:00,90.82,3.053,99.33
SENSOR-00008287,MCH-004-03-03,2026-01-02 00:00:00,82.58,3.197,97.01
SENSOR-00008288,MCH-004-03-03,2026-01-02 04:00:00,82.58,2.963,96.55
SENSOR-00008289,MCH-004-03-03,2026-01-02 08:00:00,78.84,3.073,100.33
SENSOR-00008290,MCH-004-03-03,2026-01-02 12:00:00,79.96,3.061,98.06
SENSOR-00008291,MCH-004-03-03,2026-01-02 16:00:00,88.24,3.016,103.29
SENSOR-00008292,MCH-004-03-03,2026-01-02 20:00:00,76.25,3.122,101.79
SENSOR-00008293,MCH-004-03-03,2026-01-03 00:00:00,82.14,3.057,104.98
SENSOR-00008294,MCH-004-03-03,2026-01-03 04:00:00,84.41,2.806,98.69
SENSOR-00008295,MCH-004-03-03,2026-01-03 08:00:00,78.44,2.569,96.51
SENSOR-00008296,MCH-004-03-03,2026-01-03 12:00:00,83.5,3.36,102.99
SENSOR-00008297,MCH-004-03-03,2026-01-03 16:00:00,78.39,2.842,97.18
SENSOR-00008298,MCH-004-03-03,2026-01-03 20:00:00,72.69,2.999,102.41
SENSOR-00008299,MCH-004-03-03,2026-01-04 00:00:00,83.96,2.806,97.94
SENSOR-00008300,MCH-004-03-03,2026-01-04 04:00:00,77.99,3.192,99.13
SENSOR-00008301,MCH-004-03-03,2026-01-04 08:00:00,68.63,3.162,102.92
SENSOR-00008302,MCH-004-03-03,2026-01-04 12:00:00,79.77,3.161,99.37
SENSOR-00008303,MCH-004-03-03,2026-01-04 16:00:00,74.54,3.53,99.39
SENSOR-00008304,MCH-004-03-03,2026-01-04 20:00:00,83.82,2.885,99.11
SENSOR-00008305,MCH-004-03-03,2026-01-05 00:00:00,81.42,2.77,95.27
SENSOR-00008306,MCH-004-03-03,2026-01-05 04:00:00,83.13,2.979,103.56
SENSOR-00008307,MCH-004-03-03,2026-01-05 08:00:00,86.98,3.051,99.76
SENSOR-00008308,MCH-004-03-03,2026-01-05 12:00:00,78.41,3.307,99.83
SENSOR-00008309,MCH-004-03-03,2026-01-05 16:00:00,85.44,3.335,98.3
SENSOR-00008310,MCH-004-03-03,2026-01-05 20:00:00,79.7,3.658,101.78
SENSOR-00008311,MCH-004-03-03,2026-01-06 00:00:00,80.46,3.185,99.09
SENSOR-00008312,MCH-004-03-03,2026-01-06 04:00:00,76.14,3.196,101.91
SENSOR-00008313,MCH-004-03-03,2026-01-06 08:00:00,92.03,3.046,100.55
SENSOR-00008314,MCH-004-03-03,2026-01-06 12:00:00,84.93,3.296,102.87
SENSOR-00008315,MCH-004-03-03,2026-01-06 16:00:00,84.29,3.033,102.53
SENSOR-00008316,MCH-004-03-03,2026-01-06 20:00:00,82.72,2.719,95.5
SENSOR-00008317,MCH-004-03-03,2026-01-07 00:00:00,80.46,2.788,98.79
SENSOR-00008318,MCH-004-03-03,2026-01-07 04:00:00,79.64,2.983,100.42
SENSOR-00008319,MCH-004-03-03,2026-01-07 08:00:00,81.01,3.405,103.48
SENSOR-00008320,MCH-004-03-03,2026-01-07 12:00:00,82.1,2.8,99.91
SENSOR-00008321,MCH-004-03-03,2026-01-07 16:00:00,82.48,3.026,98.81
SENSOR-00008322,MCH-004-03-03,2026-01-07 20:00:00,78.82,3.05,98.95
SENSOR-00008323,MCH-004-03-03,2026-01-08 00:00:00,79.46,2.872,96.14
SENSOR-00008324,MCH-004-03-03,2026-01-08 04:00:00,76.25,3.167,103.82
SENSOR-00008325,MCH-004-03-03,2026-01-08 08:00:00,85.25,2.92,94.85
SENSOR-00008326,MCH-004-03-03,2026-01-08 12:00:00,83.78,2.639,99.74
SENSOR-00008327,MCH-004-03-03,2026-01-08 16:00:00,79.82,2.471,104.44
SENSOR-00008328,MCH-004-03-03,2026-01-08 20:00:00,77.99,2.952,99.61
SENSOR-00008329,MCH-004-03-03,2026-01-09 00:00:00,81.38,3.135,101.15
SENSOR-00008330,MCH-004-03-03,2026-01-09 04:00:00,77.3,3.226,100.86
SENSOR-00008331,MCH-004-03-03,2026-01-09 08:00:00,80.67,3.007,102.31
SENSOR-00008332,MCH-004-03-03,2026-01-09 12:00:00,81.74,3.57,104.47
SENSOR-00008333,MCH-004-03-03,2026-01-09 16:00:00,83.48,2.984,99.45
SENSOR-00008334,MCH-004-03-03,2026-01-09 20:00:00,80.61,3.073,102.06
SENSOR-00008335,MCH-004-03-03,2026-01-10 00:00:00,88.21,3.027,100.07
SENSOR-00008336,MCH-004-03-03,2026-01-10 04:00:00,91.55,3.118,96.98
SENSOR-00008337,MCH-004-03-03,2026-01-10 08:00:00,86.51,3.142,98.03
SENSOR-00008338,MCH-004-03-03,2026-01-10 12:00:00,78.6,3.101,99.82
SENSOR-00008339,MCH-004-03-03,2026-01-10 16:00:00,78.04,3.019,99.55
SENSOR-00008340,MCH-004-03-03,2026-01-10 20:00:00,82.77,3.164,94.71
SENSOR-00008341,MCH-004-03-03,2026-01-11 00:00:00,78.03,3.536,104.56
SENSOR-00008342,MCH-004-03-03,2026-01-11 04:00:00,84.19,3.289,100.15
SENSOR-00008343,MCH-004-03-03,2026-01-11 08:00:00,86.3,2.714,93.18
SENSOR-00008344,MCH-004-03-03,2026-01-11 12:00:00,77.94,2.84,98.07
SENSOR-00008345,MCH-004-03-03,2026-01-11 16:00:00,84.81,2.977,99.91
SENSOR-00008346,MCH-004-03-03,2026-01-11 20:00:00,78.28,2.723,100.12
SENSOR-00008347,MCH-004-03-03,2026-01-12 00:00:00,87.23,3.221,97.59
SENSOR-00008348,MCH-004-03-03,2026-01-12 04:00:00,87.35,2.948,100.91
SENSOR-00008349,MCH-004-03-03,2026-01-12 08:00:00,83.55,3.327,101.18
SENSOR-00008350,MCH-004-03-03,2026-01-12 12:00:00,77.47,3.564,102.5
SENSOR-00008351,MCH-004-03-03,2026-01-12 16:00:00,80.81,2.757,102.85
SENSOR-00008352,MCH-004-03-03,2026-01-12 20:00:00,78.94,3.241,103.21
SENSOR-00008353,MCH-004-03-03,2026-01-13 00:00:00,86.38,2.794,102.52
SENSOR-00008354,MCH-004-03-03,2026-01-13 04:00:00,77.07,3.433,98.44
SENSOR-00008355,MCH-004-03-03,2026-01-13 08:00:00,85.41,3.211,96.19
SENSOR-00008356,MCH-004-03-03,2026-01-13 12:00:00,86.36,2.904,99.08
SENSOR-00008357,MCH-004-03-03,2026-01-13 16:00:00,80.33,3.445,96.49
SENSOR-00008358,MCH-004-03-03,2026-01-13 20:00:00,84.74,2.885,103.27
SENSOR-00008359,MCH-004-03-03,2026-01-14 00:00:00,84.52,3.039,99.86
SENSOR-00008360,MCH-004-03-03,2026-01-14 04:00:00,84.16,3.056,100.66
SENSOR-00008361,MCH-004-03-03,2026-01-14 08:00:00,84.65,3.479,91.7
SENSOR-00008362,MCH-004-03-03,2026-01-14 12:00:00,90.4,3.681,94.75
SENSOR-00008363,MCH-004-03-03,2026-01-14 16:00:00,83.21,3.384,102.76
SENSOR-00008364,MCH-004-03-03,2026-01-14 20:00:00,89.72,3.134,93.9
SENSOR-00008365,MCH-004-03-03,2026-01-15 00:00:00,81.39,3.759,98.34
SENSOR-00008366,MCH-004-03-03,2026-01-15 04:00:00,85.72,2.928,101.42
SENSOR-00008367,MCH-004-03-03,2026-01-15 08:00:00,79.55,2.832,98.89
SENSOR-00008368,MCH-004-03-03,2026-01-15 12:00:00,80.84,2.965,101.58
SENSOR-00008369,MCH-004-03-03,2026-01-15 16:00:00,90.58,2.894,97.03
SENSOR-00008370,MCH-004-03-03,2026-01-15 20:00:00,83.05,2.828,95.09
SENSOR-00008371,MCH-004-03-03,2026-01-16 00:00:00,79.6,2.993,101.07
SENSOR-00008372,MCH-004-03-03,2026-01-16 04:00:00,80.7,2.807,97.32
SENSOR-00008373,MCH-004-03-03,2026-01-16 08:00:00,80.38,2.928,96.71
SENSOR-00008374,MCH-004-03-03,2026-01-16 12:00:00,81.23,3.35,99.12
SENSOR-00008375,MCH-004-03-03,2026-01-16 16:00:00,78.06,2.477,105.51
SENSOR-00008376,MCH-004-03-03,2026-01-16 20:00:00,87.57,3.112,103.49
SENSOR-00008377,MCH-004-03-03,2026-01-17 00:00:00,84.85,2.897,100.08
SENSOR-00008378,MCH-004-03-03,2026-01-17 04:00:00,85.19,2.876,104.34
SENSOR-00008379,MCH-004-03-03,2026-01-17 08:00:00,82.93,3.441,95.82
SENSOR-00008380,MCH-004-03-03,2026-01-17 12:00:00,85.63,2.819,98.1
SENSOR-00008381,MCH-004-03-03,2026-01-17 16:00:00,86.64,2.984,107.79
SENSOR-00008382,MCH-004-03-03,2026-01-17 20:00:00,85.09,2.867,101.56
SENSOR-00008383,MCH-004-03-03,2026-01-18 00:00:00,83.41,2.866,95.95
SENSOR-00008384,MCH-004-03-03,2026-01-18 04:00:00,79.66,2.886,99.29
SENSOR-00008385,MCH-004-03-03,2026-01-18 08:00:00,84.37,3.177,98.77
SENSOR-00008386,MCH-004-03-03,2026-01-18 12:00:00,89.35,2.948,94.16
SENSOR-00008387,MCH-004-03-03,2026-01-18 16:00:00,81.64,3.053,90.18
SENSOR-00008388,MCH-004-03-03,2026-01-18 20:00:00,87.85,3.017,96.54
SENSOR-00008389,MCH-004-03-03,2026-01-19 00:00:00,80.76,3.011,100.06
SENSOR-00008390,MCH-004-03-03,2026-01-19 04:00:00,86.88,3.374,104.8
SENSOR-00008391,MCH-004-03-03,2026-01-19 08:00:00,88.23,3.495,103.04
SENSOR-00008392,MCH-004-03-03,2026-01-19 12:00:00,80.66,3.425,95.87
SENSOR-00008393,MCH-004-03-03,2026-01-19 16:00:00,92.47,2.797,102.66
SENSOR-00008394,MCH-004-03-03,2026-01-19 20:00:00,88.79,3.156,93.85
SENSOR-00008395,MCH-004-03-03,2026-01-20 00:00:00,86.17,3.392,96.53
SENSOR-00008396,MCH-004-03-03,2026-01-20 04:00:00,83.53,3.111,99.23
SENSOR-00008397,MCH-004-03-03,2026-01-20 08:00:00,86.73,2.874,100.16
SENSOR-00008398,MCH-004-03-03,2026-01-20 12:00:00,81.53,3.623,98.01
SENSOR-00008399,MCH-004-03-03,2026-01-20 16:00:00,86.0,3.49,97.24
SENSOR-00008400,MCH-004-03-03,2026-01-20 20:00:00,83.4,2.795,93.96
SENSOR-00008401,MCH-004-03-03,2026-01-21 00:00:00,81.98,3.265,97.96
SENSOR-00008402,MCH-004-03-03,2026-01-21 04:00:00,81.64,3.141,99.0
SENSOR-00008403,MCH-004-03-03,2026-01-21 08:00:00,77.96,3.25,97.51
SENSOR-00008404,MCH-004-03-03,2026-01-21 12:00:00,80.94,3.306,101.61
SENSOR-00008405,MCH-004-03-03,2026-01-21 16:00:00,83.72,2.674,96.51
SENSOR-00008406,MCH-004-03-03,2026-01-21 20:00:00,84.61,3.199,100.76
SENSOR-00008407,MCH-004-03-03,2026-01-22 00:00:00,78.81,3.086,101.75
SENSOR-00008408,MCH-004-03-03,2026-01-22 04:00:00,84.38,2.763,94.39
SENSOR-00008409,MCH-004-03-03,2026-01-22 08:00:00,82.98,2.566,102.83
SENSOR-00008410,MCH-004-03-03,2026-01-22 12:00:00,78.69,3.6,97.11
SENSOR-00008411,MCH-004-03-03,2026-01-22 16:00:00,84.87,2.857,99.5
SENSOR-00008412,MCH-004-03-03,2026-01-22 20:00:00,83.75,3.256,103.06
SENSOR-00008413,MCH-004-03-03,2026-01-23 00:00:00,79.79,2.648,102.97
SENSOR-00008414,MCH-004-03-03,2026-01-23 04:00:00,88.4,3.012,102.43
SENSOR-00008415,MCH-004-03-03,2026-01-23 08:00:00,76.5,2.886,100.25
SENSOR-00008416,MCH-004-03-03,2026-01-23 12:00:00,76.07,2.659,100.47
SENSOR-00008417,MCH-004-03-03,2026-01-23 16:00:00,80.59,2.955,98.78
SENSOR-00008418,MCH-004-03-03,2026-01-23 20:00:00,77.88,2.987,99.96
SENSOR-00008419,MCH-004-03-03,2026-01-24 00:00:00,90.72,3.199,93.56
SENSOR-00008420,MCH-004-03-03,2026-01-24 04:00:00,88.8,3.079,101.11
SENSOR-00008421,MCH-004-03-03,2026-01-24 08:00:00,84.23,3.27,99.76
SENSOR-00008422,MCH-004-03-03,2026-01-24 12:00:00,77.09,3.122,95.85
SENSOR-00008423,MCH-004-03-03,2026-01-24 16:00:00,90.28,2.951,99.84
SENSOR-00008424,MCH-004-03-03,2026-01-24 20:00:00,80.31,3.126,101.36
SENSOR-00008425,MCH-004-03-03,2026-01-25 00:00:00,87.52,3.116,98.95
SENSOR-00008426,MCH-004-03-03,2026-01-25 04:00:00,72.44,2.737,106.5
SENSOR-00008427,MCH-004-03-03,2026-01-25 08:00:00,87.66,3.092,95.27
SENSOR-00008428,MCH-004-03-03,2026-01-25 12:00:00,85.55,2.972,102.09
SENSOR-00008429,MCH-004-03-03,2026-01-25 16:00:00,78.57,2.919,102.66
SENSOR-00008430,MCH-004-03-03,2026-01-25 20:00:00,90.73,2.877,97.0
SENSOR-00008431,MCH-004-03-03,2026-01-26 00:00:00,86.22,3.088,101.1
SENSOR-00008432,MCH-004-03-03,2026-01-26 04:00:00,82.45,3.42,98.49
SENSOR-00008433,MCH-004-03-03,2026-01-26 08:00:00,78.71,3.457,93.4
SENSOR-00008434,MCH-004-03-03,2026-01-26 12:00:00,82.4,3.022,99.66
SENSOR-00008435,MCH-004-03-03,2026-01-26 16:00:00,76.81,2.745,102.87
SENSOR-00008436,MCH-004-03-03,2026-01-26 20:00:00,88.56,2.937,97.21
SENSOR-00008437,MCH-004-03-03,2026-01-27 00:00:00,84.08,2.922,99.9
SENSOR-00008438,MCH-004-03-03,2026-01-27 04:00:00,82.03,3.048,97.3
SENSOR-00008439,MCH-004-03-03,2026-01-27 08:00:00,82.97,2.873,97.73
SENSOR-00008440,MCH-004-03-03,2026-01-27 12:00:00,75.55,2.997,102.41
SENSOR-00008441,MCH-004-03-03,2026-01-27 16:00:00,81.71,2.953,103.77
SENSOR-00008442,MCH-004-03-03,2026-01-27 20:00:00,87.12,3.475,106.77
SENSOR-00008443,MCH-004-03-03,2026-01-28 00:00:00,84.54,3.549,101.43
SENSOR-00008444,MCH-004-03-03,2026-01-28 04:00:00,81.3,2.893,99.43
SENSOR-00008445,MCH-004-03-03,2026-01-28 08:00:00,79.53,3.076,92.77
SENSOR-00008446,MCH-004-03-03,2026-01-28 12:00:00,82.17,3.008,96.52
SENSOR-00008447,MCH-004-03-03,2026-01-28 16:00:00,81.49,3.321,103.58
SENSOR-00008448,MCH-004-03-03,2026-01-28 20:00:00,80.88,3.172,95.5
SENSOR-00008449,MCH-004-03-03,2026-01-29 00:00:00,84.81,3.011,105.98
SENSOR-00008450,MCH-004-03-03,2026-01-29 04:00:00,80.58,3.27,99.74
SENSOR-00008451,MCH-004-03-03,2026-01-29 08:00:00,85.29,3.446,93.99
SENSOR-00008452,MCH-004-03-03,2026-01-29 12:00:00,82.75,2.818,101.34
SENSOR-00008453,MCH-004-03-03,2026-01-29 16:00:00,85.78,2.924,98.43
SENSOR-00008454,MCH-004-03-03,2026-01-29 20:00:00,83.83,2.723,101.0
SENSOR-00008455,MCH-004-03-03,2026-01-30 00:00:00,81.1,2.921,102.66
SENSOR-00008456,MCH-004-03-03,2026-01-30 04:00:00,78.36,3.047,98.18
SENSOR-00008457,MCH-004-03-03,2026-01-30 08:00:00,82.33,3.244,97.99
SENSOR-00008458,MCH-004-03-03,2026-01-30 12:00:00,86.91,3.591,101.81
SENSOR-00008459,MCH-004-03-03,2026-01-30 16:00:00,82.68,3.331,96.67
SENSOR-00008460,MCH-004-03-03,2026-01-30 20:00:00,89.1,2.853,106.5
SENSOR-00008461,MCH-004-03-04,2026-01-01 00:00:00,68.66,2.45,103.05
SENSOR-00008462,MCH-004-03-04,2026-01-01 04:00:00,77.14,1.968,104.05
SENSOR-00008463,MCH-004-03-04,2026-01-01 08:00:00,68.88,1.976,97.9
SENSOR-00008464,MCH-004-03-04,2026-01-01 12:00:00,69.41,2.142,97.48
SENSOR-00008465,MCH-004-03-04,2026-01-01 16:00:00,72.99,1.513,100.68
SENSOR-00008466,MCH-004-03-04,2026-01-01 20:00:00,67.7,1.998,98.06
SENSOR-00008467,MCH-004-03-04,2026-01-02 00:00:00,69.25,2.305,98.67
SENSOR-00008468,MCH-004-03-04,2026-01-02 04:00:00,68.63,1.939,100.28
SENSOR-00008469,MCH-004-03-04,2026-01-02 08:00:00,65.93,2.156,100.27
SENSOR-00008470,MCH-004-03-04,2026-01-02 12:00:00,70.26,1.904,103.06
SENSOR-00008471,MCH-004-03-04,2026-01-02 16:00:00,66.73,2.208,102.18
SENSOR-00008472,MCH-004-03-04,2026-01-02 20:00:00,72.7,2.473,96.59
SENSOR-00008473,MCH-004-03-04,2026-01-03 00:00:00,64.58,2.234,101.28
SENSOR-00008474,MCH-004-03-04,2026-01-03 04:00:00,76.14,1.876,96.75
SENSOR-00008475,MCH-004-03-04,2026-01-03 08:00:00,67.99,2.295,101.61
SENSOR-00008476,MCH-004-03-04,2026-01-03 12:00:00,68.26,2.643,100.86
SENSOR-00008477,MCH-004-03-04,2026-01-03 16:00:00,72.56,2.113,102.79
SENSOR-00008478,MCH-004-03-04,2026-01-03 20:00:00,73.62,2.637,96.36
SENSOR-00008479,MCH-004-03-04,2026-01-04 00:00:00,69.8,2.287,100.8
SENSOR-00008480,MCH-004-03-04,2026-01-04 04:00:00,74.13,2.486,102.92
SENSOR-00008481,MCH-004-03-04,2026-01-04 08:00:00,74.12,2.331,96.19
SENSOR-00008482,MCH-004-03-04,2026-01-04 12:00:00,71.9,1.89,99.95
SENSOR-00008483,MCH-004-03-04,2026-01-04 16:00:00,76.53,2.163,92.48
SENSOR-00008484,MCH-004-03-04,2026-01-04 20:00:00,67.87,2.31,98.38
SENSOR-00008485,MCH-004-03-04,2026-01-05 00:00:00,64.84,1.95,97.66
SENSOR-00008486,MCH-004-03-04,2026-01-05 04:00:00,71.8,2.259,102.71
SENSOR-00008487,MCH-004-03-04,2026-01-05 08:00:00,73.12,2.333,96.76
SENSOR-00008488,MCH-004-03-04,2026-01-05 12:00:00,76.29,1.341,104.58
SENSOR-00008489,MCH-004-03-04,2026-01-05 16:00:00,77.45,2.352,106.69
SENSOR-00008490,MCH-004-03-04,2026-01-05 20:00:00,64.85,2.36,100.41
SENSOR-00008491,MCH-004-03-04,2026-01-06 00:00:00,75.9,2.408,98.07
SENSOR-00008492,MCH-004-03-04,2026-01-06 04:00:00,73.42,2.437,95.86
SENSOR-00008493,MCH-004-03-04,2026-01-06 08:00:00,66.52,1.805,94.64
SENSOR-00008494,MCH-004-03-04,2026-01-06 12:00:00,67.86,2.034,104.54
SENSOR-00008495,MCH-004-03-04,2026-01-06 16:00:00,70.31,1.786,100.5
SENSOR-00008496,MCH-004-03-04,2026-01-06 20:00:00,71.31,1.969,98.23
SENSOR-00008497,MCH-004-03-04,2026-01-07 00:00:00,71.66,2.362,94.98
SENSOR-00008498,MCH-004-03-04,2026-01-07 04:00:00,73.41,2.074,103.08
SENSOR-00008499,MCH-004-03-04,2026-01-07 08:00:00,69.47,2.209,98.92
SENSOR-00008500,MCH-004-03-04,2026-01-07 12:00:00,73.71,2.102,100.79
SENSOR-00008501,MCH-004-03-04,2026-01-07 16:00:00,79.07,2.093,101.21
SENSOR-00008502,MCH-004-03-04,2026-01-07 20:00:00,81.21,2.262,92.7
SENSOR-00008503,MCH-004-03-04,2026-01-08 00:00:00,74.08,2.507,95.66
SENSOR-00008504,MCH-004-03-04,2026-01-08 04:00:00,70.79,2.254,100.29
SENSOR-00008505,MCH-004-03-04,2026-01-08 08:00:00,77.81,2.347,101.22
SENSOR-00008506,MCH-004-03-04,2026-01-08 12:00:00,75.33,2.356,100.12
SENSOR-00008507,MCH-004-03-04,2026-01-08 16:00:00,70.64,2.412,97.77
SENSOR-00008508,MCH-004-03-04,2026-01-08 20:00:00,71.77,1.876,102.2
SENSOR-00008509,MCH-004-03-04,2026-01-09 00:00:00,76.67,2.176,100.15
SENSOR-00008510,MCH-004-03-04,2026-01-09 04:00:00,75.92,2.074,98.11
SENSOR-00008511,MCH-004-03-04,2026-01-09 08:00:00,70.64,2.287,102.64
SENSOR-00008512,MCH-004-03-04,2026-01-09 12:00:00,78.59,2.266,99.57
SENSOR-00008513,MCH-004-03-04,2026-01-09 16:00:00,75.61,1.922,104.26
SENSOR-00008514,MCH-004-03-04,2026-01-09 20:00:00,72.91,2.108,97.1
SENSOR-00008515,MCH-004-03-04,2026-01-10 00:00:00,66.24,1.904,103.01
SENSOR-00008516,MCH-004-03-04,2026-01-10 04:00:00,65.31,2.239,98.48
SENSOR-00008517,MCH-004-03-04,2026-01-10 08:00:00,69.26,1.92,100.96
SENSOR-00008518,MCH-004-03-04,2026-01-10 12:00:00,73.79,1.734,103.45
SENSOR-00008519,MCH-004-03-04,2026-01-10 16:00:00,67.32,2.262,96.46
SENSOR-00008520,MCH-004-03-04,2026-01-10 20:00:00,70.23,1.845,98.41
SENSOR-00008521,MCH-004-03-04,2026-01-11 00:00:00,70.87,2.612,107.42
SENSOR-00008522,MCH-004-03-04,2026-01-11 04:00:00,69.31,2.018,101.63
SENSOR-00008523,MCH-004-03-04,2026-01-11 08:00:00,71.27,2.122,101.9
SENSOR-00008524,MCH-004-03-04,2026-01-11 12:00:00,82.92,2.491,105.61
SENSOR-00008525,MCH-004-03-04,2026-01-11 16:00:00,64.68,2.434,97.15
SENSOR-00008526,MCH-004-03-04,2026-01-11 20:00:00,78.77,2.504,101.81
SENSOR-00008527,MCH-004-03-04,2026-01-12 00:00:00,73.96,2.281,99.71
SENSOR-00008528,MCH-004-03-04,2026-01-12 04:00:00,75.83,2.288,98.28
SENSOR-00008529,MCH-004-03-04,2026-01-12 08:00:00,71.49,2.078,97.82
SENSOR-00008530,MCH-004-03-04,2026-01-12 12:00:00,71.72,1.841,101.42
SENSOR-00008531,MCH-004-03-04,2026-01-12 16:00:00,77.68,2.178,102.84
SENSOR-00008532,MCH-004-03-04,2026-01-12 20:00:00,72.68,1.909,106.02
SENSOR-00008533,MCH-004-03-04,2026-01-13 00:00:00,65.22,2.442,97.5
SENSOR-00008534,MCH-004-03-04,2026-01-13 04:00:00,70.38,2.472,103.16
SENSOR-00008535,MCH-004-03-04,2026-01-13 08:00:00,69.62,2.051,94.73
SENSOR-00008536,MCH-004-03-04,2026-01-13 12:00:00,63.84,2.356,102.62
SENSOR-00008537,MCH-004-03-04,2026-01-13 16:00:00,73.49,2.212,97.88
SENSOR-00008538,MCH-004-03-04,2026-01-13 20:00:00,77.93,1.719,98.59
SENSOR-00008539,MCH-004-03-04,2026-01-14 00:00:00,70.73,2.166,100.65
SENSOR-00008540,MCH-004-03-04,2026-01-14 04:00:00,65.02,1.748,100.4
SENSOR-00008541,MCH-004-03-04,2026-01-14 08:00:00,69.63,2.028,101.71
SENSOR-00008542,MCH-004-03-04,2026-01-14 12:00:00,68.11,1.562,104.97
SENSOR-00008543,MCH-004-03-04,2026-01-14 16:00:00,76.9,2.464,96.64
SENSOR-00008544,MCH-004-03-04,2026-01-14 20:00:00,71.75,1.848,99.82
SENSOR-00008545,MCH-004-03-04,2026-01-15 00:00:00,70.63,2.225,100.03
SENSOR-00008546,MCH-004-03-04,2026-01-15 04:00:00,77.73,1.688,103.99
SENSOR-00008547,MCH-004-03-04,2026-01-15 08:00:00,77.1,2.166,101.24
SENSOR-00008548,MCH-004-03-04,2026-01-15 12:00:00,70.58,1.744,101.74
SENSOR-00008549,MCH-004-03-04,2026-01-15 16:00:00,73.05,2.232,101.45
SENSOR-00008550,MCH-004-03-04,2026-01-15 20:00:00,69.64,2.538,100.02
SENSOR-00008551,MCH-004-03-04,2026-01-16 00:00:00,73.56,2.244,99.96
SENSOR-00008552,MCH-004-03-04,2026-01-16 04:00:00,69.21,2.159,100.97
SENSOR-00008553,MCH-004-03-04,2026-01-16 08:00:00,71.35,2.442,101.84
SENSOR-00008554,MCH-004-03-04,2026-01-16 12:00:00,72.14,1.578,99.35
SENSOR-00008555,MCH-004-03-04,2026-01-16 16:00:00,74.58,2.095,100.91
SENSOR-00008556,MCH-004-03-04,2026-01-16 20:00:00,71.16,2.223,104.2
SENSOR-00008557,MCH-004-03-04,2026-01-17 00:00:00,70.99,2.796,97.53
SENSOR-00008558,MCH-004-03-04,2026-01-17 04:00:00,69.47,1.989,96.16
SENSOR-00008559,MCH-004-03-04,2026-01-17 08:00:00,65.3,2.11,100.43
SENSOR-00008560,MCH-004-03-04,2026-01-17 12:00:00,69.19,2.046,104.34
SENSOR-00008561,MCH-004-03-04,2026-01-17 16:00:00,75.95,2.1,101.29
SENSOR-00008562,MCH-004-03-04,2026-01-17 20:00:00,65.52,2.232,99.81
SENSOR-00008563,MCH-004-03-04,2026-01-18 00:00:00,62.24,2.666,99.48
SENSOR-00008564,MCH-004-03-04,2026-01-18 04:00:00,75.11,1.928,99.08
SENSOR-00008565,MCH-004-03-04,2026-01-18 08:00:00,71.04,2.225,100.27
SENSOR-00008566,MCH-004-03-04,2026-01-18 12:00:00,68.37,1.932,99.76
SENSOR-00008567,MCH-004-03-04,2026-01-18 16:00:00,65.04,1.959,99.54
SENSOR-00008568,MCH-004-03-04,2026-01-18 20:00:00,73.65,2.541,98.57
SENSOR-00008569,MCH-004-03-04,2026-01-19 00:00:00,66.36,2.265,95.27
SENSOR-00008570,MCH-004-03-04,2026-01-19 04:00:00,77.27,2.526,102.93
SENSOR-00008571,MCH-004-03-04,2026-01-19 08:00:00,70.36,2.301,98.34
SENSOR-00008572,MCH-004-03-04,2026-01-19 12:00:00,72.12,2.142,94.0
SENSOR-00008573,MCH-004-03-04,2026-01-19 16:00:00,68.82,2.733,99.74
SENSOR-00008574,MCH-004-03-04,2026-01-19 20:00:00,72.7,2.163,98.77
SENSOR-00008575,MCH-004-03-04,2026-01-20 00:00:00,73.61,3.247,101.9
SENSOR-00008576,MCH-004-03-04,2026-01-20 04:00:00,72.34,2.385,102.33
SENSOR-00008577,MCH-004-03-04,2026-01-20 08:00:00,69.41,1.731,101.78
SENSOR-00008578,MCH-004-03-04,2026-01-20 12:00:00,75.04,2.091,104.94
SENSOR-00008579,MCH-004-03-04,2026-01-20 16:00:00,77.84,2.359,99.16
SENSOR-00008580,MCH-004-03-04,2026-01-20 20:00:00,63.7,2.121,94.49
SENSOR-00008581,MCH-004-03-04,2026-01-21 00:00:00,64.26,1.821,101.44
SENSOR-00008582,MCH-004-03-04,2026-01-21 04:00:00,70.99,1.972,101.58
SENSOR-00008583,MCH-004-03-04,2026-01-21 08:00:00,73.39,1.588,101.55
SENSOR-00008584,MCH-004-03-04,2026-01-21 12:00:00,76.79,2.134,99.3
SENSOR-00008585,MCH-004-03-04,2026-01-21 16:00:00,79.64,1.987,99.5
SENSOR-00008586,MCH-004-03-04,2026-01-21 20:00:00,73.39,2.177,99.18
SENSOR-00008587,MCH-004-03-04,2026-01-22 00:00:00,71.93,1.82,100.55
SENSOR-00008588,MCH-004-03-04,2026-01-22 04:00:00,68.86,2.06,95.47
SENSOR-00008589,MCH-004-03-04,2026-01-22 08:00:00,71.11,1.634,98.2
SENSOR-00008590,MCH-004-03-04,2026-01-22 12:00:00,68.75,2.039,97.71
SENSOR-00008591,MCH-004-03-04,2026-01-22 16:00:00,72.2,2.387,101.08
SENSOR-00008592,MCH-004-03-04,2026-01-22 20:00:00,77.26,2.04,100.97
SENSOR-00008593,MCH-004-03-04,2026-01-23 00:00:00,67.71,1.928,98.06
SENSOR-00008594,MCH-004-03-04,2026-01-23 04:00:00,72.26,1.931,100.79
SENSOR-00008595,MCH-004-03-04,2026-01-23 08:00:00,70.63,2.329,100.19
SENSOR-00008596,MCH-004-03-04,2026-01-23 12:00:00,79.07,2.195,96.34
SENSOR-00008597,MCH-004-03-04,2026-01-23 16:00:00,71.21,2.17,97.27
SENSOR-00008598,MCH-004-03-04,2026-01-23 20:00:00,78.13,2.087,98.07
SENSOR-00008599,MCH-004-03-04,2026-01-24 00:00:00,70.76,2.04,93.89
SENSOR-00008600,MCH-004-03-04,2026-01-24 04:00:00,67.83,1.857,96.84
SENSOR-00008601,MCH-004-03-04,2026-01-24 08:00:00,77.39,2.293,102.89
SENSOR-00008602,MCH-004-03-04,2026-01-24 12:00:00,74.1,2.436,100.08
SENSOR-00008603,MCH-004-03-04,2026-01-24 16:00:00,78.12,1.857,99.8
SENSOR-00008604,MCH-004-03-04,2026-01-24 20:00:00,67.96,2.475,101.26
SENSOR-00008605,MCH-004-03-04,2026-01-25 00:00:00,72.19,1.632,95.02
SENSOR-00008606,MCH-004-03-04,2026-01-25 04:00:00,72.39,2.281,93.35
SENSOR-00008607,MCH-004-03-04,2026-01-25 08:00:00,71.73,1.911,96.67
SENSOR-00008608,MCH-004-03-04,2026-01-25 12:00:00,69.44,2.196,97.88
SENSOR-00008609,MCH-004-03-04,2026-01-25 16:00:00,64.12,2.194,98.95
SENSOR-00008610,MCH-004-03-04,2026-01-25 20:00:00,68.31,2.088,98.96
SENSOR-00008611,MCH-004-03-04,2026-01-26 00:00:00,68.45,2.752,108.34
SENSOR-00008612,MCH-004-03-04,2026-01-26 04:00:00,71.21,1.749,101.96
SENSOR-00008613,MCH-004-03-04,2026-01-26 08:00:00,80.46,1.837,105.69
SENSOR-00008614,MCH-004-03-04,2026-01-26 12:00:00,64.67,1.801,100.93
SENSOR-00008615,MCH-004-03-04,2026-01-26 16:00:00,76.13,2.148,101.35
SENSOR-00008616,MCH-004-03-04,2026-01-26 20:00:00,76.48,2.47,98.13
SENSOR-00008617,MCH-004-03-04,2026-01-27 00:00:00,72.51,2.195,102.34
SENSOR-00008618,MCH-004-03-04,2026-01-27 04:00:00,67.98,2.334,100.06
SENSOR-00008619,MCH-004-03-04,2026-01-27 08:00:00,68.9,1.834,105.67
SENSOR-00008620,MCH-004-03-04,2026-01-27 12:00:00,71.78,2.076,96.57
SENSOR-00008621,MCH-004-03-04,2026-01-27 16:00:00,76.42,2.418,102.46
SENSOR-00008622,MCH-004-03-04,2026-01-27 20:00:00,71.82,2.353,97.53
SENSOR-00008623,MCH-004-03-04,2026-01-28 00:00:00,67.46,2.309,95.54
SENSOR-00008624,MCH-004-03-04,2026-01-28 04:00:00,72.4,1.616,99.12
SENSOR-00008625,MCH-004-03-04,2026-01-28 08:00:00,70.11,2.454,105.01
SENSOR-00008626,MCH-004-03-04,2026-01-28 12:00:00,78.83,2.454,100.25
SENSOR-00008627,MCH-004-03-04,2026-01-28 16:00:00,73.61,2.261,96.46
SENSOR-00008628,MCH-004-03-04,2026-01-28 20:00:00,76.65,2.337,102.21
SENSOR-00008629,MCH-004-03-04,2026-01-29 00:00:00,71.12,2.103,104.59
SENSOR-00008630,MCH-004-03-04,2026-01-29 04:00:00,67.04,2.078,105.08
SENSOR-00008631,MCH-004-03-04,2026-01-29 08:00:00,70.81,2.181,99.47
SENSOR-00008632,MCH-004-03-04,2026-01-29 12:00:00,74.88,1.651,99.39
SENSOR-00008633,MCH-004-03-04,2026-01-29 16:00:00,72.28,1.915,101.03
SENSOR-00008634,MCH-004-03-04,2026-01-29 20:00:00,75.21,2.278,105.34
SENSOR-00008635,MCH-004-03-04,2026-01-30 00:00:00,67.26,2.353,98.5
SENSOR-00008636,MCH-004-03-04,2026-01-30 04:00:00,70.77,2.103,102.21
SENSOR-00008637,MCH-004-03-04,2026-01-30 08:00:00,76.38,2.125,99.35
SENSOR-00008638,MCH-004-03-04,2026-01-30 12:00:00,63.87,1.987,97.16
SENSOR-00008639,MCH-004-03-04,2026-01-30 16:00:00,73.31,2.138,97.27
SENSOR-00008640,MCH-004-03-04,2026-01-30 20:00:00,72.67,2.148,92.38
SENSOR-00008641,MCH-005-01-01,2026-01-01 00:00:00,77.23,2.955,102.22
SENSOR-00008642,MCH-005-01-01,2026-01-01 04:00:00,80.2,3.244,100.91
SENSOR-00008643,MCH-005-01-01,2026-01-01 08:00:00,83.55,2.837,101.21
SENSOR-00008644,MCH-005-01-01,2026-01-01 12:00:00,90.44,3.06,101.67
SENSOR-00008645,MCH-005-01-01,2026-01-01 16:00:00,85.52,2.731,99.6
SENSOR-00008646,MCH-005-01-01,2026-01-01 20:00:00,82.06,2.485,102.37
SENSOR-00008647,MCH-005-01-01,2026-01-02 00:00:00,82.91,3.151,101.21
SENSOR-00008648,MCH-005-01-01,2026-01-02 04:00:00,82.88,2.993,102.54
SENSOR-00008649,MCH-005-01-01,2026-01-02 08:00:00,83.41,3.258,101.18
SENSOR-00008650,MCH-005-01-01,2026-01-02 12:00:00,85.31,3.3,99.07
SENSOR-00008651,MCH-005-01-01,2026-01-02 16:00:00,87.13,2.977,95.8
SENSOR-00008652,MCH-005-01-01,2026-01-02 20:00:00,81.39,2.836,101.13
SENSOR-00008653,MCH-005-01-01,2026-01-03 00:00:00,81.94,3.313,105.49
SENSOR-00008654,MCH-005-01-01,2026-01-03 04:00:00,79.15,3.548,95.1
SENSOR-00008655,MCH-005-01-01,2026-01-03 08:00:00,90.1,3.008,99.3
SENSOR-00008656,MCH-005-01-01,2026-01-03 12:00:00,82.68,2.817,104.5
SENSOR-00008657,MCH-005-01-01,2026-01-03 16:00:00,79.94,2.875,95.86
SENSOR-00008658,MCH-005-01-01,2026-01-03 20:00:00,79.78,2.842,97.7
SENSOR-00008659,MCH-005-01-01,2026-01-04 00:00:00,84.06,3.282,100.43
SENSOR-00008660,MCH-005-01-01,2026-01-04 04:00:00,82.97,3.07,94.39
SENSOR-00008661,MCH-005-01-01,2026-01-04 08:00:00,83.29,3.2,99.86
SENSOR-00008662,MCH-005-01-01,2026-01-04 12:00:00,87.2,3.306,98.49
SENSOR-00008663,MCH-005-01-01,2026-01-04 16:00:00,84.47,3.027,93.91
SENSOR-00008664,MCH-005-01-01,2026-01-04 20:00:00,81.96,2.759,100.4
SENSOR-00008665,MCH-005-01-01,2026-01-05 00:00:00,81.33,3.167,99.27
SENSOR-00008666,MCH-005-01-01,2026-01-05 04:00:00,74.06,3.337,103.39
SENSOR-00008667,MCH-005-01-01,2026-01-05 08:00:00,80.28,3.029,103.65
SENSOR-00008668,MCH-005-01-01,2026-01-05 12:00:00,86.84,3.356,101.12
SENSOR-00008669,MCH-005-01-01,2026-01-05 16:00:00,85.79,3.369,98.97
SENSOR-00008670,MCH-005-01-01,2026-01-05 20:00:00,84.47,2.48,95.26
SENSOR-00008671,MCH-005-01-01,2026-01-06 00:00:00,73.45,3.133,100.1
SENSOR-00008672,MCH-005-01-01,2026-01-06 04:00:00,83.7,2.986,95.85
SENSOR-00008673,MCH-005-01-01,2026-01-06 08:00:00,78.31,3.397,98.07
SENSOR-00008674,MCH-005-01-01,2026-01-06 12:00:00,85.94,2.746,99.96
SENSOR-00008675,MCH-005-01-01,2026-01-06 16:00:00,80.94,2.945,98.98
SENSOR-00008676,MCH-005-01-01,2026-01-06 20:00:00,88.48,3.498,100.71
SENSOR-00008677,MCH-005-01-01,2026-01-07 00:00:00,77.71,2.682,98.0
SENSOR-00008678,MCH-005-01-01,2026-01-07 04:00:00,83.74,3.274,98.01
SENSOR-00008679,MCH-005-01-01,2026-01-07 08:00:00,80.86,2.987,97.58
SENSOR-00008680,MCH-005-01-01,2026-01-07 12:00:00,84.38,3.129,91.84
SENSOR-00008681,MCH-005-01-01,2026-01-07 16:00:00,85.27,3.048,100.78
SENSOR-00008682,MCH-005-01-01,2026-01-07 20:00:00,87.43,2.57,96.23
SENSOR-00008683,MCH-005-01-01,2026-01-08 00:00:00,76.5,3.382,97.79
SENSOR-00008684,MCH-005-01-01,2026-01-08 04:00:00,84.94,3.037,96.54
SENSOR-00008685,MCH-005-01-01,2026-01-08 08:00:00,87.88,3.287,95.29
SENSOR-00008686,MCH-005-01-01,2026-01-08 12:00:00,82.41,3.068,93.79
SENSOR-00008687,MCH-005-01-01,2026-01-08 16:00:00,74.23,2.808,96.06
SENSOR-00008688,MCH-005-01-01,2026-01-08 20:00:00,78.53,2.688,99.63
SENSOR-00008689,MCH-005-01-01,2026-01-09 00:00:00,81.14,2.942,106.49
SENSOR-00008690,MCH-005-01-01,2026-01-09 04:00:00,83.96,3.027,96.22
SENSOR-00008691,MCH-005-01-01,2026-01-09 08:00:00,77.77,2.963,103.39
SENSOR-00008692,MCH-005-01-01,2026-01-09 12:00:00,81.91,2.978,97.77
SENSOR-00008693,MCH-005-01-01,2026-01-09 16:00:00,75.74,3.126,99.24
SENSOR-00008694,MCH-005-01-01,2026-01-09 20:00:00,84.49,3.055,97.11
SENSOR-00008695,MCH-005-01-01,2026-01-10 00:00:00,85.14,2.317,102.63
SENSOR-00008696,MCH-005-01-01,2026-01-10 04:00:00,81.87,2.731,98.9
SENSOR-00008697,MCH-005-01-01,2026-01-10 08:00:00,79.74,2.71,94.18
SENSOR-00008698,MCH-005-01-01,2026-01-10 12:00:00,85.63,2.877,98.83
SENSOR-00008699,MCH-005-01-01,2026-01-10 16:00:00,86.09,3.031,95.32
SENSOR-00008700,MCH-005-01-01,2026-01-10 20:00:00,85.4,3.388,101.51
SENSOR-00008701,MCH-005-01-01,2026-01-11 00:00:00,80.97,3.445,99.56
SENSOR-00008702,MCH-005-01-01,2026-01-11 04:00:00,87.38,3.112,102.12
SENSOR-00008703,MCH-005-01-01,2026-01-11 08:00:00,82.0,2.989,101.26
SENSOR-00008704,MCH-005-01-01,2026-01-11 12:00:00,85.9,3.148,94.7
SENSOR-00008705,MCH-005-01-01,2026-01-11 16:00:00,83.74,2.852,98.36
SENSOR-00008706,MCH-005-01-01,2026-01-11 20:00:00,84.54,3.441,99.3
SENSOR-00008707,MCH-005-01-01,2026-01-12 00:00:00,77.4,3.413,103.42
SENSOR-00008708,MCH-005-01-01,2026-01-12 04:00:00,80.8,3.153,100.38
SENSOR-00008709,MCH-005-01-01,2026-01-12 08:00:00,81.3,3.258,98.12
SENSOR-00008710,MCH-005-01-01,2026-01-12 12:00:00,73.94,3.082,100.2
SENSOR-00008711,MCH-005-01-01,2026-01-12 16:00:00,80.33,2.794,95.32
SENSOR-00008712,MCH-005-01-01,2026-01-12 20:00:00,81.26,2.798,102.89
SENSOR-00008713,MCH-005-01-01,2026-01-13 00:00:00,86.14,3.082,99.01
SENSOR-00008714,MCH-005-01-01,2026-01-13 04:00:00,81.13,2.748,100.54
SENSOR-00008715,MCH-005-01-01,2026-01-13 08:00:00,80.27,2.907,101.87
SENSOR-00008716,MCH-005-01-01,2026-01-13 12:00:00,89.46,3.11,99.68
SENSOR-00008717,MCH-005-01-01,2026-01-13 16:00:00,82.63,3.301,101.16
SENSOR-00008718,MCH-005-01-01,2026-01-13 20:00:00,83.48,3.083,95.71
SENSOR-00008719,MCH-005-01-01,2026-01-14 00:00:00,83.37,2.764,104.13
SENSOR-00008720,MCH-005-01-01,2026-01-14 04:00:00,85.97,3.063,102.75
SENSOR-00008721,MCH-005-01-01,2026-01-14 08:00:00,83.69,3.018,98.2
SENSOR-00008722,MCH-005-01-01,2026-01-14 12:00:00,81.26,2.901,100.03
SENSOR-00008723,MCH-005-01-01,2026-01-14 16:00:00,75.14,3.274,105.84
SENSOR-00008724,MCH-005-01-01,2026-01-14 20:00:00,80.98,3.31,99.6
SENSOR-00008725,MCH-005-01-01,2026-01-15 00:00:00,82.49,2.682,104.38
SENSOR-00008726,MCH-005-01-01,2026-01-15 04:00:00,85.96,2.859,99.94
SENSOR-00008727,MCH-005-01-01,2026-01-15 08:00:00,85.25,3.069,105.64
SENSOR-00008728,MCH-005-01-01,2026-01-15 12:00:00,81.75,3.314,96.0
SENSOR-00008729,MCH-005-01-01,2026-01-15 16:00:00,77.98,3.438,98.7
SENSOR-00008730,MCH-005-01-01,2026-01-15 20:00:00,78.04,3.005,103.79
SENSOR-00008731,MCH-005-01-01,2026-01-16 00:00:00,85.77,3.112,101.72
SENSOR-00008732,MCH-005-01-01,2026-01-16 04:00:00,82.82,2.862,97.67
SENSOR-00008733,MCH-005-01-01,2026-01-16 08:00:00,84.44,3.414,97.18
SENSOR-00008734,MCH-005-01-01,2026-01-16 12:00:00,78.64,2.733,102.49
SENSOR-00008735,MCH-005-01-01,2026-01-16 16:00:00,82.54,3.155,98.48
SENSOR-00008736,MCH-005-01-01,2026-01-16 20:00:00,85.18,2.945,95.37
SENSOR-00008737,MCH-005-01-01,2026-01-17 00:00:00,85.28,2.973,99.7
SENSOR-00008738,MCH-005-01-01,2026-01-17 04:00:00,72.47,2.811,100.5
SENSOR-00008739,MCH-005-01-01,2026-01-17 08:00:00,79.65,2.685,101.44
SENSOR-00008740,MCH-005-01-01,2026-01-17 12:00:00,87.93,2.836,102.63
SENSOR-00008741,MCH-005-01-01,2026-01-17 16:00:00,85.61,2.772,97.82
SENSOR-00008742,MCH-005-01-01,2026-01-17 20:00:00,89.92,2.737,98.17
SENSOR-00008743,MCH-005-01-01,2026-01-18 00:00:00,91.67,3.276,98.93
SENSOR-00008744,MCH-005-01-01,2026-01-18 04:00:00,81.77,3.495,98.94
SENSOR-00008745,MCH-005-01-01,2026-01-18 08:00:00,80.82,3.303,95.8
SENSOR-00008746,MCH-005-01-01,2026-01-18 12:00:00,82.39,3.038,97.89
SENSOR-00008747,MCH-005-01-01,2026-01-18 16:00:00,76.45,3.034,102.06
SENSOR-00008748,MCH-005-01-01,2026-01-18 20:00:00,79.99,2.722,103.77
SENSOR-00008749,MCH-005-01-01,2026-01-19 00:00:00,81.49,2.735,101.77
SENSOR-00008750,MCH-005-01-01,2026-01-19 04:00:00,86.71,2.991,100.63
SENSOR-00008751,MCH-005-01-01,2026-01-19 08:00:00,78.84,2.886,98.56
SENSOR-00008752,MCH-005-01-01,2026-01-19 12:00:00,84.94,3.081,99.01
SENSOR-00008753,MCH-005-01-01,2026-01-19 16:00:00,81.23,2.525,104.82
SENSOR-00008754,MCH-005-01-01,2026-01-19 20:00:00,74.37,3.122,100.11
SENSOR-00008755,MCH-005-01-01,2026-01-20 00:00:00,82.05,3.142,99.89
SENSOR-00008756,MCH-005-01-01,2026-01-20 04:00:00,86.44,3.278,100.93
SENSOR-00008757,MCH-005-01-01,2026-01-20 08:00:00,85.44,3.523,95.76
SENSOR-00008758,MCH-005-01-01,2026-01-20 12:00:00,87.01,3.403,101.3
SENSOR-00008759,MCH-005-01-01,2026-01-20 16:00:00,90.32,3.46,98.99
SENSOR-00008760,MCH-005-01-01,2026-01-20 20:00:00,81.67,3.149,98.13
SENSOR-00008761,MCH-005-01-01,2026-01-21 00:00:00,82.64,3.021,99.81
SENSOR-00008762,MCH-005-01-01,2026-01-21 04:00:00,88.23,3.112,102.39
SENSOR-00008763,MCH-005-01-01,2026-01-21 08:00:00,81.71,3.123,96.07
SENSOR-00008764,MCH-005-01-01,2026-01-21 12:00:00,83.74,2.827,103.96
SENSOR-00008765,MCH-005-01-01,2026-01-21 16:00:00,83.01,3.182,100.79
SENSOR-00008766,MCH-005-01-01,2026-01-21 20:00:00,89.93,2.627,99.66
SENSOR-00008767,MCH-005-01-01,2026-01-22 00:00:00,84.0,3.152,98.65
SENSOR-00008768,MCH-005-01-01,2026-01-22 04:00:00,86.9,2.714,99.74
SENSOR-00008769,MCH-005-01-01,2026-01-22 08:00:00,87.1,2.978,98.71
SENSOR-00008770,MCH-005-01-01,2026-01-22 12:00:00,91.86,3.371,100.42
SENSOR-00008771,MCH-005-01-01,2026-01-22 16:00:00,78.83,2.508,102.13
SENSOR-00008772,MCH-005-01-01,2026-01-22 20:00:00,87.77,3.116,94.87
SENSOR-00008773,MCH-005-01-01,2026-01-23 00:00:00,79.82,3.155,99.42
SENSOR-00008774,MCH-005-01-01,2026-01-23 04:00:00,79.42,3.22,93.31
SENSOR-00008775,MCH-005-01-01,2026-01-23 08:00:00,80.53,3.17,103.67
SENSOR-00008776,MCH-005-01-01,2026-01-23 12:00:00,84.59,2.849,99.85
SENSOR-00008777,MCH-005-01-01,2026-01-23 16:00:00,83.87,3.407,102.76
SENSOR-00008778,MCH-005-01-01,2026-01-23 20:00:00,86.42,3.033,96.79
SENSOR-00008779,MCH-005-01-01,2026-01-24 00:00:00,79.39,3.254,102.63
SENSOR-00008780,MCH-005-01-01,2026-01-24 04:00:00,85.26,2.972,96.72
SENSOR-00008781,MCH-005-01-01,2026-01-24 08:00:00,82.65,3.369,97.27
SENSOR-00008782,MCH-005-01-01,2026-01-24 12:00:00,82.9,3.426,99.09
SENSOR-00008783,MCH-005-01-01,2026-01-24 16:00:00,82.2,2.679,101.87
SENSOR-00008784,MCH-005-01-01,2026-01-24 20:00:00,79.75,2.628,97.14
SENSOR-00008785,MCH-005-01-01,2026-01-25 00:00:00,85.97,3.047,94.68
SENSOR-00008786,MCH-005-01-01,2026-01-25 04:00:00,74.9,2.789,95.27
SENSOR-00008787,MCH-005-01-01,2026-01-25 08:00:00,83.79,2.879,101.28
SENSOR-00008788,MCH-005-01-01,2026-01-25 12:00:00,84.47,3.189,97.21
SENSOR-00008789,MCH-005-01-01,2026-01-25 16:00:00,84.77,2.778,102.13
SENSOR-00008790,MCH-005-01-01,2026-01-25 20:00:00,87.6,3.197,99.47
SENSOR-00008791,MCH-005-01-01,2026-01-26 00:00:00,83.14,3.045,97.05
SENSOR-00008792,MCH-005-01-01,2026-01-26 04:00:00,82.58,2.917,98.97
SENSOR-00008793,MCH-005-01-01,2026-01-26 08:00:00,80.54,3.01,97.4
SENSOR-00008794,MCH-005-01-01,2026-01-26 12:00:00,82.76,2.925,97.2
SENSOR-00008795,MCH-005-01-01,2026-01-26 16:00:00,74.91,3.253,102.24
SENSOR-00008796,MCH-005-01-01,2026-01-26 20:00:00,79.49,3.187,96.93
SENSOR-00008797,MCH-005-01-01,2026-01-27 00:00:00,83.67,3.265,103.17
SENSOR-00008798,MCH-005-01-01,2026-01-27 04:00:00,77.41,2.698,103.0
SENSOR-00008799,MCH-005-01-01,2026-01-27 08:00:00,81.56,2.467,97.81
SENSOR-00008800,MCH-005-01-01,2026-01-27 12:00:00,80.95,2.938,102.29
SENSOR-00008801,MCH-005-01-01,2026-01-27 16:00:00,78.99,3.25,100.86
SENSOR-00008802,MCH-005-01-01,2026-01-27 20:00:00,77.56,2.937,101.48
SENSOR-00008803,MCH-005-01-01,2026-01-28 00:00:00,87.79,3.223,97.27
SENSOR-00008804,MCH-005-01-01,2026-01-28 04:00:00,85.11,2.893,100.82
SENSOR-00008805,MCH-005-01-01,2026-01-28 08:00:00,83.3,2.929,98.7
SENSOR-00008806,MCH-005-01-01,2026-01-28 12:00:00,84.07,2.791,97.4
SENSOR-00008807,MCH-005-01-01,2026-01-28 16:00:00,86.53,3.124,96.08
SENSOR-00008808,MCH-005-01-01,2026-01-28 20:00:00,78.69,2.482,102.73
SENSOR-00008809,MCH-005-01-01,2026-01-29 00:00:00,82.32,2.917,100.68
SENSOR-00008810,MCH-005-01-01,2026-01-29 04:00:00,80.48,2.916,100.82
SENSOR-00008811,MCH-005-01-01,2026-01-29 08:00:00,80.27,2.899,99.53
SENSOR-00008812,MCH-005-01-01,2026-01-29 12:00:00,83.07,3.167,101.75
SENSOR-00008813,MCH-005-01-01,2026-01-29 16:00:00,76.71,3.369,100.18
SENSOR-00008814,MCH-005-01-01,2026-01-29 20:00:00,81.38,2.791,105.97
SENSOR-00008815,MCH-005-01-01,2026-01-30 00:00:00,90.38,3.376,99.59
SENSOR-00008816,MCH-005-01-01,2026-01-30 04:00:00,88.81,3.016,98.36
SENSOR-00008817,MCH-005-01-01,2026-01-30 08:00:00,81.57,3.053,97.64
SENSOR-00008818,MCH-005-01-01,2026-01-30 12:00:00,80.64,2.656,97.53
SENSOR-00008819,MCH-005-01-01,2026-01-30 16:00:00,83.65,3.277,102.74
SENSOR-00008820,MCH-005-01-01,2026-01-30 20:00:00,84.43,2.634,97.42
SENSOR-00008821,MCH-005-01-02,2026-01-01 00:00:00,75.81,2.241,97.22
SENSOR-00008822,MCH-005-01-02,2026-01-01 04:00:00,70.96,2.232,93.89
SENSOR-00008823,MCH-005-01-02,2026-01-01 08:00:00,76.83,1.897,97.18
SENSOR-00008824,MCH-005-01-02,2026-01-01 12:00:00,77.01,2.383,100.26
SENSOR-00008825,MCH-005-01-02,2026-01-01 16:00:00,66.18,2.089,99.35
SENSOR-00008826,MCH-005-01-02,2026-01-01 20:00:00,72.43,2.526,105.98
SENSOR-00008827,MCH-005-01-02,2026-01-02 00:00:00,72.3,1.842,97.44
SENSOR-00008828,MCH-005-01-02,2026-01-02 04:00:00,67.3,2.209,97.44
SENSOR-00008829,MCH-005-01-02,2026-01-02 08:00:00,77.05,2.283,104.81
SENSOR-00008830,MCH-005-01-02,2026-01-02 12:00:00,71.19,2.777,100.01
SENSOR-00008831,MCH-005-01-02,2026-01-02 16:00:00,70.89,2.843,94.51
SENSOR-00008832,MCH-005-01-02,2026-01-02 20:00:00,70.8,1.824,94.49
SENSOR-00008833,MCH-005-01-02,2026-01-03 00:00:00,79.45,1.928,101.45
SENSOR-00008834,MCH-005-01-02,2026-01-03 04:00:00,71.92,2.204,95.47
SENSOR-00008835,MCH-005-01-02,2026-01-03 08:00:00,70.88,2.135,104.29
SENSOR-00008836,MCH-005-01-02,2026-01-03 12:00:00,68.39,1.644,99.98
SENSOR-00008837,MCH-005-01-02,2026-01-03 16:00:00,67.98,2.206,101.98
SENSOR-00008838,MCH-005-01-02,2026-01-03 20:00:00,72.61,2.133,99.53
SENSOR-00008839,MCH-005-01-02,2026-01-04 00:00:00,76.84,2.265,102.88
SENSOR-00008840,MCH-005-01-02,2026-01-04 04:00:00,69.72,2.234,100.91
SENSOR-00008841,MCH-005-01-02,2026-01-04 08:00:00,71.81,2.42,100.99
SENSOR-00008842,MCH-005-01-02,2026-01-04 12:00:00,70.69,2.556,101.69
SENSOR-00008843,MCH-005-01-02,2026-01-04 16:00:00,69.64,2.028,99.34
SENSOR-00008844,MCH-005-01-02,2026-01-04 20:00:00,74.8,1.687,97.6
SENSOR-00008845,MCH-005-01-02,2026-01-05 00:00:00,66.99,2.605,105.23
SENSOR-00008846,MCH-005-01-02,2026-01-05 04:00:00,71.12,1.96,102.56
SENSOR-00008847,MCH-005-01-02,2026-01-05 08:00:00,75.38,2.709,106.42
SENSOR-00008848,MCH-005-01-02,2026-01-05 12:00:00,64.9,2.53,99.33
SENSOR-00008849,MCH-005-01-02,2026-01-05 16:00:00,75.2,2.435,102.21
SENSOR-00008850,MCH-005-01-02,2026-01-05 20:00:00,77.01,2.101,97.14
SENSOR-00008851,MCH-005-01-02,2026-01-06 00:00:00,76.66,1.811,107.56
SENSOR-00008852,MCH-005-01-02,2026-01-06 04:00:00,72.63,1.983,101.26
SENSOR-00008853,MCH-005-01-02,2026-01-06 08:00:00,63.16,2.157,99.38
SENSOR-00008854,MCH-005-01-02,2026-01-06 12:00:00,67.94,2.083,104.58
SENSOR-00008855,MCH-005-01-02,2026-01-06 16:00:00,73.74,2.341,97.64
SENSOR-00008856,MCH-005-01-02,2026-01-06 20:00:00,67.71,2.18,92.63
SENSOR-00008857,MCH-005-01-02,2026-01-07 00:00:00,67.63,2.52,106.84
SENSOR-00008858,MCH-005-01-02,2026-01-07 04:00:00,75.75,2.359,98.25
SENSOR-00008859,MCH-005-01-02,2026-01-07 08:00:00,70.77,2.297,104.12
SENSOR-00008860,MCH-005-01-02,2026-01-07 12:00:00,74.71,2.48,97.25
SENSOR-00008861,MCH-005-01-02,2026-01-07 16:00:00,75.48,2.073,100.42
SENSOR-00008862,MCH-005-01-02,2026-01-07 20:00:00,75.47,2.108,96.95
SENSOR-00008863,MCH-005-01-02,2026-01-08 00:00:00,71.56,2.353,97.55
SENSOR-00008864,MCH-005-01-02,2026-01-08 04:00:00,80.73,2.289,100.38
SENSOR-00008865,MCH-005-01-02,2026-01-08 08:00:00,71.08,2.719,96.24
SENSOR-00008866,MCH-005-01-02,2026-01-08 12:00:00,70.2,2.454,100.72
SENSOR-00008867,MCH-005-01-02,2026-01-08 16:00:00,70.7,2.104,99.13
SENSOR-00008868,MCH-005-01-02,2026-01-08 20:00:00,73.42,2.629,101.82
SENSOR-00008869,MCH-005-01-02,2026-01-09 00:00:00,71.97,2.036,97.63
SENSOR-00008870,MCH-005-01-02,2026-01-09 04:00:00,71.83,2.566,101.24
SENSOR-00008871,MCH-005-01-02,2026-01-09 08:00:00,75.08,2.443,97.02
SENSOR-00008872,MCH-005-01-02,2026-01-09 12:00:00,70.17,2.371,97.66
SENSOR-00008873,MCH-005-01-02,2026-01-09 16:00:00,66.9,1.97,103.16
SENSOR-00008874,MCH-005-01-02,2026-01-09 20:00:00,71.51,2.297,96.9
SENSOR-00008875,MCH-005-01-02,2026-01-10 00:00:00,74.12,2.117,99.64
SENSOR-00008876,MCH-005-01-02,2026-01-10 04:00:00,73.75,2.368,99.77
SENSOR-00008877,MCH-005-01-02,2026-01-10 08:00:00,69.46,2.262,102.01
SENSOR-00008878,MCH-005-01-02,2026-01-10 12:00:00,67.68,1.91,98.01
SENSOR-00008879,MCH-005-01-02,2026-01-10 16:00:00,72.24,1.691,101.72
SENSOR-00008880,MCH-005-01-02,2026-01-10 20:00:00,72.28,1.653,96.66
SENSOR-00008881,MCH-005-01-02,2026-01-11 00:00:00,76.24,2.275,98.61
SENSOR-00008882,MCH-005-01-02,2026-01-11 04:00:00,76.38,2.504,100.26
SENSOR-00008883,MCH-005-01-02,2026-01-11 08:00:00,78.35,2.182,99.62
SENSOR-00008884,MCH-005-01-02,2026-01-11 12:00:00,73.03,2.208,99.07
SENSOR-00008885,MCH-005-01-02,2026-01-11 16:00:00,70.15,1.992,100.33
SENSOR-00008886,MCH-005-01-02,2026-01-11 20:00:00,77.8,2.444,101.16
SENSOR-00008887,MCH-005-01-02,2026-01-12 00:00:00,66.08,2.204,91.29
SENSOR-00008888,MCH-005-01-02,2026-01-12 04:00:00,72.64,2.215,105.33
SENSOR-00008889,MCH-005-01-02,2026-01-12 08:00:00,78.91,2.474,97.12
SENSOR-00008890,MCH-005-01-02,2026-01-12 12:00:00,68.94,1.967,104.58
SENSOR-00008891,MCH-005-01-02,2026-01-12 16:00:00,69.37,2.144,97.3
SENSOR-00008892,MCH-005-01-02,2026-01-12 20:00:00,67.98,2.324,100.46
SENSOR-00008893,MCH-005-01-02,2026-01-13 00:00:00,68.42,2.035,94.65
SENSOR-00008894,MCH-005-01-02,2026-01-13 04:00:00,64.78,2.122,101.35
SENSOR-00008895,MCH-005-01-02,2026-01-13 08:00:00,72.55,2.531,98.82
SENSOR-00008896,MCH-005-01-02,2026-01-13 12:00:00,64.53,2.327,96.76
SENSOR-00008897,MCH-005-01-02,2026-01-13 16:00:00,73.51,1.669,99.17
SENSOR-00008898,MCH-005-01-02,2026-01-13 20:00:00,75.82,2.386,99.25
SENSOR-00008899,MCH-005-01-02,2026-01-14 00:00:00,71.73,1.925,102.47
SENSOR-00008900,MCH-005-01-02,2026-01-14 04:00:00,72.6,2.041,102.51
SENSOR-00008901,MCH-005-01-02,2026-01-14 08:00:00,71.42,1.835,102.71
SENSOR-00008902,MCH-005-01-02,2026-01-14 12:00:00,69.43,2.982,98.5
SENSOR-00008903,MCH-005-01-02,2026-01-14 16:00:00,64.73,2.666,99.67
SENSOR-00008904,MCH-005-01-02,2026-01-14 20:00:00,73.81,2.323,95.75
SENSOR-00008905,MCH-005-01-02,2026-01-15 00:00:00,70.02,2.061,101.86
SENSOR-00008906,MCH-005-01-02,2026-01-15 04:00:00,70.1,1.974,99.67
SENSOR-00008907,MCH-005-01-02,2026-01-15 08:00:00,75.55,2.697,106.09
SENSOR-00008908,MCH-005-01-02,2026-01-15 12:00:00,65.63,2.488,96.89
SENSOR-00008909,MCH-005-01-02,2026-01-15 16:00:00,69.06,2.093,98.03
SENSOR-00008910,MCH-005-01-02,2026-01-15 20:00:00,68.52,1.646,104.18
SENSOR-00008911,MCH-005-01-02,2026-01-16 00:00:00,73.48,2.387,100.5
SENSOR-00008912,MCH-005-01-02,2026-01-16 04:00:00,71.59,2.367,102.7
SENSOR-00008913,MCH-005-01-02,2026-01-16 08:00:00,78.99,1.948,103.19
SENSOR-00008914,MCH-005-01-02,2026-01-16 12:00:00,66.46,2.482,98.08
SENSOR-00008915,MCH-005-01-02,2026-01-16 16:00:00,76.17,2.601,100.54
SENSOR-00008916,MCH-005-01-02,2026-01-16 20:00:00,72.82,2.216,98.59
SENSOR-00008917,MCH-005-01-02,2026-01-17 00:00:00,75.38,2.044,100.6
SENSOR-00008918,MCH-005-01-02,2026-01-17 04:00:00,65.63,2.347,100.22
SENSOR-00008919,MCH-005-01-02,2026-01-17 08:00:00,78.16,2.416,97.83
SENSOR-00008920,MCH-005-01-02,2026-01-17 12:00:00,66.24,2.035,104.14
SENSOR-00008921,MCH-005-01-02,2026-01-17 16:00:00,74.19,2.39,98.11
SENSOR-00008922,MCH-005-01-02,2026-01-17 20:00:00,74.95,1.861,102.81
SENSOR-00008923,MCH-005-01-02,2026-01-18 00:00:00,77.69,2.372,93.5
SENSOR-00008924,MCH-005-01-02,2026-01-18 04:00:00,68.4,2.662,100.25
SENSOR-00008925,MCH-005-01-02,2026-01-18 08:00:00,73.36,2.033,98.09
SENSOR-00008926,MCH-005-01-02,2026-01-18 12:00:00,77.78,2.615,102.39
SENSOR-00008927,MCH-005-01-02,2026-01-18 16:00:00,75.21,2.397,99.79
SENSOR-00008928,MCH-005-01-02,2026-01-18 20:00:00,68.19,1.886,103.94
SENSOR-00008929,MCH-005-01-02,2026-01-19 00:00:00,70.06,2.301,96.45
SENSOR-00008930,MCH-005-01-02,2026-01-19 04:00:00,72.34,2.076,100.07
SENSOR-00008931,MCH-005-01-02,2026-01-19 08:00:00,75.95,2.26,105.88
SENSOR-00008932,MCH-005-01-02,2026-01-19 12:00:00,76.19,2.184,99.74
SENSOR-00008933,MCH-005-01-02,2026-01-19 16:00:00,74.52,2.417,96.3
SENSOR-00008934,MCH-005-01-02,2026-01-19 20:00:00,75.55,1.939,101.62
SENSOR-00008935,MCH-005-01-02,2026-01-20 00:00:00,77.55,2.18,101.32
SENSOR-00008936,MCH-005-01-02,2026-01-20 04:00:00,73.84,1.872,102.24
SENSOR-00008937,MCH-005-01-02,2026-01-20 08:00:00,78.57,2.413,98.49
SENSOR-00008938,MCH-005-01-02,2026-01-20 12:00:00,75.97,2.565,103.5
SENSOR-00008939,MCH-005-01-02,2026-01-20 16:00:00,77.12,1.843,101.19
SENSOR-00008940,MCH-005-01-02,2026-01-20 20:00:00,75.59,2.5,101.55
SENSOR-00008941,MCH-005-01-02,2026-01-21 00:00:00,76.27,2.194,97.27
SENSOR-00008942,MCH-005-01-02,2026-01-21 04:00:00,73.79,2.312,101.02
SENSOR-00008943,MCH-005-01-02,2026-01-21 08:00:00,70.5,2.393,98.78
SENSOR-00008944,MCH-005-01-02,2026-01-21 12:00:00,77.87,2.668,97.56
SENSOR-00008945,MCH-005-01-02,2026-01-21 16:00:00,73.25,2.484,100.83
SENSOR-00008946,MCH-005-01-02,2026-01-21 20:00:00,67.6,2.457,98.18
SENSOR-00008947,MCH-005-01-02,2026-01-22 00:00:00,68.71,2.69,100.56
SENSOR-00008948,MCH-005-01-02,2026-01-22 04:00:00,70.74,2.141,100.05
SENSOR-00008949,MCH-005-01-02,2026-01-22 08:00:00,76.99,2.017,98.89
SENSOR-00008950,MCH-005-01-02,2026-01-22 12:00:00,72.81,2.626,103.0
SENSOR-00008951,MCH-005-01-02,2026-01-22 16:00:00,79.37,2.248,104.3
SENSOR-00008952,MCH-005-01-02,2026-01-22 20:00:00,78.08,2.415,102.33
SENSOR-00008953,MCH-005-01-02,2026-01-23 00:00:00,78.98,2.034,96.19
SENSOR-00008954,MCH-005-01-02,2026-01-23 04:00:00,70.66,2.427,102.53
SENSOR-00008955,MCH-005-01-02,2026-01-23 08:00:00,75.43,2.469,100.77
SENSOR-00008956,MCH-005-01-02,2026-01-23 12:00:00,70.94,2.004,96.21
SENSOR-00008957,MCH-005-01-02,2026-01-23 16:00:00,72.1,2.438,100.71
SENSOR-00008958,MCH-005-01-02,2026-01-23 20:00:00,73.1,1.977,107.74
SENSOR-00008959,MCH-005-01-02,2026-01-24 00:00:00,74.14,2.177,95.75
SENSOR-00008960,MCH-005-01-02,2026-01-24 04:00:00,68.4,2.228,105.68
SENSOR-00008961,MCH-005-01-02,2026-01-24 08:00:00,73.94,2.327,101.16
SENSOR-00008962,MCH-005-01-02,2026-01-24 12:00:00,82.46,2.13,104.7
SENSOR-00008963,MCH-005-01-02,2026-01-24 16:00:00,71.41,2.065,99.76
SENSOR-00008964,MCH-005-01-02,2026-01-24 20:00:00,72.67,2.381,93.03
SENSOR-00008965,MCH-005-01-02,2026-01-25 00:00:00,66.47,2.104,97.68
SENSOR-00008966,MCH-005-01-02,2026-01-25 04:00:00,73.17,2.1,95.65
SENSOR-00008967,MCH-005-01-02,2026-01-25 08:00:00,69.45,1.809,103.41
SENSOR-00008968,MCH-005-01-02,2026-01-25 12:00:00,78.2,2.595,98.23
SENSOR-00008969,MCH-005-01-02,2026-01-25 16:00:00,78.2,2.342,97.53
SENSOR-00008970,MCH-005-01-02,2026-01-25 20:00:00,70.49,2.198,100.31
SENSOR-00008971,MCH-005-01-02,2026-01-26 00:00:00,82.79,1.828,100.82
SENSOR-00008972,MCH-005-01-02,2026-01-26 04:00:00,74.38,2.494,101.1
SENSOR-00008973,MCH-005-01-02,2026-01-26 08:00:00,80.57,2.301,104.04
SENSOR-00008974,MCH-005-01-02,2026-01-26 12:00:00,77.17,2.626,100.07
SENSOR-00008975,MCH-005-01-02,2026-01-26 16:00:00,74.6,2.148,100.48
SENSOR-00008976,MCH-005-01-02,2026-01-26 20:00:00,73.87,1.721,99.57
SENSOR-00008977,MCH-005-01-02,2026-01-27 00:00:00,70.87,2.146,104.02
SENSOR-00008978,MCH-005-01-02,2026-01-27 04:00:00,68.99,2.116,100.4
SENSOR-00008979,MCH-005-01-02,2026-01-27 08:00:00,79.1,1.942,97.87
SENSOR-00008980,MCH-005-01-02,2026-01-27 12:00:00,75.38,2.427,100.63
SENSOR-00008981,MCH-005-01-02,2026-01-27 16:00:00,72.54,2.273,95.48
SENSOR-00008982,MCH-005-01-02,2026-01-27 20:00:00,73.41,2.611,96.04
SENSOR-00008983,MCH-005-01-02,2026-01-28 00:00:00,72.22,2.355,95.3
SENSOR-00008984,MCH-005-01-02,2026-01-28 04:00:00,74.83,2.295,99.23
SENSOR-00008985,MCH-005-01-02,2026-01-28 08:00:00,68.08,2.295,102.17
SENSOR-00008986,MCH-005-01-02,2026-01-28 12:00:00,70.88,2.113,102.38
SENSOR-00008987,MCH-005-01-02,2026-01-28 16:00:00,79.85,2.476,100.69
SENSOR-00008988,MCH-005-01-02,2026-01-28 20:00:00,72.04,2.234,96.02
SENSOR-00008989,MCH-005-01-02,2026-01-29 00:00:00,79.14,1.982,97.6
SENSOR-00008990,MCH-005-01-02,2026-01-29 04:00:00,74.17,2.13,100.27
SENSOR-00008991,MCH-005-01-02,2026-01-29 08:00:00,76.46,1.854,102.26
SENSOR-00008992,MCH-005-01-02,2026-01-29 12:00:00,70.68,2.169,105.77
SENSOR-00008993,MCH-005-01-02,2026-01-29 16:00:00,67.4,2.388,103.38
SENSOR-00008994,MCH-005-01-02,2026-01-29 20:00:00,70.27,2.074,98.89
SENSOR-00008995,MCH-005-01-02,2026-01-30 00:00:00,70.63,1.585,101.76
SENSOR-00008996,MCH-005-01-02,2026-01-30 04:00:00,76.19,2.301,102.73
SENSOR-00008997,MCH-005-01-02,2026-01-30 08:00:00,70.82,2.37,104.42
SENSOR-00008998,MCH-005-01-02,2026-01-30 12:00:00,75.67,2.576,104.05
SENSOR-00008999,MCH-005-01-02,2026-01-30 16:00:00,68.12,2.42,98.1
SENSOR-00009000,MCH-005-01-02,2026-01-30 20:00:00,68.58,2.169,105.26
SENSOR-00009001,MCH-005-01-03,2026-01-01 00:00:00,74.65,2.593,98.2
SENSOR-00009002,MCH-005-01-03,2026-01-01 04:00:00,79.94,2.47,96.36
SENSOR-00009003,MCH-005-01-03,2026-01-01 08:00:00,78.0,2.9,101.53
SENSOR-00009004,MCH-005-01-03,2026-01-01 12:00:00,81.81,2.853,100.13
SENSOR-00009005,MCH-005-01-03,2026-01-01 16:00:00,75.4,2.405,95.24
SENSOR-00009006,MCH-005-01-03,2026-01-01 20:00:00,82.54,2.54,94.89
SENSOR-00009007,MCH-005-01-03,2026-01-02 00:00:00,83.04,2.859,101.69
SENSOR-00009008,MCH-005-01-03,2026-01-02 04:00:00,73.35,2.31,103.6
SENSOR-00009009,MCH-005-01-03,2026-01-02 08:00:00,69.03,2.6,100.44
SENSOR-00009010,MCH-005-01-03,2026-01-02 12:00:00,75.83,2.614,101.26
SENSOR-00009011,MCH-005-01-03,2026-01-02 16:00:00,75.44,2.843,101.75
SENSOR-00009012,MCH-005-01-03,2026-01-02 20:00:00,77.07,2.416,99.73
SENSOR-00009013,MCH-005-01-03,2026-01-03 00:00:00,83.03,2.54,99.84
SENSOR-00009014,MCH-005-01-03,2026-01-03 04:00:00,76.47,3.129,96.64
SENSOR-00009015,MCH-005-01-03,2026-01-03 08:00:00,75.75,2.378,101.72
SENSOR-00009016,MCH-005-01-03,2026-01-03 12:00:00,73.22,3.078,100.24
SENSOR-00009017,MCH-005-01-03,2026-01-03 16:00:00,79.44,2.739,99.94
SENSOR-00009018,MCH-005-01-03,2026-01-03 20:00:00,78.27,2.644,101.56
SENSOR-00009019,MCH-005-01-03,2026-01-04 00:00:00,75.51,2.332,101.29
SENSOR-00009020,MCH-005-01-03,2026-01-04 04:00:00,77.98,2.532,97.71
SENSOR-00009021,MCH-005-01-03,2026-01-04 08:00:00,83.89,2.447,97.9
SENSOR-00009022,MCH-005-01-03,2026-01-04 12:00:00,76.81,2.597,101.45
SENSOR-00009023,MCH-005-01-03,2026-01-04 16:00:00,81.51,2.837,107.29
SENSOR-00009024,MCH-005-01-03,2026-01-04 20:00:00,71.01,2.681,98.44
SENSOR-00009025,MCH-005-01-03,2026-01-05 00:00:00,76.7,2.455,101.03
SENSOR-00009026,MCH-005-01-03,2026-01-05 04:00:00,78.4,2.885,100.08
SENSOR-00009027,MCH-005-01-03,2026-01-05 08:00:00,80.2,2.321,104.18
SENSOR-00009028,MCH-005-01-03,2026-01-05 12:00:00,74.68,2.849,100.79
SENSOR-00009029,MCH-005-01-03,2026-01-05 16:00:00,78.33,2.813,93.58
SENSOR-00009030,MCH-005-01-03,2026-01-05 20:00:00,75.49,2.809,105.77
SENSOR-00009031,MCH-005-01-03,2026-01-06 00:00:00,80.67,2.486,99.11
SENSOR-00009032,MCH-005-01-03,2026-01-06 04:00:00,75.67,2.545,102.72
SENSOR-00009033,MCH-005-01-03,2026-01-06 08:00:00,70.64,2.899,100.53
SENSOR-00009034,MCH-005-01-03,2026-01-06 12:00:00,76.23,2.628,97.27
SENSOR-00009035,MCH-005-01-03,2026-01-06 16:00:00,71.26,2.403,94.31
SENSOR-00009036,MCH-005-01-03,2026-01-06 20:00:00,72.38,2.217,103.67
SENSOR-00009037,MCH-005-01-03,2026-01-07 00:00:00,79.44,2.79,106.8
SENSOR-00009038,MCH-005-01-03,2026-01-07 04:00:00,78.9,2.91,101.43
SENSOR-00009039,MCH-005-01-03,2026-01-07 08:00:00,79.64,2.382,96.61
SENSOR-00009040,MCH-005-01-03,2026-01-07 12:00:00,75.74,2.843,102.5
SENSOR-00009041,MCH-005-01-03,2026-01-07 16:00:00,83.12,2.62,101.61
SENSOR-00009042,MCH-005-01-03,2026-01-07 20:00:00,79.95,2.596,99.04
SENSOR-00009043,MCH-005-01-03,2026-01-08 00:00:00,73.23,2.517,104.42
SENSOR-00009044,MCH-005-01-03,2026-01-08 04:00:00,76.73,2.506,99.99
SENSOR-00009045,MCH-005-01-03,2026-01-08 08:00:00,76.23,2.921,105.66
SENSOR-00009046,MCH-005-01-03,2026-01-08 12:00:00,77.81,2.758,102.92
SENSOR-00009047,MCH-005-01-03,2026-01-08 16:00:00,78.22,2.403,98.77
SENSOR-00009048,MCH-005-01-03,2026-01-08 20:00:00,79.43,2.721,94.62
SENSOR-00009049,MCH-005-01-03,2026-01-09 00:00:00,82.73,2.17,101.78
SENSOR-00009050,MCH-005-01-03,2026-01-09 04:00:00,76.31,2.309,99.04
SENSOR-00009051,MCH-005-01-03,2026-01-09 08:00:00,80.71,2.987,95.96
SENSOR-00009052,MCH-005-01-03,2026-01-09 12:00:00,80.26,3.114,105.49
SENSOR-00009053,MCH-005-01-03,2026-01-09 16:00:00,63.97,3.168,102.88
SENSOR-00009054,MCH-005-01-03,2026-01-09 20:00:00,68.56,2.431,103.77
SENSOR-00009055,MCH-005-01-03,2026-01-10 00:00:00,75.24,2.401,98.19
SENSOR-00009056,MCH-005-01-03,2026-01-10 04:00:00,70.88,2.682,102.6
SENSOR-00009057,MCH-005-01-03,2026-01-10 08:00:00,74.54,2.46,99.44
SENSOR-00009058,MCH-005-01-03,2026-01-10 12:00:00,74.14,2.869,97.33
SENSOR-00009059,MCH-005-01-03,2026-01-10 16:00:00,75.68,2.432,103.02
SENSOR-00009060,MCH-005-01-03,2026-01-10 20:00:00,76.86,3.121,101.06
SENSOR-00009061,MCH-005-01-03,2026-01-11 00:00:00,74.98,2.717,100.14
SENSOR-00009062,MCH-005-01-03,2026-01-11 04:00:00,83.43,2.731,99.53
SENSOR-00009063,MCH-005-01-03,2026-01-11 08:00:00,80.56,2.614,100.55
SENSOR-00009064,MCH-005-01-03,2026-01-11 12:00:00,82.69,2.331,97.41
SENSOR-00009065,MCH-005-01-03,2026-01-11 16:00:00,76.11,2.555,103.47
SENSOR-00009066,MCH-005-01-03,2026-01-11 20:00:00,72.13,2.616,98.35
SENSOR-00009067,MCH-005-01-03,2026-01-12 00:00:00,79.99,2.689,103.65
SENSOR-00009068,MCH-005-01-03,2026-01-12 04:00:00,81.77,2.65,98.74
SENSOR-00009069,MCH-005-01-03,2026-01-12 08:00:00,78.28,2.597,101.06
SENSOR-00009070,MCH-005-01-03,2026-01-12 12:00:00,81.87,2.74,100.55
SENSOR-00009071,MCH-005-01-03,2026-01-12 16:00:00,75.17,2.704,94.91
SENSOR-00009072,MCH-005-01-03,2026-01-12 20:00:00,74.6,2.774,102.66
SENSOR-00009073,MCH-005-01-03,2026-01-13 00:00:00,76.24,3.226,97.12
SENSOR-00009074,MCH-005-01-03,2026-01-13 04:00:00,77.14,2.532,96.24
SENSOR-00009075,MCH-005-01-03,2026-01-13 08:00:00,72.55,2.765,102.13
SENSOR-00009076,MCH-005-01-03,2026-01-13 12:00:00,75.55,2.975,93.25
SENSOR-00009077,MCH-005-01-03,2026-01-13 16:00:00,72.75,2.417,99.97
SENSOR-00009078,MCH-005-01-03,2026-01-13 20:00:00,75.98,2.573,101.46
SENSOR-00009079,MCH-005-01-03,2026-01-14 00:00:00,78.82,2.768,98.33
SENSOR-00009080,MCH-005-01-03,2026-01-14 04:00:00,81.25,2.689,103.49
SENSOR-00009081,MCH-005-01-03,2026-01-14 08:00:00,73.88,2.188,98.82
SENSOR-00009082,MCH-005-01-03,2026-01-14 12:00:00,77.88,2.173,98.17
SENSOR-00009083,MCH-005-01-03,2026-01-14 16:00:00,82.92,2.756,100.41
SENSOR-00009084,MCH-005-01-03,2026-01-14 20:00:00,73.56,2.935,98.75
SENSOR-00009085,MCH-005-01-03,2026-01-15 00:00:00,76.42,2.498,97.25
SENSOR-00009086,MCH-005-01-03,2026-01-15 04:00:00,76.7,2.539,105.49
SENSOR-00009087,MCH-005-01-03,2026-01-15 08:00:00,81.75,2.589,98.73
SENSOR-00009088,MCH-005-01-03,2026-01-15 12:00:00,80.25,3.108,102.39
SENSOR-00009089,MCH-005-01-03,2026-01-15 16:00:00,70.91,2.839,103.12
SENSOR-00009090,MCH-005-01-03,2026-01-15 20:00:00,86.58,2.561,100.42
SENSOR-00009091,MCH-005-01-03,2026-01-16 00:00:00,77.83,2.945,98.73
SENSOR-00009092,MCH-005-01-03,2026-01-16 04:00:00,76.45,2.607,101.35
SENSOR-00009093,MCH-005-01-03,2026-01-16 08:00:00,77.52,2.252,99.2
SENSOR-00009094,MCH-005-01-03,2026-01-16 12:00:00,77.66,2.652,98.65
SENSOR-00009095,MCH-005-01-03,2026-01-16 16:00:00,79.81,2.22,101.25
SENSOR-00009096,MCH-005-01-03,2026-01-16 20:00:00,84.96,2.471,100.17
SENSOR-00009097,MCH-005-01-03,2026-01-17 00:00:00,75.73,2.72,101.31
SENSOR-00009098,MCH-005-01-03,2026-01-17 04:00:00,81.65,2.746,102.23
SENSOR-00009099,MCH-005-01-03,2026-01-17 08:00:00,81.86,2.54,106.45
SENSOR-00009100,MCH-005-01-03,2026-01-17 12:00:00,79.2,2.616,97.48
SENSOR-00009101,MCH-005-01-03,2026-01-17 16:00:00,76.96,2.723,100.29
SENSOR-00009102,MCH-005-01-03,2026-01-17 20:00:00,85.1,2.525,102.04
SENSOR-00009103,MCH-005-01-03,2026-01-18 00:00:00,80.44,2.727,103.41
SENSOR-00009104,MCH-005-01-03,2026-01-18 04:00:00,78.8,2.785,98.43
SENSOR-00009105,MCH-005-01-03,2026-01-18 08:00:00,80.85,2.494,96.63
SENSOR-00009106,MCH-005-01-03,2026-01-18 12:00:00,76.96,2.554,102.78
SENSOR-00009107,MCH-005-01-03,2026-01-18 16:00:00,71.97,2.896,98.13
SENSOR-00009108,MCH-005-01-03,2026-01-18 20:00:00,67.93,2.321,99.08
SENSOR-00009109,MCH-005-01-03,2026-01-19 00:00:00,85.9,2.783,99.11
SENSOR-00009110,MCH-005-01-03,2026-01-19 04:00:00,73.84,2.9,104.6
SENSOR-00009111,MCH-005-01-03,2026-01-19 08:00:00,73.19,2.359,100.84
SENSOR-00009112,MCH-005-01-03,2026-01-19 12:00:00,79.28,2.744,105.53
SENSOR-00009113,MCH-005-01-03,2026-01-19 16:00:00,73.9,2.633,102.16
SENSOR-00009114,MCH-005-01-03,2026-01-19 20:00:00,80.63,2.461,98.18
SENSOR-00009115,MCH-005-01-03,2026-01-20 00:00:00,78.56,2.636,100.49
SENSOR-00009116,MCH-005-01-03,2026-01-20 04:00:00,74.31,2.68,99.88
SENSOR-00009117,MCH-005-01-03,2026-01-20 08:00:00,82.98,2.782,95.65
SENSOR-00009118,MCH-005-01-03,2026-01-20 12:00:00,74.46,2.469,100.54
SENSOR-00009119,MCH-005-01-03,2026-01-20 16:00:00,77.11,2.58,108.45
SENSOR-00009120,MCH-005-01-03,2026-01-20 20:00:00,75.73,2.971,99.56
SENSOR-00009121,MCH-005-01-03,2026-01-21 00:00:00,76.05,2.463,101.23
SENSOR-00009122,MCH-005-01-03,2026-01-21 04:00:00,76.59,2.943,101.4
SENSOR-00009123,MCH-005-01-03,2026-01-21 08:00:00,74.67,2.337,98.28
SENSOR-00009124,MCH-005-01-03,2026-01-21 12:00:00,87.14,2.563,102.27
SENSOR-00009125,MCH-005-01-03,2026-01-21 16:00:00,72.56,2.352,99.43
SENSOR-00009126,MCH-005-01-03,2026-01-21 20:00:00,84.59,2.3,98.11
SENSOR-00009127,MCH-005-01-03,2026-01-22 00:00:00,78.69,2.318,100.75
SENSOR-00009128,MCH-005-01-03,2026-01-22 04:00:00,76.53,2.482,102.66
SENSOR-00009129,MCH-005-01-03,2026-01-22 08:00:00,73.95,2.982,102.49
SENSOR-00009130,MCH-005-01-03,2026-01-22 12:00:00,73.83,2.923,96.68
SENSOR-00009131,MCH-005-01-03,2026-01-22 16:00:00,82.96,2.706,95.26
SENSOR-00009132,MCH-005-01-03,2026-01-22 20:00:00,72.6,2.522,102.6
SENSOR-00009133,MCH-005-01-03,2026-01-23 00:00:00,73.46,2.34,106.79
SENSOR-00009134,MCH-005-01-03,2026-01-23 04:00:00,77.47,2.849,102.55
SENSOR-00009135,MCH-005-01-03,2026-01-23 08:00:00,78.36,2.39,101.56
SENSOR-00009136,MCH-005-01-03,2026-01-23 12:00:00,73.46,2.773,96.89
SENSOR-00009137,MCH-005-01-03,2026-01-23 16:00:00,76.04,2.513,104.2
SENSOR-00009138,MCH-005-01-03,2026-01-23 20:00:00,68.05,3.206,97.58
SENSOR-00009139,MCH-005-01-03,2026-01-24 00:00:00,82.96,3.062,103.01
SENSOR-00009140,MCH-005-01-03,2026-01-24 04:00:00,65.13,2.061,99.98
SENSOR-00009141,MCH-005-01-03,2026-01-24 08:00:00,77.12,2.628,103.76
SENSOR-00009142,MCH-005-01-03,2026-01-24 12:00:00,82.59,2.667,95.43
SENSOR-00009143,MCH-005-01-03,2026-01-24 16:00:00,72.87,2.64,101.25
SENSOR-00009144,MCH-005-01-03,2026-01-24 20:00:00,72.92,2.788,94.74
SENSOR-00009145,MCH-005-01-03,2026-01-25 00:00:00,83.25,2.809,102.75
SENSOR-00009146,MCH-005-01-03,2026-01-25 04:00:00,74.5,2.734,106.05
SENSOR-00009147,MCH-005-01-03,2026-01-25 08:00:00,78.36,2.612,98.69
SENSOR-00009148,MCH-005-01-03,2026-01-25 12:00:00,71.38,2.348,97.32
SENSOR-00009149,MCH-005-01-03,2026-01-25 16:00:00,71.21,2.237,92.66
SENSOR-00009150,MCH-005-01-03,2026-01-25 20:00:00,74.66,2.792,99.05
SENSOR-00009151,MCH-005-01-03,2026-01-26 00:00:00,77.44,2.387,93.0
SENSOR-00009152,MCH-005-01-03,2026-01-26 04:00:00,75.11,2.987,104.23
SENSOR-00009153,MCH-005-01-03,2026-01-26 08:00:00,81.55,2.499,97.63
SENSOR-00009154,MCH-005-01-03,2026-01-26 12:00:00,84.28,2.352,100.12
SENSOR-00009155,MCH-005-01-03,2026-01-26 16:00:00,84.54,2.654,99.12
SENSOR-00009156,MCH-005-01-03,2026-01-26 20:00:00,82.43,2.641,100.59
SENSOR-00009157,MCH-005-01-03,2026-01-27 00:00:00,78.23,2.593,99.71
SENSOR-00009158,MCH-005-01-03,2026-01-27 04:00:00,78.1,2.387,103.81
SENSOR-00009159,MCH-005-01-03,2026-01-27 08:00:00,77.42,2.522,101.19
SENSOR-00009160,MCH-005-01-03,2026-01-27 12:00:00,77.33,2.934,102.68
SENSOR-00009161,MCH-005-01-03,2026-01-27 16:00:00,78.16,2.858,100.71
SENSOR-00009162,MCH-005-01-03,2026-01-27 20:00:00,73.17,2.845,94.3
SENSOR-00009163,MCH-005-01-03,2026-01-28 00:00:00,76.83,2.686,101.0
SENSOR-00009164,MCH-005-01-03,2026-01-28 04:00:00,76.45,2.5,96.64
SENSOR-00009165,MCH-005-01-03,2026-01-28 08:00:00,74.64,3.078,99.2
SENSOR-00009166,MCH-005-01-03,2026-01-28 12:00:00,78.54,2.25,107.69
SENSOR-00009167,MCH-005-01-03,2026-01-28 16:00:00,74.34,2.329,99.82
SENSOR-00009168,MCH-005-01-03,2026-01-28 20:00:00,74.22,2.714,95.47
SENSOR-00009169,MCH-005-01-03,2026-01-29 00:00:00,81.98,2.662,100.37
SENSOR-00009170,MCH-005-01-03,2026-01-29 04:00:00,79.9,2.582,99.82
SENSOR-00009171,MCH-005-01-03,2026-01-29 08:00:00,79.61,2.825,101.49
SENSOR-00009172,MCH-005-01-03,2026-01-29 12:00:00,83.63,2.629,95.96
SENSOR-00009173,MCH-005-01-03,2026-01-29 16:00:00,82.14,2.562,97.69
SENSOR-00009174,MCH-005-01-03,2026-01-29 20:00:00,80.64,2.716,96.16
SENSOR-00009175,MCH-005-01-03,2026-01-30 00:00:00,82.73,2.455,99.7
SENSOR-00009176,MCH-005-01-03,2026-01-30 04:00:00,77.79,2.867,101.78
SENSOR-00009177,MCH-005-01-03,2026-01-30 08:00:00,78.87,2.852,95.91
SENSOR-00009178,MCH-005-01-03,2026-01-30 12:00:00,79.47,2.678,99.85
SENSOR-00009179,MCH-005-01-03,2026-01-30 16:00:00,76.79,2.656,98.29
SENSOR-00009180,MCH-005-01-03,2026-01-30 20:00:00,88.7,2.963,103.28
SENSOR-00009181,MCH-005-01-04,2026-01-01 00:00:00,66.79,2.204,98.22
SENSOR-00009182,MCH-005-01-04,2026-01-01 04:00:00,69.31,1.735,100.05
SENSOR-00009183,MCH-005-01-04,2026-01-01 08:00:00,74.33,1.901,101.94
SENSOR-00009184,MCH-005-01-04,2026-01-01 12:00:00,70.05,2.29,98.61
SENSOR-00009185,MCH-005-01-04,2026-01-01 16:00:00,76.47,2.191,100.73
SENSOR-00009186,MCH-005-01-04,2026-01-01 20:00:00,71.37,1.904,98.41
SENSOR-00009187,MCH-005-01-04,2026-01-02 00:00:00,71.34,2.369,99.78
SENSOR-00009188,MCH-005-01-04,2026-01-02 04:00:00,70.36,2.019,100.76
SENSOR-00009189,MCH-005-01-04,2026-01-02 08:00:00,74.24,2.5,101.49
SENSOR-00009190,MCH-005-01-04,2026-01-02 12:00:00,72.51,1.96,99.68
SENSOR-00009191,MCH-005-01-04,2026-01-02 16:00:00,69.77,1.929,100.38
SENSOR-00009192,MCH-005-01-04,2026-01-02 20:00:00,72.75,2.036,99.16
SENSOR-00009193,MCH-005-01-04,2026-01-03 00:00:00,72.75,2.179,105.92
SENSOR-00009194,MCH-005-01-04,2026-01-03 04:00:00,69.31,2.007,98.18
SENSOR-00009195,MCH-005-01-04,2026-01-03 08:00:00,72.23,2.019,102.96
SENSOR-00009196,MCH-005-01-04,2026-01-03 12:00:00,68.52,2.138,99.29
SENSOR-00009197,MCH-005-01-04,2026-01-03 16:00:00,62.88,2.177,94.76
SENSOR-00009198,MCH-005-01-04,2026-01-03 20:00:00,69.61,1.984,99.97
SENSOR-00009199,MCH-005-01-04,2026-01-04 00:00:00,72.89,1.622,96.37
SENSOR-00009200,MCH-005-01-04,2026-01-04 04:00:00,64.84,2.134,103.99
SENSOR-00009201,MCH-005-01-04,2026-01-04 08:00:00,66.48,2.126,92.09
SENSOR-00009202,MCH-005-01-04,2026-01-04 12:00:00,67.27,2.171,99.06
SENSOR-00009203,MCH-005-01-04,2026-01-04 16:00:00,74.23,1.462,97.8
SENSOR-00009204,MCH-005-01-04,2026-01-04 20:00:00,72.06,2.13,101.55
SENSOR-00009205,MCH-005-01-04,2026-01-05 00:00:00,77.42,2.704,99.28
SENSOR-00009206,MCH-005-01-04,2026-01-05 04:00:00,71.49,1.564,103.09
SENSOR-00009207,MCH-005-01-04,2026-01-05 08:00:00,61.3,1.685,100.36
SENSOR-00009208,MCH-005-01-04,2026-01-05 12:00:00,72.44,1.649,98.37
SENSOR-00009209,MCH-005-01-04,2026-01-05 16:00:00,63.61,1.941,97.6
SENSOR-00009210,MCH-005-01-04,2026-01-05 20:00:00,67.71,2.183,100.84
SENSOR-00009211,MCH-005-01-04,2026-01-06 00:00:00,72.77,2.238,96.17
SENSOR-00009212,MCH-005-01-04,2026-01-06 04:00:00,69.09,1.832,99.99
SENSOR-00009213,MCH-005-01-04,2026-01-06 08:00:00,73.19,2.159,101.26
SENSOR-00009214,MCH-005-01-04,2026-01-06 12:00:00,70.8,1.98,103.6
SENSOR-00009215,MCH-005-01-04,2026-01-06 16:00:00,64.07,1.854,101.23
SENSOR-00009216,MCH-005-01-04,2026-01-06 20:00:00,76.36,1.934,99.22
SENSOR-00009217,MCH-005-01-04,2026-01-07 00:00:00,71.51,2.095,101.88
SENSOR-00009218,MCH-005-01-04,2026-01-07 04:00:00,71.28,2.021,101.29
SENSOR-00009219,MCH-005-01-04,2026-01-07 08:00:00,73.59,2.469,96.69
SENSOR-00009220,MCH-005-01-04,2026-01-07 12:00:00,62.9,1.633,94.56
SENSOR-00009221,MCH-005-01-04,2026-01-07 16:00:00,65.45,1.689,98.75
SENSOR-00009222,MCH-005-01-04,2026-01-07 20:00:00,73.67,2.177,98.13
SENSOR-00009223,MCH-005-01-04,2026-01-08 00:00:00,70.85,1.608,98.09
SENSOR-00009224,MCH-005-01-04,2026-01-08 04:00:00,68.05,2.142,97.67
SENSOR-00009225,MCH-005-01-04,2026-01-08 08:00:00,70.45,1.869,96.7
SENSOR-00009226,MCH-005-01-04,2026-01-08 12:00:00,65.69,1.977,100.31
SENSOR-00009227,MCH-005-01-04,2026-01-08 16:00:00,69.48,1.812,99.59
SENSOR-00009228,MCH-005-01-04,2026-01-08 20:00:00,68.96,1.76,100.25
SENSOR-00009229,MCH-005-01-04,2026-01-09 00:00:00,66.68,2.306,104.82
SENSOR-00009230,MCH-005-01-04,2026-01-09 04:00:00,66.57,1.39,99.95
SENSOR-00009231,MCH-005-01-04,2026-01-09 08:00:00,66.64,1.843,99.29
SENSOR-00009232,MCH-005-01-04,2026-01-09 12:00:00,71.89,1.825,100.41
SENSOR-00009233,MCH-005-01-04,2026-01-09 16:00:00,69.75,1.444,101.63
SENSOR-00009234,MCH-005-01-04,2026-01-09 20:00:00,68.45,1.704,97.82
SENSOR-00009235,MCH-005-01-04,2026-01-10 00:00:00,66.25,1.934,97.24
SENSOR-00009236,MCH-005-01-04,2026-01-10 04:00:00,73.04,1.793,106.18
SENSOR-00009237,MCH-005-01-04,2026-01-10 08:00:00,68.24,2.22,98.53
SENSOR-00009238,MCH-005-01-04,2026-01-10 12:00:00,75.6,2.345,99.03
SENSOR-00009239,MCH-005-01-04,2026-01-10 16:00:00,71.35,2.339,100.91
SENSOR-00009240,MCH-005-01-04,2026-01-10 20:00:00,66.57,2.038,97.76
SENSOR-00009241,MCH-005-01-04,2026-01-11 00:00:00,66.72,2.215,102.69
SENSOR-00009242,MCH-005-01-04,2026-01-11 04:00:00,60.12,1.874,103.82
SENSOR-00009243,MCH-005-01-04,2026-01-11 08:00:00,71.8,2.122,101.69
SENSOR-00009244,MCH-005-01-04,2026-01-11 12:00:00,66.42,2.074,101.42
SENSOR-00009245,MCH-005-01-04,2026-01-11 16:00:00,70.68,1.922,99.86
SENSOR-00009246,MCH-005-01-04,2026-01-11 20:00:00,65.69,2.174,95.69
SENSOR-00009247,MCH-005-01-04,2026-01-12 00:00:00,64.72,1.913,100.33
SENSOR-00009248,MCH-005-01-04,2026-01-12 04:00:00,65.6,1.831,102.38
SENSOR-00009249,MCH-005-01-04,2026-01-12 08:00:00,74.69,2.089,99.14
SENSOR-00009250,MCH-005-01-04,2026-01-12 12:00:00,67.77,2.155,99.05
SENSOR-00009251,MCH-005-01-04,2026-01-12 16:00:00,73.93,2.263,101.23
SENSOR-00009252,MCH-005-01-04,2026-01-12 20:00:00,68.26,1.915,95.07
SENSOR-00009253,MCH-005-01-04,2026-01-13 00:00:00,73.57,2.042,98.61
SENSOR-00009254,MCH-005-01-04,2026-01-13 04:00:00,68.9,2.379,102.63
SENSOR-00009255,MCH-005-01-04,2026-01-13 08:00:00,69.76,1.508,100.91
SENSOR-00009256,MCH-005-01-04,2026-01-13 12:00:00,65.27,2.155,97.86
SENSOR-00009257,MCH-005-01-04,2026-01-13 16:00:00,67.81,1.861,103.06
SENSOR-00009258,MCH-005-01-04,2026-01-13 20:00:00,63.19,2.205,101.03
SENSOR-00009259,MCH-005-01-04,2026-01-14 00:00:00,69.37,1.638,94.73
SENSOR-00009260,MCH-005-01-04,2026-01-14 04:00:00,71.61,1.703,103.05
SENSOR-00009261,MCH-005-01-04,2026-01-14 08:00:00,66.19,2.158,98.27
SENSOR-00009262,MCH-005-01-04,2026-01-14 12:00:00,67.76,1.792,101.31
SENSOR-00009263,MCH-005-01-04,2026-01-14 16:00:00,73.11,1.941,101.77
SENSOR-00009264,MCH-005-01-04,2026-01-14 20:00:00,70.3,1.687,101.14
SENSOR-00009265,MCH-005-01-04,2026-01-15 00:00:00,69.79,1.914,100.13
SENSOR-00009266,MCH-005-01-04,2026-01-15 04:00:00,75.07,1.483,103.9
SENSOR-00009267,MCH-005-01-04,2026-01-15 08:00:00,67.79,1.825,98.79
SENSOR-00009268,MCH-005-01-04,2026-01-15 12:00:00,66.71,1.76,102.54
SENSOR-00009269,MCH-005-01-04,2026-01-15 16:00:00,70.89,1.541,102.02
SENSOR-00009270,MCH-005-01-04,2026-01-15 20:00:00,72.37,1.649,100.54
SENSOR-00009271,MCH-005-01-04,2026-01-16 00:00:00,67.79,1.84,102.62
SENSOR-00009272,MCH-005-01-04,2026-01-16 04:00:00,67.36,2.285,100.64
SENSOR-00009273,MCH-005-01-04,2026-01-16 08:00:00,64.71,2.027,100.14
SENSOR-00009274,MCH-005-01-04,2026-01-16 12:00:00,64.58,2.022,101.63
SENSOR-00009275,MCH-005-01-04,2026-01-16 16:00:00,74.77,2.291,107.17
SENSOR-00009276,MCH-005-01-04,2026-01-16 20:00:00,70.25,2.159,98.18
SENSOR-00009277,MCH-005-01-04,2026-01-17 00:00:00,69.71,2.087,101.08
SENSOR-00009278,MCH-005-01-04,2026-01-17 04:00:00,76.23,2.163,97.69
SENSOR-00009279,MCH-005-01-04,2026-01-17 08:00:00,73.23,1.583,98.84
SENSOR-00009280,MCH-005-01-04,2026-01-17 12:00:00,69.09,2.185,105.31
SENSOR-00009281,MCH-005-01-04,2026-01-17 16:00:00,71.12,1.93,97.91
SENSOR-00009282,MCH-005-01-04,2026-01-17 20:00:00,73.59,1.972,98.49
SENSOR-00009283,MCH-005-01-04,2026-01-18 00:00:00,72.85,2.635,98.07
SENSOR-00009284,MCH-005-01-04,2026-01-18 04:00:00,75.57,2.144,98.33
SENSOR-00009285,MCH-005-01-04,2026-01-18 08:00:00,69.67,1.88,100.78
SENSOR-00009286,MCH-005-01-04,2026-01-18 12:00:00,74.2,1.928,102.55
SENSOR-00009287,MCH-005-01-04,2026-01-18 16:00:00,75.34,2.394,96.48
SENSOR-00009288,MCH-005-01-04,2026-01-18 20:00:00,70.06,2.198,96.74
SENSOR-00009289,MCH-005-01-04,2026-01-19 00:00:00,72.33,1.598,104.4
SENSOR-00009290,MCH-005-01-04,2026-01-19 04:00:00,72.76,2.059,103.17
SENSOR-00009291,MCH-005-01-04,2026-01-19 08:00:00,70.06,2.241,94.37
SENSOR-00009292,MCH-005-01-04,2026-01-19 12:00:00,73.52,2.066,100.6
SENSOR-00009293,MCH-005-01-04,2026-01-19 16:00:00,66.88,1.966,99.26
SENSOR-00009294,MCH-005-01-04,2026-01-19 20:00:00,65.7,2.11,104.72
SENSOR-00009295,MCH-005-01-04,2026-01-20 00:00:00,74.61,2.04,101.78
SENSOR-00009296,MCH-005-01-04,2026-01-20 04:00:00,75.11,1.54,101.89
SENSOR-00009297,MCH-005-01-04,2026-01-20 08:00:00,69.6,2.275,97.6
SENSOR-00009298,MCH-005-01-04,2026-01-20 12:00:00,73.99,1.756,101.21
SENSOR-00009299,MCH-005-01-04,2026-01-20 16:00:00,71.39,1.981,96.9
SENSOR-00009300,MCH-005-01-04,2026-01-20 20:00:00,68.78,2.251,104.46
SENSOR-00009301,MCH-005-01-04,2026-01-21 00:00:00,69.61,2.117,97.75
SENSOR-00009302,MCH-005-01-04,2026-01-21 04:00:00,67.75,2.004,98.64
SENSOR-00009303,MCH-005-01-04,2026-01-21 08:00:00,72.64,2.189,100.79
SENSOR-00009304,MCH-005-01-04,2026-01-21 12:00:00,72.21,2.05,88.62
SENSOR-00009305,MCH-005-01-04,2026-01-21 16:00:00,66.75,2.197,97.48
SENSOR-00009306,MCH-005-01-04,2026-01-21 20:00:00,73.67,2.248,99.2
SENSOR-00009307,MCH-005-01-04,2026-01-22 00:00:00,68.27,1.645,98.84
SENSOR-00009308,MCH-005-01-04,2026-01-22 04:00:00,68.3,2.134,99.25
SENSOR-00009309,MCH-005-01-04,2026-01-22 08:00:00,63.49,2.107,107.26
SENSOR-00009310,MCH-005-01-04,2026-01-22 12:00:00,74.55,2.19,99.41
SENSOR-00009311,MCH-005-01-04,2026-01-22 16:00:00,68.29,1.88,100.72
SENSOR-00009312,MCH-005-01-04,2026-01-22 20:00:00,65.71,2.075,98.01
SENSOR-00009313,MCH-005-01-04,2026-01-23 00:00:00,68.67,2.066,100.11
SENSOR-00009314,MCH-005-01-04,2026-01-23 04:00:00,67.67,2.163,104.59
SENSOR-00009315,MCH-005-01-04,2026-01-23 08:00:00,71.79,2.046,97.47
SENSOR-00009316,MCH-005-01-04,2026-01-23 12:00:00,74.01,1.892,101.68
SENSOR-00009317,MCH-005-01-04,2026-01-23 16:00:00,73.3,2.267,103.02
SENSOR-00009318,MCH-005-01-04,2026-01-23 20:00:00,74.13,1.706,97.42
SENSOR-00009319,MCH-005-01-04,2026-01-24 00:00:00,69.16,2.132,97.66
SENSOR-00009320,MCH-005-01-04,2026-01-24 04:00:00,63.6,1.838,97.85
SENSOR-00009321,MCH-005-01-04,2026-01-24 08:00:00,67.35,1.62,100.41
SENSOR-00009322,MCH-005-01-04,2026-01-24 12:00:00,68.91,1.635,100.32
SENSOR-00009323,MCH-005-01-04,2026-01-24 16:00:00,73.3,2.32,92.74
SENSOR-00009324,MCH-005-01-04,2026-01-24 20:00:00,67.33,1.678,98.04
SENSOR-00009325,MCH-005-01-04,2026-01-25 00:00:00,63.37,2.296,94.59
SENSOR-00009326,MCH-005-01-04,2026-01-25 04:00:00,68.41,2.001,97.75
SENSOR-00009327,MCH-005-01-04,2026-01-25 08:00:00,63.32,1.978,97.71
SENSOR-00009328,MCH-005-01-04,2026-01-25 12:00:00,73.49,2.149,105.83
SENSOR-00009329,MCH-005-01-04,2026-01-25 16:00:00,70.69,2.168,98.92
SENSOR-00009330,MCH-005-01-04,2026-01-25 20:00:00,77.1,2.023,99.69
SENSOR-00009331,MCH-005-01-04,2026-01-26 00:00:00,70.26,1.292,102.22
SENSOR-00009332,MCH-005-01-04,2026-01-26 04:00:00,67.12,1.831,99.63
SENSOR-00009333,MCH-005-01-04,2026-01-26 08:00:00,72.73,2.618,95.34
SENSOR-00009334,MCH-005-01-04,2026-01-26 12:00:00,66.85,2.077,97.82
SENSOR-00009335,MCH-005-01-04,2026-01-26 16:00:00,73.6,1.978,102.66
SENSOR-00009336,MCH-005-01-04,2026-01-26 20:00:00,69.26,2.156,97.13
SENSOR-00009337,MCH-005-01-04,2026-01-27 00:00:00,67.46,2.117,101.87
SENSOR-00009338,MCH-005-01-04,2026-01-27 04:00:00,69.27,2.248,99.57
SENSOR-00009339,MCH-005-01-04,2026-01-27 08:00:00,71.61,1.952,94.4
SENSOR-00009340,MCH-005-01-04,2026-01-27 12:00:00,69.76,1.802,104.18
SENSOR-00009341,MCH-005-01-04,2026-01-27 16:00:00,64.8,2.326,99.46
SENSOR-00009342,MCH-005-01-04,2026-01-27 20:00:00,71.88,1.675,99.07
SENSOR-00009343,MCH-005-01-04,2026-01-28 00:00:00,68.39,1.805,101.42
SENSOR-00009344,MCH-005-01-04,2026-01-28 04:00:00,70.51,2.066,95.96
SENSOR-00009345,MCH-005-01-04,2026-01-28 08:00:00,70.38,2.306,102.45
SENSOR-00009346,MCH-005-01-04,2026-01-28 12:00:00,68.6,1.993,95.59
SENSOR-00009347,MCH-005-01-04,2026-01-28 16:00:00,67.59,1.935,101.9
SENSOR-00009348,MCH-005-01-04,2026-01-28 20:00:00,67.43,1.761,102.27
SENSOR-00009349,MCH-005-01-04,2026-01-29 00:00:00,71.09,2.05,98.18
SENSOR-00009350,MCH-005-01-04,2026-01-29 04:00:00,68.07,1.977,97.12
SENSOR-00009351,MCH-005-01-04,2026-01-29 08:00:00,65.94,1.998,102.97
SENSOR-00009352,MCH-005-01-04,2026-01-29 12:00:00,61.96,1.922,100.82
SENSOR-00009353,MCH-005-01-04,2026-01-29 16:00:00,74.54,2.47,99.23
SENSOR-00009354,MCH-005-01-04,2026-01-29 20:00:00,78.14,2.134,102.44
SENSOR-00009355,MCH-005-01-04,2026-01-30 00:00:00,68.1,1.844,96.49
SENSOR-00009356,MCH-005-01-04,2026-01-30 04:00:00,67.73,2.687,95.24
SENSOR-00009357,MCH-005-01-04,2026-01-30 08:00:00,64.91,2.007,105.92
SENSOR-00009358,MCH-005-01-04,2026-01-30 12:00:00,73.22,2.408,98.84
SENSOR-00009359,MCH-005-01-04,2026-01-30 16:00:00,64.69,1.908,99.63
SENSOR-00009360,MCH-005-01-04,2026-01-30 20:00:00,70.3,1.967,101.77
SENSOR-00009361,MCH-005-02-01,2026-01-01 00:00:00,69.97,2.39,99.38
SENSOR-00009362,MCH-005-02-01,2026-01-01 04:00:00,68.65,2.252,104.7
SENSOR-00009363,MCH-005-02-01,2026-01-01 08:00:00,72.27,2.184,99.84
SENSOR-00009364,MCH-005-02-01,2026-01-01 12:00:00,78.45,2.308,100.38
SENSOR-00009365,MCH-005-02-01,2026-01-01 16:00:00,65.66,2.527,100.66
SENSOR-00009366,MCH-005-02-01,2026-01-01 20:00:00,78.34,1.917,99.09
SENSOR-00009367,MCH-005-02-01,2026-01-02 00:00:00,75.81,2.619,99.63
SENSOR-00009368,MCH-005-02-01,2026-01-02 04:00:00,78.68,2.37,100.36
SENSOR-00009369,MCH-005-02-01,2026-01-02 08:00:00,75.13,2.548,101.63
SENSOR-00009370,MCH-005-02-01,2026-01-02 12:00:00,70.35,2.438,101.62
SENSOR-00009371,MCH-005-02-01,2026-01-02 16:00:00,80.65,2.132,101.62
SENSOR-00009372,MCH-005-02-01,2026-01-02 20:00:00,73.41,2.432,96.78
SENSOR-00009373,MCH-005-02-01,2026-01-03 00:00:00,76.72,2.562,99.68
SENSOR-00009374,MCH-005-02-01,2026-01-03 04:00:00,73.84,2.526,102.85
SENSOR-00009375,MCH-005-02-01,2026-01-03 08:00:00,80.32,2.061,99.4
SENSOR-00009376,MCH-005-02-01,2026-01-03 12:00:00,66.03,2.042,97.89
SENSOR-00009377,MCH-005-02-01,2026-01-03 16:00:00,78.26,2.264,99.13
SENSOR-00009378,MCH-005-02-01,2026-01-03 20:00:00,76.0,2.217,94.02
SENSOR-00009379,MCH-005-02-01,2026-01-04 00:00:00,70.19,2.115,100.3
SENSOR-00009380,MCH-005-02-01,2026-01-04 04:00:00,82.35,2.437,99.75
SENSOR-00009381,MCH-005-02-01,2026-01-04 08:00:00,78.65,2.177,103.13
SENSOR-00009382,MCH-005-02-01,2026-01-04 12:00:00,78.67,2.399,106.28
SENSOR-00009383,MCH-005-02-01,2026-01-04 16:00:00,79.26,2.395,99.57
SENSOR-00009384,MCH-005-02-01,2026-01-04 20:00:00,73.07,2.351,99.69
SENSOR-00009385,MCH-005-02-01,2026-01-05 00:00:00,78.35,2.168,97.87
SENSOR-00009386,MCH-005-02-01,2026-01-05 04:00:00,68.88,2.64,101.82
SENSOR-00009387,MCH-005-02-01,2026-01-05 08:00:00,80.12,2.78,98.73
SENSOR-00009388,MCH-005-02-01,2026-01-05 12:00:00,71.96,1.935,96.71
SENSOR-00009389,MCH-005-02-01,2026-01-05 16:00:00,73.5,1.869,96.77
SENSOR-00009390,MCH-005-02-01,2026-01-05 20:00:00,74.47,2.608,97.85
SENSOR-00009391,MCH-005-02-01,2026-01-06 00:00:00,72.71,2.391,100.91
SENSOR-00009392,MCH-005-02-01,2026-01-06 04:00:00,77.96,2.78,98.69
SENSOR-00009393,MCH-005-02-01,2026-01-06 08:00:00,79.38,2.451,96.08
SENSOR-00009394,MCH-005-02-01,2026-01-06 12:00:00,74.2,2.413,97.49
SENSOR-00009395,MCH-005-02-01,2026-01-06 16:00:00,70.64,2.116,98.37
SENSOR-00009396,MCH-005-02-01,2026-01-06 20:00:00,71.34,2.692,92.65
SENSOR-00009397,MCH-005-02-01,2026-01-07 00:00:00,72.4,2.008,100.5
SENSOR-00009398,MCH-005-02-01,2026-01-07 04:00:00,72.18,2.252,100.67
SENSOR-00009399,MCH-005-02-01,2026-01-07 08:00:00,73.06,2.461,107.54
SENSOR-00009400,MCH-005-02-01,2026-01-07 12:00:00,77.55,2.72,101.53
SENSOR-00009401,MCH-005-02-01,2026-01-07 16:00:00,75.11,2.516,101.43
SENSOR-00009402,MCH-005-02-01,2026-01-07 20:00:00,78.25,2.399,96.08
SENSOR-00009403,MCH-005-02-01,2026-01-08 00:00:00,74.91,2.402,97.51
SENSOR-00009404,MCH-005-02-01,2026-01-08 04:00:00,70.97,1.973,97.8
SENSOR-00009405,MCH-005-02-01,2026-01-08 08:00:00,83.36,2.011,96.47
SENSOR-00009406,MCH-005-02-01,2026-01-08 12:00:00,71.58,2.194,100.81
SENSOR-00009407,MCH-005-02-01,2026-01-08 16:00:00,72.35,2.335,97.45
SENSOR-00009408,MCH-005-02-01,2026-01-08 20:00:00,72.9,2.369,99.6
SENSOR-00009409,MCH-005-02-01,2026-01-09 00:00:00,74.91,2.553,97.21
SENSOR-00009410,MCH-005-02-01,2026-01-09 04:00:00,77.24,2.525,99.6
SENSOR-00009411,MCH-005-02-01,2026-01-09 08:00:00,81.12,2.513,94.98
SENSOR-00009412,MCH-005-02-01,2026-01-09 12:00:00,78.76,2.22,102.39
SENSOR-00009413,MCH-005-02-01,2026-01-09 16:00:00,75.98,1.724,101.81
SENSOR-00009414,MCH-005-02-01,2026-01-09 20:00:00,73.92,2.269,98.73
SENSOR-00009415,MCH-005-02-01,2026-01-10 00:00:00,69.91,2.213,97.12
SENSOR-00009416,MCH-005-02-01,2026-01-10 04:00:00,70.3,2.835,94.84
SENSOR-00009417,MCH-005-02-01,2026-01-10 08:00:00,79.3,2.075,96.93
SENSOR-00009418,MCH-005-02-01,2026-01-10 12:00:00,70.65,2.107,102.77
SENSOR-00009419,MCH-005-02-01,2026-01-10 16:00:00,77.16,2.326,108.12
SENSOR-00009420,MCH-005-02-01,2026-01-10 20:00:00,74.73,2.399,97.94
SENSOR-00009421,MCH-005-02-01,2026-01-11 00:00:00,76.54,2.168,96.88
SENSOR-00009422,MCH-005-02-01,2026-01-11 04:00:00,76.96,2.602,98.15
SENSOR-00009423,MCH-005-02-01,2026-01-11 08:00:00,77.24,2.684,98.91
SENSOR-00009424,MCH-005-02-01,2026-01-11 12:00:00,69.05,2.056,97.97
SENSOR-00009425,MCH-005-02-01,2026-01-11 16:00:00,73.02,2.375,99.95
SENSOR-00009426,MCH-005-02-01,2026-01-11 20:00:00,73.71,2.554,97.72
SENSOR-00009427,MCH-005-02-01,2026-01-12 00:00:00,71.84,2.212,96.52
SENSOR-00009428,MCH-005-02-01,2026-01-12 04:00:00,86.28,1.896,97.06
SENSOR-00009429,MCH-005-02-01,2026-01-12 08:00:00,77.19,2.214,98.94
SENSOR-00009430,MCH-005-02-01,2026-01-12 12:00:00,76.38,2.642,99.18
SENSOR-00009431,MCH-005-02-01,2026-01-12 16:00:00,78.49,1.96,98.18
SENSOR-00009432,MCH-005-02-01,2026-01-12 20:00:00,76.78,2.877,97.1
SENSOR-00009433,MCH-005-02-01,2026-01-13 00:00:00,79.49,2.35,101.8
SENSOR-00009434,MCH-005-02-01,2026-01-13 04:00:00,75.92,2.283,102.5
SENSOR-00009435,MCH-005-02-01,2026-01-13 08:00:00,69.93,2.246,98.76
SENSOR-00009436,MCH-005-02-01,2026-01-13 12:00:00,76.33,2.542,97.55
SENSOR-00009437,MCH-005-02-01,2026-01-13 16:00:00,70.98,2.404,95.39
SENSOR-00009438,MCH-005-02-01,2026-01-13 20:00:00,78.83,2.328,96.49
SENSOR-00009439,MCH-005-02-01,2026-01-14 00:00:00,83.32,2.331,101.3
SENSOR-00009440,MCH-005-02-01,2026-01-14 04:00:00,76.37,1.954,96.55
SENSOR-00009441,MCH-005-02-01,2026-01-14 08:00:00,65.54,2.496,105.84
SENSOR-00009442,MCH-005-02-01,2026-01-14 12:00:00,79.07,2.395,99.71
SENSOR-00009443,MCH-005-02-01,2026-01-14 16:00:00,73.39,2.649,100.65
SENSOR-00009444,MCH-005-02-01,2026-01-14 20:00:00,75.05,2.108,101.8
SENSOR-00009445,MCH-005-02-01,2026-01-15 00:00:00,71.89,2.11,102.47
SENSOR-00009446,MCH-005-02-01,2026-01-15 04:00:00,76.31,2.461,94.22
SENSOR-00009447,MCH-005-02-01,2026-01-15 08:00:00,82.6,2.282,105.23
SENSOR-00009448,MCH-005-02-01,2026-01-15 12:00:00,77.8,2.326,106.13
SENSOR-00009449,MCH-005-02-01,2026-01-15 16:00:00,77.07,2.327,98.83
SENSOR-00009450,MCH-005-02-01,2026-01-15 20:00:00,78.93,2.25,98.86
SENSOR-00009451,MCH-005-02-01,2026-01-16 00:00:00,75.97,2.571,100.6
SENSOR-00009452,MCH-005-02-01,2026-01-16 04:00:00,71.26,2.41,96.77
SENSOR-00009453,MCH-005-02-01,2026-01-16 08:00:00,79.58,2.197,98.28
SENSOR-00009454,MCH-005-02-01,2026-01-16 12:00:00,78.05,2.21,99.34
SENSOR-00009455,MCH-005-02-01,2026-01-16 16:00:00,64.25,2.304,101.78
SENSOR-00009456,MCH-005-02-01,2026-01-16 20:00:00,72.3,2.524,99.95
SENSOR-00009457,MCH-005-02-01,2026-01-17 00:00:00,72.1,2.391,105.97
SENSOR-00009458,MCH-005-02-01,2026-01-17 04:00:00,60.81,2.372,103.52
SENSOR-00009459,MCH-005-02-01,2026-01-17 08:00:00,72.74,2.516,103.53
SENSOR-00009460,MCH-005-02-01,2026-01-17 12:00:00,73.7,2.221,102.81
SENSOR-00009461,MCH-005-02-01,2026-01-17 16:00:00,76.78,2.369,101.83
SENSOR-00009462,MCH-005-02-01,2026-01-17 20:00:00,78.64,2.371,100.92
SENSOR-00009463,MCH-005-02-01,2026-01-18 00:00:00,77.25,2.343,100.69
SENSOR-00009464,MCH-005-02-01,2026-01-18 04:00:00,75.87,2.89,100.25
SENSOR-00009465,MCH-005-02-01,2026-01-18 08:00:00,74.25,2.335,100.57
SENSOR-00009466,MCH-005-02-01,2026-01-18 12:00:00,70.26,2.288,96.96
SENSOR-00009467,MCH-005-02-01,2026-01-18 16:00:00,71.28,2.585,100.08
SENSOR-00009468,MCH-005-02-01,2026-01-18 20:00:00,71.83,2.347,99.26
SENSOR-00009469,MCH-005-02-01,2026-01-19 00:00:00,82.16,2.591,98.3
SENSOR-00009470,MCH-005-02-01,2026-01-19 04:00:00,75.64,2.368,98.17
SENSOR-00009471,MCH-005-02-01,2026-01-19 08:00:00,80.1,2.886,95.59
SENSOR-00009472,MCH-005-02-01,2026-01-19 12:00:00,80.56,2.236,99.21
SENSOR-00009473,MCH-005-02-01,2026-01-19 16:00:00,75.93,2.771,100.84
SENSOR-00009474,MCH-005-02-01,2026-01-19 20:00:00,76.45,2.597,103.03
SENSOR-00009475,MCH-005-02-01,2026-01-20 00:00:00,76.66,2.503,101.86
SENSOR-00009476,MCH-005-02-01,2026-01-20 04:00:00,77.03,2.28,98.75
SENSOR-00009477,MCH-005-02-01,2026-01-20 08:00:00,79.28,2.254,98.38
SENSOR-00009478,MCH-005-02-01,2026-01-20 12:00:00,78.52,2.38,98.48
SENSOR-00009479,MCH-005-02-01,2026-01-20 16:00:00,72.82,2.665,101.76
SENSOR-00009480,MCH-005-02-01,2026-01-20 20:00:00,75.75,2.093,100.72
SENSOR-00009481,MCH-005-02-01,2026-01-21 00:00:00,73.11,2.528,95.88
SENSOR-00009482,MCH-005-02-01,2026-01-21 04:00:00,77.0,1.859,102.78
SENSOR-00009483,MCH-005-02-01,2026-01-21 08:00:00,74.67,2.494,100.71
SENSOR-00009484,MCH-005-02-01,2026-01-21 12:00:00,67.98,2.726,101.0
SENSOR-00009485,MCH-005-02-01,2026-01-21 16:00:00,77.83,2.184,100.72
SENSOR-00009486,MCH-005-02-01,2026-01-21 20:00:00,69.56,2.421,97.18
SENSOR-00009487,MCH-005-02-01,2026-01-22 00:00:00,70.51,2.216,102.92
SENSOR-00009488,MCH-005-02-01,2026-01-22 04:00:00,73.93,2.197,98.11
SENSOR-00009489,MCH-005-02-01,2026-01-22 08:00:00,69.91,1.894,94.91
SENSOR-00009490,MCH-005-02-01,2026-01-22 12:00:00,74.98,2.552,107.56
SENSOR-00009491,MCH-005-02-01,2026-01-22 16:00:00,74.64,2.064,99.91
SENSOR-00009492,MCH-005-02-01,2026-01-22 20:00:00,77.61,2.642,102.8
SENSOR-00009493,MCH-005-02-01,2026-01-23 00:00:00,79.43,1.993,99.05
SENSOR-00009494,MCH-005-02-01,2026-01-23 04:00:00,75.87,2.068,101.47
SENSOR-00009495,MCH-005-02-01,2026-01-23 08:00:00,78.98,2.465,95.3
SENSOR-00009496,MCH-005-02-01,2026-01-23 12:00:00,70.65,2.353,99.25
SENSOR-00009497,MCH-005-02-01,2026-01-23 16:00:00,73.88,2.318,94.59
SENSOR-00009498,MCH-005-02-01,2026-01-23 20:00:00,78.02,2.541,101.57
SENSOR-00009499,MCH-005-02-01,2026-01-24 00:00:00,66.46,2.446,100.43
SENSOR-00009500,MCH-005-02-01,2026-01-24 04:00:00,72.63,2.149,101.69
SENSOR-00009501,MCH-005-02-01,2026-01-24 08:00:00,74.47,1.899,103.61
SENSOR-00009502,MCH-005-02-01,2026-01-24 12:00:00,71.04,2.055,104.08
SENSOR-00009503,MCH-005-02-01,2026-01-24 16:00:00,79.04,2.279,96.24
SENSOR-00009504,MCH-005-02-01,2026-01-24 20:00:00,71.16,2.275,103.65
SENSOR-00009505,MCH-005-02-01,2026-01-25 00:00:00,73.26,2.405,99.34
SENSOR-00009506,MCH-005-02-01,2026-01-25 04:00:00,79.75,2.507,99.82
SENSOR-00009507,MCH-005-02-01,2026-01-25 08:00:00,75.11,2.087,93.3
SENSOR-00009508,MCH-005-02-01,2026-01-25 12:00:00,72.68,2.336,101.59
SENSOR-00009509,MCH-005-02-01,2026-01-25 16:00:00,74.15,2.267,91.16
SENSOR-00009510,MCH-005-02-01,2026-01-25 20:00:00,76.91,2.437,102.44
SENSOR-00009511,MCH-005-02-01,2026-01-26 00:00:00,75.88,2.336,102.7
SENSOR-00009512,MCH-005-02-01,2026-01-26 04:00:00,68.1,2.227,104.78
SENSOR-00009513,MCH-005-02-01,2026-01-26 08:00:00,72.11,2.365,104.16
SENSOR-00009514,MCH-005-02-01,2026-01-26 12:00:00,74.3,2.176,103.6
SENSOR-00009515,MCH-005-02-01,2026-01-26 16:00:00,73.64,2.329,94.06
SENSOR-00009516,MCH-005-02-01,2026-01-26 20:00:00,74.29,2.555,98.71
SENSOR-00009517,MCH-005-02-01,2026-01-27 00:00:00,74.64,2.683,99.53
SENSOR-00009518,MCH-005-02-01,2026-01-27 04:00:00,74.06,2.85,96.79
SENSOR-00009519,MCH-005-02-01,2026-01-27 08:00:00,77.99,2.4,98.5
SENSOR-00009520,MCH-005-02-01,2026-01-27 12:00:00,72.21,2.724,101.4
SENSOR-00009521,MCH-005-02-01,2026-01-27 16:00:00,77.21,2.607,101.03
SENSOR-00009522,MCH-005-02-01,2026-01-27 20:00:00,70.56,1.991,104.62
SENSOR-00009523,MCH-005-02-01,2026-01-28 00:00:00,80.37,2.595,92.31
SENSOR-00009524,MCH-005-02-01,2026-01-28 04:00:00,86.0,2.282,103.68
SENSOR-00009525,MCH-005-02-01,2026-01-28 08:00:00,76.99,2.385,99.29
SENSOR-00009526,MCH-005-02-01,2026-01-28 12:00:00,70.35,2.062,99.5
SENSOR-00009527,MCH-005-02-01,2026-01-28 16:00:00,69.25,2.796,100.29
SENSOR-00009528,MCH-005-02-01,2026-01-28 20:00:00,83.17,2.275,98.23
SENSOR-00009529,MCH-005-02-01,2026-01-29 00:00:00,79.36,2.559,98.15
SENSOR-00009530,MCH-005-02-01,2026-01-29 04:00:00,72.84,2.361,103.33
SENSOR-00009531,MCH-005-02-01,2026-01-29 08:00:00,75.27,2.383,99.52
SENSOR-00009532,MCH-005-02-01,2026-01-29 12:00:00,73.39,2.093,102.39
SENSOR-00009533,MCH-005-02-01,2026-01-29 16:00:00,70.73,2.401,98.77
SENSOR-00009534,MCH-005-02-01,2026-01-29 20:00:00,77.87,2.299,96.98
SENSOR-00009535,MCH-005-02-01,2026-01-30 00:00:00,72.32,2.703,104.81
SENSOR-00009536,MCH-005-02-01,2026-01-30 04:00:00,75.83,2.187,99.88
SENSOR-00009537,MCH-005-02-01,2026-01-30 08:00:00,74.3,2.827,99.69
SENSOR-00009538,MCH-005-02-01,2026-01-30 12:00:00,80.33,2.412,100.14
SENSOR-00009539,MCH-005-02-01,2026-01-30 16:00:00,73.38,2.319,102.67
SENSOR-00009540,MCH-005-02-01,2026-01-30 20:00:00,71.88,2.624,104.32
SENSOR-00009541,MCH-005-02-02,2026-01-01 00:00:00,82.71,2.788,97.08
SENSOR-00009542,MCH-005-02-02,2026-01-01 04:00:00,80.7,3.165,95.73
SENSOR-00009543,MCH-005-02-02,2026-01-01 08:00:00,80.78,2.61,104.21
SENSOR-00009544,MCH-005-02-02,2026-01-01 12:00:00,83.87,3.153,96.73
SENSOR-00009545,MCH-005-02-02,2026-01-01 16:00:00,88.08,3.451,100.2
SENSOR-00009546,MCH-005-02-02,2026-01-01 20:00:00,81.52,3.213,102.2
SENSOR-00009547,MCH-005-02-02,2026-01-02 00:00:00,86.79,3.123,106.03
SENSOR-00009548,MCH-005-02-02,2026-01-02 04:00:00,81.34,2.578,100.83
SENSOR-00009549,MCH-005-02-02,2026-01-02 08:00:00,81.26,2.804,99.11
SENSOR-00009550,MCH-005-02-02,2026-01-02 12:00:00,80.31,2.904,104.57
SENSOR-00009551,MCH-005-02-02,2026-01-02 16:00:00,83.94,3.009,104.79
SENSOR-00009552,MCH-005-02-02,2026-01-02 20:00:00,82.26,2.768,96.02
SENSOR-00009553,MCH-005-02-02,2026-01-03 00:00:00,90.57,3.111,98.61
SENSOR-00009554,MCH-005-02-02,2026-01-03 04:00:00,82.81,3.008,101.65
SENSOR-00009555,MCH-005-02-02,2026-01-03 08:00:00,80.38,3.177,101.7
SENSOR-00009556,MCH-005-02-02,2026-01-03 12:00:00,84.82,2.804,99.55
SENSOR-00009557,MCH-005-02-02,2026-01-03 16:00:00,81.33,3.057,98.0
SENSOR-00009558,MCH-005-02-02,2026-01-03 20:00:00,88.41,3.122,95.15
SENSOR-00009559,MCH-005-02-02,2026-01-04 00:00:00,85.95,3.583,102.52
SENSOR-00009560,MCH-005-02-02,2026-01-04 04:00:00,81.91,3.018,100.15
SENSOR-00009561,MCH-005-02-02,2026-01-04 08:00:00,75.36,3.081,101.75
SENSOR-00009562,MCH-005-02-02,2026-01-04 12:00:00,90.53,3.348,105.79
SENSOR-00009563,MCH-005-02-02,2026-01-04 16:00:00,90.16,3.424,100.08
SENSOR-00009564,MCH-005-02-02,2026-01-04 20:00:00,84.82,2.658,100.39
SENSOR-00009565,MCH-005-02-02,2026-01-05 00:00:00,81.4,2.968,97.1
SENSOR-00009566,MCH-005-02-02,2026-01-05 04:00:00,90.5,3.086,101.38
SENSOR-00009567,MCH-005-02-02,2026-01-05 08:00:00,78.12,3.28,98.77
SENSOR-00009568,MCH-005-02-02,2026-01-05 12:00:00,88.48,2.904,104.0
SENSOR-00009569,MCH-005-02-02,2026-01-05 16:00:00,87.2,2.959,104.25
SENSOR-00009570,MCH-005-02-02,2026-01-05 20:00:00,88.03,3.198,97.02
SENSOR-00009571,MCH-005-02-02,2026-01-06 00:00:00,73.74,3.257,101.52
SENSOR-00009572,MCH-005-02-02,2026-01-06 04:00:00,82.23,3.332,99.22
SENSOR-00009573,MCH-005-02-02,2026-01-06 08:00:00,85.11,2.586,93.27
SENSOR-00009574,MCH-005-02-02,2026-01-06 12:00:00,82.5,3.181,102.85
SENSOR-00009575,MCH-005-02-02,2026-01-06 16:00:00,82.73,3.137,102.36
SENSOR-00009576,MCH-005-02-02,2026-01-06 20:00:00,82.93,3.222,96.61
SENSOR-00009577,MCH-005-02-02,2026-01-07 00:00:00,80.77,2.951,92.17
SENSOR-00009578,MCH-005-02-02,2026-01-07 04:00:00,86.8,3.046,97.16
SENSOR-00009579,MCH-005-02-02,2026-01-07 08:00:00,90.77,2.878,98.45
SENSOR-00009580,MCH-005-02-02,2026-01-07 12:00:00,79.59,3.351,104.3
SENSOR-00009581,MCH-005-02-02,2026-01-07 16:00:00,88.78,3.406,98.21
SENSOR-00009582,MCH-005-02-02,2026-01-07 20:00:00,90.13,3.026,95.37
SENSOR-00009583,MCH-005-02-02,2026-01-08 00:00:00,80.53,2.708,99.74
SENSOR-00009584,MCH-005-02-02,2026-01-08 04:00:00,81.29,3.046,93.79
SENSOR-00009585,MCH-005-02-02,2026-01-08 08:00:00,77.37,3.203,95.09
SENSOR-00009586,MCH-005-02-02,2026-01-08 12:00:00,82.68,2.867,97.32
SENSOR-00009587,MCH-005-02-02,2026-01-08 16:00:00,83.78,3.082,101.64
SENSOR-00009588,MCH-005-02-02,2026-01-08 20:00:00,79.03,2.854,103.37
SENSOR-00009589,MCH-005-02-02,2026-01-09 00:00:00,82.39,3.048,100.42
SENSOR-00009590,MCH-005-02-02,2026-01-09 04:00:00,78.67,3.293,98.43
SENSOR-00009591,MCH-005-02-02,2026-01-09 08:00:00,81.14,3.019,101.99
SENSOR-00009592,MCH-005-02-02,2026-01-09 12:00:00,83.3,2.94,99.03
SENSOR-00009593,MCH-005-02-02,2026-01-09 16:00:00,88.32,3.339,101.1
SENSOR-00009594,MCH-005-02-02,2026-01-09 20:00:00,84.03,3.654,101.39
SENSOR-00009595,MCH-005-02-02,2026-01-10 00:00:00,87.0,3.397,105.82
SENSOR-00009596,MCH-005-02-02,2026-01-10 04:00:00,83.85,3.02,102.34
SENSOR-00009597,MCH-005-02-02,2026-01-10 08:00:00,80.02,2.834,98.9
SENSOR-00009598,MCH-005-02-02,2026-01-10 12:00:00,83.3,2.558,103.2
SENSOR-00009599,MCH-005-02-02,2026-01-10 16:00:00,84.4,3.275,95.29
SENSOR-00009600,MCH-005-02-02,2026-01-10 20:00:00,80.78,2.896,99.39
SENSOR-00009601,MCH-005-02-02,2026-01-11 00:00:00,83.8,3.248,96.58
SENSOR-00009602,MCH-005-02-02,2026-01-11 04:00:00,85.94,3.096,94.68
SENSOR-00009603,MCH-005-02-02,2026-01-11 08:00:00,85.94,3.009,96.62
SENSOR-00009604,MCH-005-02-02,2026-01-11 12:00:00,87.27,3.31,96.56
SENSOR-00009605,MCH-005-02-02,2026-01-11 16:00:00,84.61,3.126,99.8
SENSOR-00009606,MCH-005-02-02,2026-01-11 20:00:00,81.38,3.038,102.82
SENSOR-00009607,MCH-005-02-02,2026-01-12 00:00:00,88.01,2.656,101.0
SENSOR-00009608,MCH-005-02-02,2026-01-12 04:00:00,84.76,2.759,101.6
SENSOR-00009609,MCH-005-02-02,2026-01-12 08:00:00,84.93,3.064,92.75
SENSOR-00009610,MCH-005-02-02,2026-01-12 12:00:00,87.29,3.132,101.21
SENSOR-00009611,MCH-005-02-02,2026-01-12 16:00:00,69.88,2.942,95.7
SENSOR-00009612,MCH-005-02-02,2026-01-12 20:00:00,88.61,2.799,104.44
SENSOR-00009613,MCH-005-02-02,2026-01-13 00:00:00,82.15,2.855,105.6
SENSOR-00009614,MCH-005-02-02,2026-01-13 04:00:00,86.54,2.931,97.0
SENSOR-00009615,MCH-005-02-02,2026-01-13 08:00:00,84.79,3.372,100.87
SENSOR-00009616,MCH-005-02-02,2026-01-13 12:00:00,79.64,2.716,98.87
SENSOR-00009617,MCH-005-02-02,2026-01-13 16:00:00,84.7,2.958,103.02
SENSOR-00009618,MCH-005-02-02,2026-01-13 20:00:00,85.55,3.134,101.52
SENSOR-00009619,MCH-005-02-02,2026-01-14 00:00:00,78.65,3.188,96.79
SENSOR-00009620,MCH-005-02-02,2026-01-14 04:00:00,79.58,3.04,103.58
SENSOR-00009621,MCH-005-02-02,2026-01-14 08:00:00,80.07,2.631,97.16
SENSOR-00009622,MCH-005-02-02,2026-01-14 12:00:00,81.9,3.542,101.16
SENSOR-00009623,MCH-005-02-02,2026-01-14 16:00:00,80.43,3.04,104.71
SENSOR-00009624,MCH-005-02-02,2026-01-14 20:00:00,82.48,3.018,98.78
SENSOR-00009625,MCH-005-02-02,2026-01-15 00:00:00,82.48,3.195,98.13
SENSOR-00009626,MCH-005-02-02,2026-01-15 04:00:00,77.94,2.835,105.07
SENSOR-00009627,MCH-005-02-02,2026-01-15 08:00:00,85.63,2.836,103.87
SENSOR-00009628,MCH-005-02-02,2026-01-15 12:00:00,82.48,3.645,100.79
SENSOR-00009629,MCH-005-02-02,2026-01-15 16:00:00,85.7,3.284,104.46
SENSOR-00009630,MCH-005-02-02,2026-01-15 20:00:00,81.68,3.425,98.13
SENSOR-00009631,MCH-005-02-02,2026-01-16 00:00:00,87.44,2.551,102.22
SENSOR-00009632,MCH-005-02-02,2026-01-16 04:00:00,80.14,3.389,95.84
SENSOR-00009633,MCH-005-02-02,2026-01-16 08:00:00,80.79,3.185,101.8
SENSOR-00009634,MCH-005-02-02,2026-01-16 12:00:00,80.94,2.992,102.86
SENSOR-00009635,MCH-005-02-02,2026-01-16 16:00:00,87.47,2.987,98.18
SENSOR-00009636,MCH-005-02-02,2026-01-16 20:00:00,77.96,3.139,102.44
SENSOR-00009637,MCH-005-02-02,2026-01-17 00:00:00,82.83,3.148,99.74
SENSOR-00009638,MCH-005-02-02,2026-01-17 04:00:00,76.26,3.503,101.95
SENSOR-00009639,MCH-005-02-02,2026-01-17 08:00:00,83.58,3.1,105.05
SENSOR-00009640,MCH-005-02-02,2026-01-17 12:00:00,80.47,2.833,102.55
SENSOR-00009641,MCH-005-02-02,2026-01-17 16:00:00,85.29,2.823,103.27
SENSOR-00009642,MCH-005-02-02,2026-01-17 20:00:00,84.62,2.851,101.47
SENSOR-00009643,MCH-005-02-02,2026-01-18 00:00:00,88.2,3.233,99.02
SENSOR-00009644,MCH-005-02-02,2026-01-18 04:00:00,83.66,3.492,102.25
SENSOR-00009645,MCH-005-02-02,2026-01-18 08:00:00,84.05,3.36,98.37
SENSOR-00009646,MCH-005-02-02,2026-01-18 12:00:00,84.76,3.544,101.96
SENSOR-00009647,MCH-005-02-02,2026-01-18 16:00:00,89.92,3.054,98.57
SENSOR-00009648,MCH-005-02-02,2026-01-18 20:00:00,88.08,2.618,100.54
SENSOR-00009649,MCH-005-02-02,2026-01-19 00:00:00,86.36,3.184,99.61
SENSOR-00009650,MCH-005-02-02,2026-01-19 04:00:00,85.59,2.913,101.91
SENSOR-00009651,MCH-005-02-02,2026-01-19 08:00:00,80.05,3.197,101.39
SENSOR-00009652,MCH-005-02-02,2026-01-19 12:00:00,82.24,3.234,104.63
SENSOR-00009653,MCH-005-02-02,2026-01-19 16:00:00,79.36,3.314,103.26
SENSOR-00009654,MCH-005-02-02,2026-01-19 20:00:00,82.61,3.275,99.24
SENSOR-00009655,MCH-005-02-02,2026-01-20 00:00:00,86.37,2.992,97.03
SENSOR-00009656,MCH-005-02-02,2026-01-20 04:00:00,78.93,3.394,101.26
SENSOR-00009657,MCH-005-02-02,2026-01-20 08:00:00,84.13,3.198,94.15
SENSOR-00009658,MCH-005-02-02,2026-01-20 12:00:00,82.14,3.001,102.94
SENSOR-00009659,MCH-005-02-02,2026-01-20 16:00:00,77.56,3.339,105.38
SENSOR-00009660,MCH-005-02-02,2026-01-20 20:00:00,76.56,3.079,101.5
SENSOR-00009661,MCH-005-02-02,2026-01-21 00:00:00,82.96,3.135,101.66
SENSOR-00009662,MCH-005-02-02,2026-01-21 04:00:00,87.01,2.881,100.46
SENSOR-00009663,MCH-005-02-02,2026-01-21 08:00:00,84.19,2.663,97.14
SENSOR-00009664,MCH-005-02-02,2026-01-21 12:00:00,87.0,2.96,107.84
SENSOR-00009665,MCH-005-02-02,2026-01-21 16:00:00,87.29,3.188,104.53
SENSOR-00009666,MCH-005-02-02,2026-01-21 20:00:00,86.53,3.121,95.76
SENSOR-00009667,MCH-005-02-02,2026-01-22 00:00:00,91.98,2.982,99.25
SENSOR-00009668,MCH-005-02-02,2026-01-22 04:00:00,85.28,3.003,102.33
SENSOR-00009669,MCH-005-02-02,2026-01-22 08:00:00,85.22,3.197,98.15
SENSOR-00009670,MCH-005-02-02,2026-01-22 12:00:00,76.79,2.867,97.77
SENSOR-00009671,MCH-005-02-02,2026-01-22 16:00:00,84.61,2.871,95.6
SENSOR-00009672,MCH-005-02-02,2026-01-22 20:00:00,78.85,3.172,102.06
SENSOR-00009673,MCH-005-02-02,2026-01-23 00:00:00,82.19,2.878,102.68
SENSOR-00009674,MCH-005-02-02,2026-01-23 04:00:00,89.24,3.121,96.99
SENSOR-00009675,MCH-005-02-02,2026-01-23 08:00:00,89.58,3.169,100.66
SENSOR-00009676,MCH-005-02-02,2026-01-23 12:00:00,81.82,3.358,96.67
SENSOR-00009677,MCH-005-02-02,2026-01-23 16:00:00,78.62,3.549,97.41
SENSOR-00009678,MCH-005-02-02,2026-01-23 20:00:00,87.28,3.42,100.63
SENSOR-00009679,MCH-005-02-02,2026-01-24 00:00:00,82.4,3.091,96.39
SENSOR-00009680,MCH-005-02-02,2026-01-24 04:00:00,84.44,3.206,99.36
SENSOR-00009681,MCH-005-02-02,2026-01-24 08:00:00,74.81,3.101,105.44
SENSOR-00009682,MCH-005-02-02,2026-01-24 12:00:00,85.27,3.079,98.88
SENSOR-00009683,MCH-005-02-02,2026-01-24 16:00:00,85.75,3.127,102.12
SENSOR-00009684,MCH-005-02-02,2026-01-24 20:00:00,79.05,3.105,98.62
SENSOR-00009685,MCH-005-02-02,2026-01-25 00:00:00,89.78,2.865,98.72
SENSOR-00009686,MCH-005-02-02,2026-01-25 04:00:00,86.67,3.283,103.29
SENSOR-00009687,MCH-005-02-02,2026-01-25 08:00:00,87.5,2.692,98.56
SENSOR-00009688,MCH-005-02-02,2026-01-25 12:00:00,85.95,3.054,101.1
SENSOR-00009689,MCH-005-02-02,2026-01-25 16:00:00,82.92,2.966,99.27
SENSOR-00009690,MCH-005-02-02,2026-01-25 20:00:00,78.95,2.894,99.8
SENSOR-00009691,MCH-005-02-02,2026-01-26 00:00:00,80.88,2.888,103.9
SENSOR-00009692,MCH-005-02-02,2026-01-26 04:00:00,86.21,3.344,100.95
SENSOR-00009693,MCH-005-02-02,2026-01-26 08:00:00,82.42,2.74,100.41
SENSOR-00009694,MCH-005-02-02,2026-01-26 12:00:00,88.37,3.386,103.21
SENSOR-00009695,MCH-005-02-02,2026-01-26 16:00:00,86.59,3.628,95.34
SENSOR-00009696,MCH-005-02-02,2026-01-26 20:00:00,84.36,2.841,104.66
SENSOR-00009697,MCH-005-02-02,2026-01-27 00:00:00,83.0,3.298,103.11
SENSOR-00009698,MCH-005-02-02,2026-01-27 04:00:00,81.77,3.546,102.24
SENSOR-00009699,MCH-005-02-02,2026-01-27 08:00:00,81.71,3.229,103.12
SENSOR-00009700,MCH-005-02-02,2026-01-27 12:00:00,85.8,3.126,89.65
SENSOR-00009701,MCH-005-02-02,2026-01-27 16:00:00,79.57,3.245,97.04
SENSOR-00009702,MCH-005-02-02,2026-01-27 20:00:00,85.49,3.296,99.66
SENSOR-00009703,MCH-005-02-02,2026-01-28 00:00:00,82.81,3.665,98.38
SENSOR-00009704,MCH-005-02-02,2026-01-28 04:00:00,87.63,3.327,99.42
SENSOR-00009705,MCH-005-02-02,2026-01-28 08:00:00,83.91,3.075,97.77
SENSOR-00009706,MCH-005-02-02,2026-01-28 12:00:00,80.12,2.973,96.58
SENSOR-00009707,MCH-005-02-02,2026-01-28 16:00:00,81.44,3.026,100.49
SENSOR-00009708,MCH-005-02-02,2026-01-28 20:00:00,85.21,3.026,97.69
SENSOR-00009709,MCH-005-02-02,2026-01-29 00:00:00,83.43,3.55,99.9
SENSOR-00009710,MCH-005-02-02,2026-01-29 04:00:00,89.09,3.38,103.45
SENSOR-00009711,MCH-005-02-02,2026-01-29 08:00:00,84.72,3.104,100.02
SENSOR-00009712,MCH-005-02-02,2026-01-29 12:00:00,86.84,2.878,99.21
SENSOR-00009713,MCH-005-02-02,2026-01-29 16:00:00,90.11,3.231,102.86
SENSOR-00009714,MCH-005-02-02,2026-01-29 20:00:00,78.55,2.967,101.0
SENSOR-00009715,MCH-005-02-02,2026-01-30 00:00:00,82.48,2.799,100.69
SENSOR-00009716,MCH-005-02-02,2026-01-30 04:00:00,92.83,3.41,99.98
SENSOR-00009717,MCH-005-02-02,2026-01-30 08:00:00,89.69,3.367,94.3
SENSOR-00009718,MCH-005-02-02,2026-01-30 12:00:00,87.69,3.105,97.4
SENSOR-00009719,MCH-005-02-02,2026-01-30 16:00:00,83.8,3.179,97.62
SENSOR-00009720,MCH-005-02-02,2026-01-30 20:00:00,82.96,2.992,102.39
SENSOR-00009721,MCH-005-02-03,2026-01-01 00:00:00,82.54,3.098,100.91
SENSOR-00009722,MCH-005-02-03,2026-01-01 04:00:00,84.87,2.885,100.21
SENSOR-00009723,MCH-005-02-03,2026-01-01 08:00:00,88.63,2.556,100.98
SENSOR-00009724,MCH-005-02-03,2026-01-01 12:00:00,78.79,3.431,102.45
SENSOR-00009725,MCH-005-02-03,2026-01-01 16:00:00,86.65,2.867,100.79
SENSOR-00009726,MCH-005-02-03,2026-01-01 20:00:00,85.01,2.488,100.44
SENSOR-00009727,MCH-005-02-03,2026-01-02 00:00:00,72.28,2.992,100.26
SENSOR-00009728,MCH-005-02-03,2026-01-02 04:00:00,74.08,3.249,100.26
SENSOR-00009729,MCH-005-02-03,2026-01-02 08:00:00,83.83,3.261,98.77
SENSOR-00009730,MCH-005-02-03,2026-01-02 12:00:00,83.68,3.297,100.17
SENSOR-00009731,MCH-005-02-03,2026-01-02 16:00:00,76.13,3.093,100.19
SENSOR-00009732,MCH-005-02-03,2026-01-02 20:00:00,87.11,2.995,97.07
SENSOR-00009733,MCH-005-02-03,2026-01-03 00:00:00,85.33,3.182,96.62
SENSOR-00009734,MCH-005-02-03,2026-01-03 04:00:00,79.15,3.192,106.22
SENSOR-00009735,MCH-005-02-03,2026-01-03 08:00:00,82.33,3.163,98.18
SENSOR-00009736,MCH-005-02-03,2026-01-03 12:00:00,84.45,2.924,99.22
SENSOR-00009737,MCH-005-02-03,2026-01-03 16:00:00,93.3,3.107,95.31
SENSOR-00009738,MCH-005-02-03,2026-01-03 20:00:00,86.08,3.363,102.03
SENSOR-00009739,MCH-005-02-03,2026-01-04 00:00:00,87.19,3.397,97.63
SENSOR-00009740,MCH-005-02-03,2026-01-04 04:00:00,79.82,3.1,101.24
SENSOR-00009741,MCH-005-02-03,2026-01-04 08:00:00,83.79,3.167,104.76
SENSOR-00009742,MCH-005-02-03,2026-01-04 12:00:00,82.63,3.282,101.55
SENSOR-00009743,MCH-005-02-03,2026-01-04 16:00:00,83.89,3.271,97.7
SENSOR-00009744,MCH-005-02-03,2026-01-04 20:00:00,79.63,3.189,95.09
SENSOR-00009745,MCH-005-02-03,2026-01-05 00:00:00,81.89,2.982,107.07
SENSOR-00009746,MCH-005-02-03,2026-01-05 04:00:00,76.81,2.78,103.53
SENSOR-00009747,MCH-005-02-03,2026-01-05 08:00:00,87.91,2.85,94.74
SENSOR-00009748,MCH-005-02-03,2026-01-05 12:00:00,88.6,2.819,98.53
SENSOR-00009749,MCH-005-02-03,2026-01-05 16:00:00,83.89,2.812,102.77
SENSOR-00009750,MCH-005-02-03,2026-01-05 20:00:00,83.59,2.86,97.62
SENSOR-00009751,MCH-005-02-03,2026-01-06 00:00:00,75.9,2.291,101.92
SENSOR-00009752,MCH-005-02-03,2026-01-06 04:00:00,81.11,2.723,100.32
SENSOR-00009753,MCH-005-02-03,2026-01-06 08:00:00,81.71,2.761,99.75
SENSOR-00009754,MCH-005-02-03,2026-01-06 12:00:00,85.77,3.124,100.55
SENSOR-00009755,MCH-005-02-03,2026-01-06 16:00:00,85.28,2.658,99.85
SENSOR-00009756,MCH-005-02-03,2026-01-06 20:00:00,84.47,2.986,97.51
SENSOR-00009757,MCH-005-02-03,2026-01-07 00:00:00,88.71,2.839,100.55
SENSOR-00009758,MCH-005-02-03,2026-01-07 04:00:00,78.98,3.15,98.07
SENSOR-00009759,MCH-005-02-03,2026-01-07 08:00:00,84.24,2.778,95.1
SENSOR-00009760,MCH-005-02-03,2026-01-07 12:00:00,95.9,3.098,106.4
SENSOR-00009761,MCH-005-02-03,2026-01-07 16:00:00,89.54,2.672,101.09
SENSOR-00009762,MCH-005-02-03,2026-01-07 20:00:00,78.33,3.006,94.35
SENSOR-00009763,MCH-005-02-03,2026-01-08 00:00:00,83.24,3.166,95.7
SENSOR-00009764,MCH-005-02-03,2026-01-08 04:00:00,87.31,2.781,104.66
SENSOR-00009765,MCH-005-02-03,2026-01-08 08:00:00,86.59,3.22,101.8
SENSOR-00009766,MCH-005-02-03,2026-01-08 12:00:00,83.5,2.884,97.17
SENSOR-00009767,MCH-005-02-03,2026-01-08 16:00:00,90.51,3.106,96.66
SENSOR-00009768,MCH-005-02-03,2026-01-08 20:00:00,85.57,3.166,99.01
SENSOR-00009769,MCH-005-02-03,2026-01-09 00:00:00,78.42,3.362,96.91
SENSOR-00009770,MCH-005-02-03,2026-01-09 04:00:00,75.92,3.408,94.77
SENSOR-00009771,MCH-005-02-03,2026-01-09 08:00:00,81.95,2.807,97.83
SENSOR-00009772,MCH-005-02-03,2026-01-09 12:00:00,92.4,3.055,101.08
SENSOR-00009773,MCH-005-02-03,2026-01-09 16:00:00,86.67,2.919,103.23
SENSOR-00009774,MCH-005-02-03,2026-01-09 20:00:00,85.01,3.269,97.83
SENSOR-00009775,MCH-005-02-03,2026-01-10 00:00:00,83.48,2.923,102.0
SENSOR-00009776,MCH-005-02-03,2026-01-10 04:00:00,83.46,3.566,98.7
SENSOR-00009777,MCH-005-02-03,2026-01-10 08:00:00,83.02,2.972,105.61
SENSOR-00009778,MCH-005-02-03,2026-01-10 12:00:00,77.72,3.104,100.94
SENSOR-00009779,MCH-005-02-03,2026-01-10 16:00:00,78.99,3.741,97.21
SENSOR-00009780,MCH-005-02-03,2026-01-10 20:00:00,83.64,3.502,98.87
SENSOR-00009781,MCH-005-02-03,2026-01-11 00:00:00,83.76,3.129,99.45
SENSOR-00009782,MCH-005-02-03,2026-01-11 04:00:00,80.06,3.019,105.3
SENSOR-00009783,MCH-005-02-03,2026-01-11 08:00:00,83.34,3.244,96.9
SENSOR-00009784,MCH-005-02-03,2026-01-11 12:00:00,82.34,2.83,103.88
SENSOR-00009785,MCH-005-02-03,2026-01-11 16:00:00,77.28,3.174,101.02
SENSOR-00009786,MCH-005-02-03,2026-01-11 20:00:00,84.61,2.494,93.93
SENSOR-00009787,MCH-005-02-03,2026-01-12 00:00:00,83.41,3.677,97.05
SENSOR-00009788,MCH-005-02-03,2026-01-12 04:00:00,85.13,3.136,101.68
SENSOR-00009789,MCH-005-02-03,2026-01-12 08:00:00,82.65,3.441,102.06
SENSOR-00009790,MCH-005-02-03,2026-01-12 12:00:00,86.31,2.727,100.29
SENSOR-00009791,MCH-005-02-03,2026-01-12 16:00:00,81.47,2.865,98.12
SENSOR-00009792,MCH-005-02-03,2026-01-12 20:00:00,83.28,3.195,102.94
SENSOR-00009793,MCH-005-02-03,2026-01-13 00:00:00,81.79,3.169,104.62
SENSOR-00009794,MCH-005-02-03,2026-01-13 04:00:00,82.91,2.879,102.91
SENSOR-00009795,MCH-005-02-03,2026-01-13 08:00:00,75.5,3.341,95.7
SENSOR-00009796,MCH-005-02-03,2026-01-13 12:00:00,86.14,2.962,100.96
SENSOR-00009797,MCH-005-02-03,2026-01-13 16:00:00,91.84,2.871,97.0
SENSOR-00009798,MCH-005-02-03,2026-01-13 20:00:00,83.82,3.462,100.54
SENSOR-00009799,MCH-005-02-03,2026-01-14 00:00:00,85.62,2.835,96.76
SENSOR-00009800,MCH-005-02-03,2026-01-14 04:00:00,81.66,3.167,103.11
SENSOR-00009801,MCH-005-02-03,2026-01-14 08:00:00,84.43,3.696,97.97
SENSOR-00009802,MCH-005-02-03,2026-01-14 12:00:00,86.47,2.803,104.83
SENSOR-00009803,MCH-005-02-03,2026-01-14 16:00:00,88.94,3.258,94.79
SENSOR-00009804,MCH-005-02-03,2026-01-14 20:00:00,86.32,2.876,101.36
SENSOR-00009805,MCH-005-02-03,2026-01-15 00:00:00,76.28,2.691,100.21
SENSOR-00009806,MCH-005-02-03,2026-01-15 04:00:00,87.61,3.114,101.53
SENSOR-00009807,MCH-005-02-03,2026-01-15 08:00:00,83.27,3.321,101.85
SENSOR-00009808,MCH-005-02-03,2026-01-15 12:00:00,79.43,3.192,95.37
SENSOR-00009809,MCH-005-02-03,2026-01-15 16:00:00,85.3,3.01,100.48
SENSOR-00009810,MCH-005-02-03,2026-01-15 20:00:00,84.8,3.151,104.25
SENSOR-00009811,MCH-005-02-03,2026-01-16 00:00:00,76.51,3.361,102.45
SENSOR-00009812,MCH-005-02-03,2026-01-16 04:00:00,88.09,3.417,100.57
SENSOR-00009813,MCH-005-02-03,2026-01-16 08:00:00,84.55,3.332,96.35
SENSOR-00009814,MCH-005-02-03,2026-01-16 12:00:00,82.1,3.066,102.77
SENSOR-00009815,MCH-005-02-03,2026-01-16 16:00:00,81.35,2.902,98.71
SENSOR-00009816,MCH-005-02-03,2026-01-16 20:00:00,85.39,3.063,95.65
SENSOR-00009817,MCH-005-02-03,2026-01-17 00:00:00,84.99,3.48,96.93
SENSOR-00009818,MCH-005-02-03,2026-01-17 04:00:00,81.82,2.996,103.77
SENSOR-00009819,MCH-005-02-03,2026-01-17 08:00:00,82.01,2.882,99.68
SENSOR-00009820,MCH-005-02-03,2026-01-17 12:00:00,83.92,3.38,98.86
SENSOR-00009821,MCH-005-02-03,2026-01-17 16:00:00,80.76,2.853,98.97
SENSOR-00009822,MCH-005-02-03,2026-01-17 20:00:00,93.76,3.176,101.79
SENSOR-00009823,MCH-005-02-03,2026-01-18 00:00:00,83.84,3.614,103.15
SENSOR-00009824,MCH-005-02-03,2026-01-18 04:00:00,80.81,2.788,98.81
SENSOR-00009825,MCH-005-02-03,2026-01-18 08:00:00,79.17,2.966,97.09
SENSOR-00009826,MCH-005-02-03,2026-01-18 12:00:00,82.2,3.002,100.44
SENSOR-00009827,MCH-005-02-03,2026-01-18 16:00:00,82.68,2.855,103.64
SENSOR-00009828,MCH-005-02-03,2026-01-18 20:00:00,85.12,2.944,97.34
SENSOR-00009829,MCH-005-02-03,2026-01-19 00:00:00,84.12,3.021,99.68
SENSOR-00009830,MCH-005-02-03,2026-01-19 04:00:00,77.07,2.88,105.4
SENSOR-00009831,MCH-005-02-03,2026-01-19 08:00:00,80.2,2.618,102.71
SENSOR-00009832,MCH-005-02-03,2026-01-19 12:00:00,84.5,3.157,99.53
SENSOR-00009833,MCH-005-02-03,2026-01-19 16:00:00,87.15,3.463,98.44
SENSOR-00009834,MCH-005-02-03,2026-01-19 20:00:00,86.04,3.36,98.27
SENSOR-00009835,MCH-005-02-03,2026-01-20 00:00:00,83.9,2.923,99.22
SENSOR-00009836,MCH-005-02-03,2026-01-20 04:00:00,81.99,3.291,98.78
SENSOR-00009837,MCH-005-02-03,2026-01-20 08:00:00,80.9,2.711,98.22
SENSOR-00009838,MCH-005-02-03,2026-01-20 12:00:00,83.03,2.798,94.77
SENSOR-00009839,MCH-005-02-03,2026-01-20 16:00:00,87.43,2.83,96.07
SENSOR-00009840,MCH-005-02-03,2026-01-20 20:00:00,89.78,3.293,103.08
SENSOR-00009841,MCH-005-02-03,2026-01-21 00:00:00,80.32,3.042,104.19
SENSOR-00009842,MCH-005-02-03,2026-01-21 04:00:00,77.46,3.088,96.25
SENSOR-00009843,MCH-005-02-03,2026-01-21 08:00:00,81.28,3.313,97.45
SENSOR-00009844,MCH-005-02-03,2026-01-21 12:00:00,82.45,3.116,102.1
SENSOR-00009845,MCH-005-02-03,2026-01-21 16:00:00,81.31,3.396,98.66
SENSOR-00009846,MCH-005-02-03,2026-01-21 20:00:00,85.44,3.033,102.22
SENSOR-00009847,MCH-005-02-03,2026-01-22 00:00:00,90.08,3.243,97.38
SENSOR-00009848,MCH-005-02-03,2026-01-22 04:00:00,78.45,2.689,101.92
SENSOR-00009849,MCH-005-02-03,2026-01-22 08:00:00,88.57,3.122,102.57
SENSOR-00009850,MCH-005-02-03,2026-01-22 12:00:00,85.29,2.888,103.03
SENSOR-00009851,MCH-005-02-03,2026-01-22 16:00:00,87.29,2.833,102.42
SENSOR-00009852,MCH-005-02-03,2026-01-22 20:00:00,82.92,3.015,101.17
SENSOR-00009853,MCH-005-02-03,2026-01-23 00:00:00,81.62,2.611,99.35
SENSOR-00009854,MCH-005-02-03,2026-01-23 04:00:00,79.75,3.018,100.72
SENSOR-00009855,MCH-005-02-03,2026-01-23 08:00:00,79.17,2.875,95.2
SENSOR-00009856,MCH-005-02-03,2026-01-23 12:00:00,81.47,2.844,106.43
SENSOR-00009857,MCH-005-02-03,2026-01-23 16:00:00,89.52,3.416,96.12
SENSOR-00009858,MCH-005-02-03,2026-01-23 20:00:00,82.8,2.78,105.53
SENSOR-00009859,MCH-005-02-03,2026-01-24 00:00:00,83.59,3.025,90.29
SENSOR-00009860,MCH-005-02-03,2026-01-24 04:00:00,89.76,2.916,100.31
SENSOR-00009861,MCH-005-02-03,2026-01-24 08:00:00,92.54,2.782,100.06
SENSOR-00009862,MCH-005-02-03,2026-01-24 12:00:00,85.49,3.354,100.0
SENSOR-00009863,MCH-005-02-03,2026-01-24 16:00:00,88.21,2.977,101.63
SENSOR-00009864,MCH-005-02-03,2026-01-24 20:00:00,85.16,3.058,100.97
SENSOR-00009865,MCH-005-02-03,2026-01-25 00:00:00,84.79,3.065,101.61
SENSOR-00009866,MCH-005-02-03,2026-01-25 04:00:00,89.04,2.978,99.05
SENSOR-00009867,MCH-005-02-03,2026-01-25 08:00:00,87.18,2.93,100.26
SENSOR-00009868,MCH-005-02-03,2026-01-25 12:00:00,75.52,3.004,103.92
SENSOR-00009869,MCH-005-02-03,2026-01-25 16:00:00,84.85,3.305,102.87
SENSOR-00009870,MCH-005-02-03,2026-01-25 20:00:00,88.9,2.994,102.83
SENSOR-00009871,MCH-005-02-03,2026-01-26 00:00:00,86.26,2.802,111.6
SENSOR-00009872,MCH-005-02-03,2026-01-26 04:00:00,83.44,2.66,96.88
SENSOR-00009873,MCH-005-02-03,2026-01-26 08:00:00,79.38,2.744,101.54
SENSOR-00009874,MCH-005-02-03,2026-01-26 12:00:00,72.84,3.326,102.44
SENSOR-00009875,MCH-005-02-03,2026-01-26 16:00:00,81.68,3.309,96.72
SENSOR-00009876,MCH-005-02-03,2026-01-26 20:00:00,80.14,3.218,99.37
SENSOR-00009877,MCH-005-02-03,2026-01-27 00:00:00,88.18,3.318,105.79
SENSOR-00009878,MCH-005-02-03,2026-01-27 04:00:00,80.3,2.849,101.65
SENSOR-00009879,MCH-005-02-03,2026-01-27 08:00:00,82.41,3.33,103.95
SENSOR-00009880,MCH-005-02-03,2026-01-27 12:00:00,90.32,3.095,102.64
SENSOR-00009881,MCH-005-02-03,2026-01-27 16:00:00,81.44,3.135,99.84
SENSOR-00009882,MCH-005-02-03,2026-01-27 20:00:00,83.08,3.537,95.97
SENSOR-00009883,MCH-005-02-03,2026-01-28 00:00:00,82.17,3.005,99.16
SENSOR-00009884,MCH-005-02-03,2026-01-28 04:00:00,87.8,2.943,101.79
SENSOR-00009885,MCH-005-02-03,2026-01-28 08:00:00,78.94,3.163,102.71
SENSOR-00009886,MCH-005-02-03,2026-01-28 12:00:00,89.13,2.693,99.11
SENSOR-00009887,MCH-005-02-03,2026-01-28 16:00:00,89.9,3.311,99.4
SENSOR-00009888,MCH-005-02-03,2026-01-28 20:00:00,83.52,3.155,98.88
SENSOR-00009889,MCH-005-02-03,2026-01-29 00:00:00,83.53,3.446,104.32
SENSOR-00009890,MCH-005-02-03,2026-01-29 04:00:00,79.27,2.958,98.75
SENSOR-00009891,MCH-005-02-03,2026-01-29 08:00:00,84.76,3.262,100.44
SENSOR-00009892,MCH-005-02-03,2026-01-29 12:00:00,81.3,3.493,98.68
SENSOR-00009893,MCH-005-02-03,2026-01-29 16:00:00,86.47,3.071,99.8
SENSOR-00009894,MCH-005-02-03,2026-01-29 20:00:00,86.2,3.466,100.91
SENSOR-00009895,MCH-005-02-03,2026-01-30 00:00:00,85.26,2.99,98.93
SENSOR-00009896,MCH-005-02-03,2026-01-30 04:00:00,85.49,2.863,98.27
SENSOR-00009897,MCH-005-02-03,2026-01-30 08:00:00,83.57,3.391,100.24
SENSOR-00009898,MCH-005-02-03,2026-01-30 12:00:00,83.77,2.816,105.09
SENSOR-00009899,MCH-005-02-03,2026-01-30 16:00:00,87.94,3.385,95.64
SENSOR-00009900,MCH-005-02-03,2026-01-30 20:00:00,84.91,2.846,102.31
SENSOR-00009901,MCH-005-02-04,2026-01-01 00:00:00,76.98,2.714,101.0
SENSOR-00009902,MCH-005-02-04,2026-01-01 04:00:00,76.15,2.466,98.46
SENSOR-00009903,MCH-005-02-04,2026-01-01 08:00:00,81.1,2.455,100.53
SENSOR-00009904,MCH-005-02-04,2026-01-01 12:00:00,77.32,2.601,96.26
SENSOR-00009905,MCH-005-02-04,2026-01-01 16:00:00,74.8,2.925,104.97
SENSOR-00009906,MCH-005-02-04,2026-01-01 20:00:00,74.15,2.548,99.02
SENSOR-00009907,MCH-005-02-04,2026-01-02 00:00:00,69.38,2.532,99.59
SENSOR-00009908,MCH-005-02-04,2026-01-02 04:00:00,72.37,2.174,105.91
SENSOR-00009909,MCH-005-02-04,2026-01-02 08:00:00,74.43,2.347,102.62
SENSOR-00009910,MCH-005-02-04,2026-01-02 12:00:00,71.2,2.649,99.89
SENSOR-00009911,MCH-005-02-04,2026-01-02 16:00:00,69.04,2.233,96.71
SENSOR-00009912,MCH-005-02-04,2026-01-02 20:00:00,74.9,2.167,97.29
SENSOR-00009913,MCH-005-02-04,2026-01-03 00:00:00,73.35,2.291,99.13
SENSOR-00009914,MCH-005-02-04,2026-01-03 04:00:00,80.31,2.436,95.51
SENSOR-00009915,MCH-005-02-04,2026-01-03 08:00:00,77.15,2.25,103.25
SENSOR-00009916,MCH-005-02-04,2026-01-03 12:00:00,76.73,2.676,103.12
SENSOR-00009917,MCH-005-02-04,2026-01-03 16:00:00,78.32,2.649,102.45
SENSOR-00009918,MCH-005-02-04,2026-01-03 20:00:00,71.8,2.08,97.51
SENSOR-00009919,MCH-005-02-04,2026-01-04 00:00:00,73.56,2.243,100.86
SENSOR-00009920,MCH-005-02-04,2026-01-04 04:00:00,73.25,2.284,104.35
SENSOR-00009921,MCH-005-02-04,2026-01-04 08:00:00,74.77,2.254,97.01
SENSOR-00009922,MCH-005-02-04,2026-01-04 12:00:00,75.37,2.226,98.9
SENSOR-00009923,MCH-005-02-04,2026-01-04 16:00:00,71.17,2.415,96.09
SENSOR-00009924,MCH-005-02-04,2026-01-04 20:00:00,76.22,2.229,102.15
SENSOR-00009925,MCH-005-02-04,2026-01-05 00:00:00,72.33,2.182,100.9
SENSOR-00009926,MCH-005-02-04,2026-01-05 04:00:00,77.11,2.063,98.46
SENSOR-00009927,MCH-005-02-04,2026-01-05 08:00:00,66.99,1.768,101.45
SENSOR-00009928,MCH-005-02-04,2026-01-05 12:00:00,75.83,2.409,104.76
SENSOR-00009929,MCH-005-02-04,2026-01-05 16:00:00,67.87,1.846,96.63
SENSOR-00009930,MCH-005-02-04,2026-01-05 20:00:00,66.09,2.212,101.75
SENSOR-00009931,MCH-005-02-04,2026-01-06 00:00:00,75.51,2.758,102.09
SENSOR-00009932,MCH-005-02-04,2026-01-06 04:00:00,75.81,2.288,97.57
SENSOR-00009933,MCH-005-02-04,2026-01-06 08:00:00,73.45,2.604,101.39
SENSOR-00009934,MCH-005-02-04,2026-01-06 12:00:00,78.31,2.392,97.3
SENSOR-00009935,MCH-005-02-04,2026-01-06 16:00:00,79.21,2.633,100.56
SENSOR-00009936,MCH-005-02-04,2026-01-06 20:00:00,76.8,2.491,98.59
SENSOR-00009937,MCH-005-02-04,2026-01-07 00:00:00,69.88,2.326,99.77
SENSOR-00009938,MCH-005-02-04,2026-01-07 04:00:00,77.27,2.494,103.03
SENSOR-00009939,MCH-005-02-04,2026-01-07 08:00:00,66.51,2.166,99.73
SENSOR-00009940,MCH-005-02-04,2026-01-07 12:00:00,76.49,2.889,97.07
SENSOR-00009941,MCH-005-02-04,2026-01-07 16:00:00,71.73,2.26,97.76
SENSOR-00009942,MCH-005-02-04,2026-01-07 20:00:00,71.02,2.377,102.95
SENSOR-00009943,MCH-005-02-04,2026-01-08 00:00:00,71.46,2.381,99.74
SENSOR-00009944,MCH-005-02-04,2026-01-08 04:00:00,69.21,2.668,99.54
SENSOR-00009945,MCH-005-02-04,2026-01-08 08:00:00,72.69,2.395,97.39
SENSOR-00009946,MCH-005-02-04,2026-01-08 12:00:00,73.84,1.906,92.93
SENSOR-00009947,MCH-005-02-04,2026-01-08 16:00:00,70.69,2.233,94.73
SENSOR-00009948,MCH-005-02-04,2026-01-08 20:00:00,72.58,2.232,99.82
SENSOR-00009949,MCH-005-02-04,2026-01-09 00:00:00,68.89,2.225,101.12
SENSOR-00009950,MCH-005-02-04,2026-01-09 04:00:00,80.5,2.589,101.16
SENSOR-00009951,MCH-005-02-04,2026-01-09 08:00:00,74.75,2.464,101.35
SENSOR-00009952,MCH-005-02-04,2026-01-09 12:00:00,79.78,2.36,100.79
SENSOR-00009953,MCH-005-02-04,2026-01-09 16:00:00,72.94,2.394,99.23
SENSOR-00009954,MCH-005-02-04,2026-01-09 20:00:00,69.81,2.584,104.46
SENSOR-00009955,MCH-005-02-04,2026-01-10 00:00:00,76.62,2.596,99.99
SENSOR-00009956,MCH-005-02-04,2026-01-10 04:00:00,69.77,2.643,97.8
SENSOR-00009957,MCH-005-02-04,2026-01-10 08:00:00,71.56,2.233,94.77
SENSOR-00009958,MCH-005-02-04,2026-01-10 12:00:00,73.7,2.521,98.7
SENSOR-00009959,MCH-005-02-04,2026-01-10 16:00:00,79.92,2.685,102.67
SENSOR-00009960,MCH-005-02-04,2026-01-10 20:00:00,66.83,2.724,99.29
SENSOR-00009961,MCH-005-02-04,2026-01-11 00:00:00,67.9,1.952,101.72
SENSOR-00009962,MCH-005-02-04,2026-01-11 04:00:00,68.88,1.963,91.38
SENSOR-00009963,MCH-005-02-04,2026-01-11 08:00:00,75.74,2.098,101.93
SENSOR-00009964,MCH-005-02-04,2026-01-11 12:00:00,74.27,2.387,98.64
SENSOR-00009965,MCH-005-02-04,2026-01-11 16:00:00,73.47,2.142,97.6
SENSOR-00009966,MCH-005-02-04,2026-01-11 20:00:00,70.19,2.744,98.81
SENSOR-00009967,MCH-005-02-04,2026-01-12 00:00:00,71.54,2.064,96.39
SENSOR-00009968,MCH-005-02-04,2026-01-12 04:00:00,77.86,3.026,97.58
SENSOR-00009969,MCH-005-02-04,2026-01-12 08:00:00,75.43,2.443,98.41
SENSOR-00009970,MCH-005-02-04,2026-01-12 12:00:00,80.2,2.915,98.21
SENSOR-00009971,MCH-005-02-04,2026-01-12 16:00:00,81.51,2.229,97.09
SENSOR-00009972,MCH-005-02-04,2026-01-12 20:00:00,74.01,2.583,99.69
SENSOR-00009973,MCH-005-02-04,2026-01-13 00:00:00,76.1,2.532,100.34
SENSOR-00009974,MCH-005-02-04,2026-01-13 04:00:00,78.81,2.09,98.83
SENSOR-00009975,MCH-005-02-04,2026-01-13 08:00:00,69.85,2.401,101.46
SENSOR-00009976,MCH-005-02-04,2026-01-13 12:00:00,79.94,2.071,101.12
SENSOR-00009977,MCH-005-02-04,2026-01-13 16:00:00,80.32,2.115,96.29
SENSOR-00009978,MCH-005-02-04,2026-01-13 20:00:00,68.67,2.522,97.82
SENSOR-00009979,MCH-005-02-04,2026-01-14 00:00:00,77.81,2.317,98.43
SENSOR-00009980,MCH-005-02-04,2026-01-14 04:00:00,71.82,2.799,99.11
SENSOR-00009981,MCH-005-02-04,2026-01-14 08:00:00,86.89,2.404,97.45
SENSOR-00009982,MCH-005-02-04,2026-01-14 12:00:00,68.23,2.674,99.42
SENSOR-00009983,MCH-005-02-04,2026-01-14 16:00:00,77.86,2.946,102.01
SENSOR-00009984,MCH-005-02-04,2026-01-14 20:00:00,75.92,2.672,102.41
SENSOR-00009985,MCH-005-02-04,2026-01-15 00:00:00,76.83,2.61,98.33
SENSOR-00009986,MCH-005-02-04,2026-01-15 04:00:00,73.76,1.812,99.53
SENSOR-00009987,MCH-005-02-04,2026-01-15 08:00:00,69.57,2.495,101.0
SENSOR-00009988,MCH-005-02-04,2026-01-15 12:00:00,74.63,2.696,100.72
SENSOR-00009989,MCH-005-02-04,2026-01-15 16:00:00,75.35,2.446,98.25
SENSOR-00009990,MCH-005-02-04,2026-01-15 20:00:00,78.54,2.137,101.27
SENSOR-00009991,MCH-005-02-04,2026-01-16 00:00:00,80.23,2.127,99.22
SENSOR-00009992,MCH-005-02-04,2026-01-16 04:00:00,75.75,2.439,98.4
SENSOR-00009993,MCH-005-02-04,2026-01-16 08:00:00,76.76,2.727,96.82
SENSOR-00009994,MCH-005-02-04,2026-01-16 12:00:00,72.63,2.339,102.1
SENSOR-00009995,MCH-005-02-04,2026-01-16 16:00:00,74.7,2.334,95.35
SENSOR-00009996,MCH-005-02-04,2026-01-16 20:00:00,70.04,2.414,98.46
SENSOR-00009997,MCH-005-02-04,2026-01-17 00:00:00,75.12,2.268,106.04
SENSOR-00009998,MCH-005-02-04,2026-01-17 04:00:00,76.21,2.312,105.35
SENSOR-00009999,MCH-005-02-04,2026-01-17 08:00:00,73.16,2.504,102.11
SENSOR-00010000,MCH-005-02-04,2026-01-17 12:00:00,75.96,2.339,102.51
SENSOR-00010001,MCH-005-02-04,2026-01-17 16:00:00,72.05,2.644,99.16
SENSOR-00010002,MCH-005-02-04,2026-01-17 20:00:00,79.92,2.627,101.65
SENSOR-00010003,MCH-005-02-04,2026-01-18 00:00:00,77.4,2.753,101.76
SENSOR-00010004,MCH-005-02-04,2026-01-18 04:00:00,66.23,2.415,103.65
SENSOR-00010005,MCH-005-02-04,2026-01-18 08:00:00,75.02,2.417,98.52
SENSOR-00010006,MCH-005-02-04,2026-01-18 12:00:00,78.37,2.277,101.78
SENSOR-00010007,MCH-005-02-04,2026-01-18 16:00:00,76.29,2.379,101.45
SENSOR-00010008,MCH-005-02-04,2026-01-18 20:00:00,75.38,2.685,102.03
SENSOR-00010009,MCH-005-02-04,2026-01-19 00:00:00,72.06,2.534,100.86
SENSOR-00010010,MCH-005-02-04,2026-01-19 04:00:00,73.67,2.232,100.4
SENSOR-00010011,MCH-005-02-04,2026-01-19 08:00:00,74.9,2.104,101.81
SENSOR-00010012,MCH-005-02-04,2026-01-19 12:00:00,79.2,2.581,100.95
SENSOR-00010013,MCH-005-02-04,2026-01-19 16:00:00,72.77,2.398,99.61
SENSOR-00010014,MCH-005-02-04,2026-01-19 20:00:00,75.07,2.6,99.68
SENSOR-00010015,MCH-005-02-04,2026-01-20 00:00:00,72.61,2.07,106.45
SENSOR-00010016,MCH-005-02-04,2026-01-20 04:00:00,80.58,2.435,99.9
SENSOR-00010017,MCH-005-02-04,2026-01-20 08:00:00,81.88,2.772,97.78
SENSOR-00010018,MCH-005-02-04,2026-01-20 12:00:00,75.56,2.32,99.19
SENSOR-00010019,MCH-005-02-04,2026-01-20 16:00:00,73.91,2.344,100.63
SENSOR-00010020,MCH-005-02-04,2026-01-20 20:00:00,75.44,2.725,97.58
SENSOR-00010021,MCH-005-02-04,2026-01-21 00:00:00,72.2,2.507,102.9
SENSOR-00010022,MCH-005-02-04,2026-01-21 04:00:00,73.02,2.8,106.22
SENSOR-00010023,MCH-005-02-04,2026-01-21 08:00:00,78.95,2.64,94.81
SENSOR-00010024,MCH-005-02-04,2026-01-21 12:00:00,69.29,2.345,98.03
SENSOR-00010025,MCH-005-02-04,2026-01-21 16:00:00,77.07,1.654,101.86
SENSOR-00010026,MCH-005-02-04,2026-01-21 20:00:00,73.87,2.23,105.72
SENSOR-00010027,MCH-005-02-04,2026-01-22 00:00:00,75.86,2.683,99.01
SENSOR-00010028,MCH-005-02-04,2026-01-22 04:00:00,70.32,2.557,100.9
SENSOR-00010029,MCH-005-02-04,2026-01-22 08:00:00,77.75,2.212,101.44
SENSOR-00010030,MCH-005-02-04,2026-01-22 12:00:00,68.19,2.246,97.89
SENSOR-00010031,MCH-005-02-04,2026-01-22 16:00:00,76.56,2.245,95.88
SENSOR-00010032,MCH-005-02-04,2026-01-22 20:00:00,72.3,2.515,100.39
SENSOR-00010033,MCH-005-02-04,2026-01-23 00:00:00,74.0,1.857,96.13
SENSOR-00010034,MCH-005-02-04,2026-01-23 04:00:00,77.77,2.412,100.24
SENSOR-00010035,MCH-005-02-04,2026-01-23 08:00:00,71.97,2.636,96.31
SENSOR-00010036,MCH-005-02-04,2026-01-23 12:00:00,71.02,2.286,95.42
SENSOR-00010037,MCH-005-02-04,2026-01-23 16:00:00,71.04,2.631,97.47
SENSOR-00010038,MCH-005-02-04,2026-01-23 20:00:00,77.69,2.524,99.49
SENSOR-00010039,MCH-005-02-04,2026-01-24 00:00:00,77.07,2.453,99.93
SENSOR-00010040,MCH-005-02-04,2026-01-24 04:00:00,77.09,2.366,96.0
SENSOR-00010041,MCH-005-02-04,2026-01-24 08:00:00,70.13,2.516,95.88
SENSOR-00010042,MCH-005-02-04,2026-01-24 12:00:00,73.05,2.337,96.9
SENSOR-00010043,MCH-005-02-04,2026-01-24 16:00:00,67.9,2.072,94.57
SENSOR-00010044,MCH-005-02-04,2026-01-24 20:00:00,77.02,2.465,97.72
SENSOR-00010045,MCH-005-02-04,2026-01-25 00:00:00,82.9,2.159,100.2
SENSOR-00010046,MCH-005-02-04,2026-01-25 04:00:00,76.41,2.361,99.54
SENSOR-00010047,MCH-005-02-04,2026-01-25 08:00:00,73.87,2.486,96.88
SENSOR-00010048,MCH-005-02-04,2026-01-25 12:00:00,72.81,1.79,94.41
SENSOR-00010049,MCH-005-02-04,2026-01-25 16:00:00,69.38,2.579,99.18
SENSOR-00010050,MCH-005-02-04,2026-01-25 20:00:00,77.36,2.462,100.78
SENSOR-00010051,MCH-005-02-04,2026-01-26 00:00:00,75.62,2.195,101.4
SENSOR-00010052,MCH-005-02-04,2026-01-26 04:00:00,75.69,2.92,102.23
SENSOR-00010053,MCH-005-02-04,2026-01-26 08:00:00,70.84,2.684,102.33
SENSOR-00010054,MCH-005-02-04,2026-01-26 12:00:00,78.31,2.477,103.02
SENSOR-00010055,MCH-005-02-04,2026-01-26 16:00:00,76.33,2.302,100.4
SENSOR-00010056,MCH-005-02-04,2026-01-26 20:00:00,74.11,2.451,100.24
SENSOR-00010057,MCH-005-02-04,2026-01-27 00:00:00,72.54,2.239,101.12
SENSOR-00010058,MCH-005-02-04,2026-01-27 04:00:00,80.29,2.436,97.67
SENSOR-00010059,MCH-005-02-04,2026-01-27 08:00:00,73.16,2.578,101.21
SENSOR-00010060,MCH-005-02-04,2026-01-27 12:00:00,78.41,2.464,102.31
SENSOR-00010061,MCH-005-02-04,2026-01-27 16:00:00,82.62,2.028,107.22
SENSOR-00010062,MCH-005-02-04,2026-01-27 20:00:00,78.32,3.022,97.05
SENSOR-00010063,MCH-005-02-04,2026-01-28 00:00:00,76.38,2.236,99.62
SENSOR-00010064,MCH-005-02-04,2026-01-28 04:00:00,68.81,2.38,97.21
SENSOR-00010065,MCH-005-02-04,2026-01-28 08:00:00,74.44,2.094,99.94
SENSOR-00010066,MCH-005-02-04,2026-01-28 12:00:00,78.17,2.217,97.2
SENSOR-00010067,MCH-005-02-04,2026-01-28 16:00:00,77.7,2.594,101.27
SENSOR-00010068,MCH-005-02-04,2026-01-28 20:00:00,72.71,2.208,99.01
SENSOR-00010069,MCH-005-02-04,2026-01-29 00:00:00,77.61,2.613,99.96
SENSOR-00010070,MCH-005-02-04,2026-01-29 04:00:00,75.14,2.302,99.84
SENSOR-00010071,MCH-005-02-04,2026-01-29 08:00:00,71.83,2.347,99.52
SENSOR-00010072,MCH-005-02-04,2026-01-29 12:00:00,72.74,2.563,95.77
SENSOR-00010073,MCH-005-02-04,2026-01-29 16:00:00,75.92,2.135,97.46
SENSOR-00010074,MCH-005-02-04,2026-01-29 20:00:00,71.52,2.483,93.23
SENSOR-00010075,MCH-005-02-04,2026-01-30 00:00:00,78.02,2.427,97.13
SENSOR-00010076,MCH-005-02-04,2026-01-30 04:00:00,73.47,2.307,100.73
SENSOR-00010077,MCH-005-02-04,2026-01-30 08:00:00,76.17,2.422,101.03
SENSOR-00010078,MCH-005-02-04,2026-01-30 12:00:00,73.89,2.451,98.09
SENSOR-00010079,MCH-005-02-04,2026-01-30 16:00:00,70.32,2.828,101.25
SENSOR-00010080,MCH-005-02-04,2026-01-30 20:00:00,81.8,2.297,107.23
SENSOR-00010081,MCH-005-03-01,2026-01-01 00:00:00,77.22,2.642,101.26
SENSOR-00010082,MCH-005-03-01,2026-01-01 04:00:00,67.57,2.209,99.92
SENSOR-00010083,MCH-005-03-01,2026-01-01 08:00:00,73.66,2.618,103.41
SENSOR-00010084,MCH-005-03-01,2026-01-01 12:00:00,73.03,2.896,98.95
SENSOR-00010085,MCH-005-03-01,2026-01-01 16:00:00,72.54,2.016,95.32
SENSOR-00010086,MCH-005-03-01,2026-01-01 20:00:00,68.89,2.542,102.22
SENSOR-00010087,MCH-005-03-01,2026-01-02 00:00:00,72.73,2.603,99.98
SENSOR-00010088,MCH-005-03-01,2026-01-02 04:00:00,76.58,2.651,102.11
SENSOR-00010089,MCH-005-03-01,2026-01-02 08:00:00,72.58,2.433,94.99
SENSOR-00010090,MCH-005-03-01,2026-01-02 12:00:00,75.57,2.476,100.45
SENSOR-00010091,MCH-005-03-01,2026-01-02 16:00:00,78.26,2.358,100.44
SENSOR-00010092,MCH-005-03-01,2026-01-02 20:00:00,80.94,2.049,104.18
SENSOR-00010093,MCH-005-03-01,2026-01-03 00:00:00,76.22,2.697,106.59
SENSOR-00010094,MCH-005-03-01,2026-01-03 04:00:00,69.48,2.074,99.85
SENSOR-00010095,MCH-005-03-01,2026-01-03 08:00:00,76.9,2.266,103.23
SENSOR-00010096,MCH-005-03-01,2026-01-03 12:00:00,76.19,1.875,100.51
SENSOR-00010097,MCH-005-03-01,2026-01-03 16:00:00,69.11,2.176,99.11
SENSOR-00010098,MCH-005-03-01,2026-01-03 20:00:00,77.03,2.31,98.94
SENSOR-00010099,MCH-005-03-01,2026-01-04 00:00:00,68.78,2.319,104.88
SENSOR-00010100,MCH-005-03-01,2026-01-04 04:00:00,70.03,2.237,100.51
SENSOR-00010101,MCH-005-03-01,2026-01-04 08:00:00,78.41,2.184,101.78
SENSOR-00010102,MCH-005-03-01,2026-01-04 12:00:00,79.62,1.946,96.4
SENSOR-00010103,MCH-005-03-01,2026-01-04 16:00:00,73.68,2.561,101.33
SENSOR-00010104,MCH-005-03-01,2026-01-04 20:00:00,78.33,1.891,101.37
SENSOR-00010105,MCH-005-03-01,2026-01-05 00:00:00,81.45,2.242,106.42
SENSOR-00010106,MCH-005-03-01,2026-01-05 04:00:00,65.96,2.126,96.44
SENSOR-00010107,MCH-005-03-01,2026-01-05 08:00:00,76.99,2.013,103.35
SENSOR-00010108,MCH-005-03-01,2026-01-05 12:00:00,76.79,2.361,99.99
SENSOR-00010109,MCH-005-03-01,2026-01-05 16:00:00,69.83,2.466,98.79
SENSOR-00010110,MCH-005-03-01,2026-01-05 20:00:00,77.09,2.689,99.38
SENSOR-00010111,MCH-005-03-01,2026-01-06 00:00:00,72.59,1.946,94.58
SENSOR-00010112,MCH-005-03-01,2026-01-06 04:00:00,72.66,2.244,97.67
SENSOR-00010113,MCH-005-03-01,2026-01-06 08:00:00,74.6,2.805,104.78
SENSOR-00010114,MCH-005-03-01,2026-01-06 12:00:00,73.95,2.319,102.11
SENSOR-00010115,MCH-005-03-01,2026-01-06 16:00:00,74.84,2.465,101.01
SENSOR-00010116,MCH-005-03-01,2026-01-06 20:00:00,74.23,2.141,101.23
SENSOR-00010117,MCH-005-03-01,2026-01-07 00:00:00,75.42,2.085,103.51
SENSOR-00010118,MCH-005-03-01,2026-01-07 04:00:00,76.57,2.163,96.97
SENSOR-00010119,MCH-005-03-01,2026-01-07 08:00:00,72.12,2.262,96.75
SENSOR-00010120,MCH-005-03-01,2026-01-07 12:00:00,71.78,2.141,99.39
SENSOR-00010121,MCH-005-03-01,2026-01-07 16:00:00,72.83,2.411,100.09
SENSOR-00010122,MCH-005-03-01,2026-01-07 20:00:00,75.22,2.351,99.42
SENSOR-00010123,MCH-005-03-01,2026-01-08 00:00:00,68.07,2.345,96.16
SENSOR-00010124,MCH-005-03-01,2026-01-08 04:00:00,75.53,2.172,97.59
SENSOR-00010125,MCH-005-03-01,2026-01-08 08:00:00,66.77,2.266,96.53
SENSOR-00010126,MCH-005-03-01,2026-01-08 12:00:00,67.68,2.335,102.91
SENSOR-00010127,MCH-005-03-01,2026-01-08 16:00:00,75.19,1.931,99.59
SENSOR-00010128,MCH-005-03-01,2026-01-08 20:00:00,76.33,2.255,100.98
SENSOR-00010129,MCH-005-03-01,2026-01-09 00:00:00,69.08,1.947,98.03
SENSOR-00010130,MCH-005-03-01,2026-01-09 04:00:00,76.09,2.269,98.25
SENSOR-00010131,MCH-005-03-01,2026-01-09 08:00:00,72.92,1.775,101.72
SENSOR-00010132,MCH-005-03-01,2026-01-09 12:00:00,64.62,2.112,99.76
SENSOR-00010133,MCH-005-03-01,2026-01-09 16:00:00,75.39,2.348,99.85
SENSOR-00010134,MCH-005-03-01,2026-01-09 20:00:00,79.44,2.792,100.02
SENSOR-00010135,MCH-005-03-01,2026-01-10 00:00:00,76.42,2.541,100.6
SENSOR-00010136,MCH-005-03-01,2026-01-10 04:00:00,70.99,2.399,96.89
SENSOR-00010137,MCH-005-03-01,2026-01-10 08:00:00,68.93,2.489,103.29
SENSOR-00010138,MCH-005-03-01,2026-01-10 12:00:00,70.64,1.997,97.37
SENSOR-00010139,MCH-005-03-01,2026-01-10 16:00:00,74.4,1.998,103.85
SENSOR-00010140,MCH-005-03-01,2026-01-10 20:00:00,71.75,2.38,97.77
SENSOR-00010141,MCH-005-03-01,2026-01-11 00:00:00,76.47,2.41,99.68
SENSOR-00010142,MCH-005-03-01,2026-01-11 04:00:00,76.63,1.904,99.81
SENSOR-00010143,MCH-005-03-01,2026-01-11 08:00:00,70.51,2.262,98.59
SENSOR-00010144,MCH-005-03-01,2026-01-11 12:00:00,73.85,2.291,100.42
SENSOR-00010145,MCH-005-03-01,2026-01-11 16:00:00,74.32,2.432,96.22
SENSOR-00010146,MCH-005-03-01,2026-01-11 20:00:00,75.65,1.911,91.62
SENSOR-00010147,MCH-005-03-01,2026-01-12 00:00:00,71.83,2.381,100.72
SENSOR-00010148,MCH-005-03-01,2026-01-12 04:00:00,74.12,2.479,99.67
SENSOR-00010149,MCH-005-03-01,2026-01-12 08:00:00,79.18,2.215,102.08
SENSOR-00010150,MCH-005-03-01,2026-01-12 12:00:00,76.53,1.879,101.32
SENSOR-00010151,MCH-005-03-01,2026-01-12 16:00:00,71.05,2.037,98.73
SENSOR-00010152,MCH-005-03-01,2026-01-12 20:00:00,74.26,1.898,100.08
SENSOR-00010153,MCH-005-03-01,2026-01-13 00:00:00,72.77,2.104,101.29
SENSOR-00010154,MCH-005-03-01,2026-01-13 04:00:00,67.92,1.963,103.92
SENSOR-00010155,MCH-005-03-01,2026-01-13 08:00:00,75.9,2.074,109.41
SENSOR-00010156,MCH-005-03-01,2026-01-13 12:00:00,68.08,2.444,97.61
SENSOR-00010157,MCH-005-03-01,2026-01-13 16:00:00,80.73,2.156,99.15
SENSOR-00010158,MCH-005-03-01,2026-01-13 20:00:00,66.37,2.809,98.15
SENSOR-00010159,MCH-005-03-01,2026-01-14 00:00:00,76.19,2.504,99.08
SENSOR-00010160,MCH-005-03-01,2026-01-14 04:00:00,68.36,2.219,97.8
SENSOR-00010161,MCH-005-03-01,2026-01-14 08:00:00,73.41,2.165,94.97
SENSOR-00010162,MCH-005-03-01,2026-01-14 12:00:00,78.68,2.254,99.01
SENSOR-00010163,MCH-005-03-01,2026-01-14 16:00:00,69.19,2.17,97.41
SENSOR-00010164,MCH-005-03-01,2026-01-14 20:00:00,68.83,2.329,98.59
SENSOR-00010165,MCH-005-03-01,2026-01-15 00:00:00,73.78,1.988,99.64
SENSOR-00010166,MCH-005-03-01,2026-01-15 04:00:00,77.17,2.428,103.18
SENSOR-00010167,MCH-005-03-01,2026-01-15 08:00:00,72.4,2.516,97.92
SENSOR-00010168,MCH-005-03-01,2026-01-15 12:00:00,71.78,2.321,102.55
SENSOR-00010169,MCH-005-03-01,2026-01-15 16:00:00,71.42,2.463,100.69
SENSOR-00010170,MCH-005-03-01,2026-01-15 20:00:00,74.96,2.075,98.85
SENSOR-00010171,MCH-005-03-01,2026-01-16 00:00:00,73.91,2.194,103.65
SENSOR-00010172,MCH-005-03-01,2026-01-16 04:00:00,72.77,2.425,98.72
SENSOR-00010173,MCH-005-03-01,2026-01-16 08:00:00,70.86,2.481,103.24
SENSOR-00010174,MCH-005-03-01,2026-01-16 12:00:00,68.53,2.574,97.08
SENSOR-00010175,MCH-005-03-01,2026-01-16 16:00:00,64.28,2.291,101.52
SENSOR-00010176,MCH-005-03-01,2026-01-16 20:00:00,67.55,1.793,98.52
SENSOR-00010177,MCH-005-03-01,2026-01-17 00:00:00,78.07,2.507,99.63
SENSOR-00010178,MCH-005-03-01,2026-01-17 04:00:00,67.65,2.267,97.97
SENSOR-00010179,MCH-005-03-01,2026-01-17 08:00:00,77.3,2.182,98.66
SENSOR-00010180,MCH-005-03-01,2026-01-17 12:00:00,82.31,2.489,103.23
SENSOR-00010181,MCH-005-03-01,2026-01-17 16:00:00,71.56,2.014,103.2
SENSOR-00010182,MCH-005-03-01,2026-01-17 20:00:00,79.58,1.967,98.45
SENSOR-00010183,MCH-005-03-01,2026-01-18 00:00:00,75.58,2.52,98.9
SENSOR-00010184,MCH-005-03-01,2026-01-18 04:00:00,72.52,2.293,100.97
SENSOR-00010185,MCH-005-03-01,2026-01-18 08:00:00,79.11,2.121,99.59
SENSOR-00010186,MCH-005-03-01,2026-01-18 12:00:00,70.44,1.797,102.76
SENSOR-00010187,MCH-005-03-01,2026-01-18 16:00:00,80.6,2.48,100.69
SENSOR-00010188,MCH-005-03-01,2026-01-18 20:00:00,81.02,2.403,102.41
SENSOR-00010189,MCH-005-03-01,2026-01-19 00:00:00,83.19,2.464,103.52
SENSOR-00010190,MCH-005-03-01,2026-01-19 04:00:00,77.22,1.707,99.6
SENSOR-00010191,MCH-005-03-01,2026-01-19 08:00:00,75.4,1.767,99.15
SENSOR-00010192,MCH-005-03-01,2026-01-19 12:00:00,73.29,1.981,97.09
SENSOR-00010193,MCH-005-03-01,2026-01-19 16:00:00,78.96,1.394,100.81
SENSOR-00010194,MCH-005-03-01,2026-01-19 20:00:00,78.26,2.282,104.23
SENSOR-00010195,MCH-005-03-01,2026-01-20 00:00:00,69.12,2.393,97.0
SENSOR-00010196,MCH-005-03-01,2026-01-20 04:00:00,68.64,2.02,100.62
SENSOR-00010197,MCH-005-03-01,2026-01-20 08:00:00,76.29,2.476,100.64
SENSOR-00010198,MCH-005-03-01,2026-01-20 12:00:00,75.75,2.275,101.37
SENSOR-00010199,MCH-005-03-01,2026-01-20 16:00:00,75.37,2.106,96.77
SENSOR-00010200,MCH-005-03-01,2026-01-20 20:00:00,79.02,2.32,103.16
SENSOR-00010201,MCH-005-03-01,2026-01-21 00:00:00,66.18,2.531,93.28
SENSOR-00010202,MCH-005-03-01,2026-01-21 04:00:00,71.6,2.086,97.22
SENSOR-00010203,MCH-005-03-01,2026-01-21 08:00:00,71.85,2.025,96.35
SENSOR-00010204,MCH-005-03-01,2026-01-21 12:00:00,74.63,2.555,94.79
SENSOR-00010205,MCH-005-03-01,2026-01-21 16:00:00,74.39,2.424,101.34
SENSOR-00010206,MCH-005-03-01,2026-01-21 20:00:00,72.72,2.139,102.28
SENSOR-00010207,MCH-005-03-01,2026-01-22 00:00:00,74.54,2.041,96.29
SENSOR-00010208,MCH-005-03-01,2026-01-22 04:00:00,76.07,2.582,96.45
SENSOR-00010209,MCH-005-03-01,2026-01-22 08:00:00,77.42,2.285,93.36
SENSOR-00010210,MCH-005-03-01,2026-01-22 12:00:00,67.87,2.441,95.13
SENSOR-00010211,MCH-005-03-01,2026-01-22 16:00:00,71.13,2.268,101.34
SENSOR-00010212,MCH-005-03-01,2026-01-22 20:00:00,74.35,2.681,97.55
SENSOR-00010213,MCH-005-03-01,2026-01-23 00:00:00,75.61,2.533,101.71
SENSOR-00010214,MCH-005-03-01,2026-01-23 04:00:00,73.97,2.269,101.65
SENSOR-00010215,MCH-005-03-01,2026-01-23 08:00:00,82.37,2.502,101.14
SENSOR-00010216,MCH-005-03-01,2026-01-23 12:00:00,68.13,2.078,99.03
SENSOR-00010217,MCH-005-03-01,2026-01-23 16:00:00,77.25,2.055,101.93
SENSOR-00010218,MCH-005-03-01,2026-01-23 20:00:00,74.09,2.377,99.35
SENSOR-00010219,MCH-005-03-01,2026-01-24 00:00:00,80.23,1.642,99.19
SENSOR-00010220,MCH-005-03-01,2026-01-24 04:00:00,77.43,2.293,98.07
SENSOR-00010221,MCH-005-03-01,2026-01-24 08:00:00,73.5,2.535,106.43
SENSOR-00010222,MCH-005-03-01,2026-01-24 12:00:00,77.87,2.163,99.3
SENSOR-00010223,MCH-005-03-01,2026-01-24 16:00:00,72.71,2.072,99.53
SENSOR-00010224,MCH-005-03-01,2026-01-24 20:00:00,72.51,1.989,102.51
SENSOR-00010225,MCH-005-03-01,2026-01-25 00:00:00,74.86,2.27,97.01
SENSOR-00010226,MCH-005-03-01,2026-01-25 04:00:00,72.94,2.397,100.92
SENSOR-00010227,MCH-005-03-01,2026-01-25 08:00:00,66.84,2.33,100.08
SENSOR-00010228,MCH-005-03-01,2026-01-25 12:00:00,66.02,2.087,101.47
SENSOR-00010229,MCH-005-03-01,2026-01-25 16:00:00,79.15,1.879,102.94
SENSOR-00010230,MCH-005-03-01,2026-01-25 20:00:00,66.09,2.638,99.28
SENSOR-00010231,MCH-005-03-01,2026-01-26 00:00:00,70.37,2.337,103.2
SENSOR-00010232,MCH-005-03-01,2026-01-26 04:00:00,74.94,2.551,97.32
SENSOR-00010233,MCH-005-03-01,2026-01-26 08:00:00,76.52,2.475,95.11
SENSOR-00010234,MCH-005-03-01,2026-01-26 12:00:00,78.01,2.371,99.16
SENSOR-00010235,MCH-005-03-01,2026-01-26 16:00:00,72.41,2.029,101.89
SENSOR-00010236,MCH-005-03-01,2026-01-26 20:00:00,74.82,2.434,100.24
SENSOR-00010237,MCH-005-03-01,2026-01-27 00:00:00,72.14,2.606,97.89
SENSOR-00010238,MCH-005-03-01,2026-01-27 04:00:00,70.95,2.046,96.13
SENSOR-00010239,MCH-005-03-01,2026-01-27 08:00:00,69.95,2.358,98.52
SENSOR-00010240,MCH-005-03-01,2026-01-27 12:00:00,71.46,2.132,100.71
SENSOR-00010241,MCH-005-03-01,2026-01-27 16:00:00,75.17,1.821,97.72
SENSOR-00010242,MCH-005-03-01,2026-01-27 20:00:00,73.25,2.398,100.38
SENSOR-00010243,MCH-005-03-01,2026-01-28 00:00:00,69.82,2.303,95.04
SENSOR-00010244,MCH-005-03-01,2026-01-28 04:00:00,75.19,2.43,95.19
SENSOR-00010245,MCH-005-03-01,2026-01-28 08:00:00,74.26,2.235,104.43
SENSOR-00010246,MCH-005-03-01,2026-01-28 12:00:00,78.85,2.499,103.63
SENSOR-00010247,MCH-005-03-01,2026-01-28 16:00:00,72.15,2.354,99.24
SENSOR-00010248,MCH-005-03-01,2026-01-28 20:00:00,69.62,2.309,99.75
SENSOR-00010249,MCH-005-03-01,2026-01-29 00:00:00,73.08,2.36,96.79
SENSOR-00010250,MCH-005-03-01,2026-01-29 04:00:00,70.55,2.252,103.55
SENSOR-00010251,MCH-005-03-01,2026-01-29 08:00:00,74.51,2.146,99.4
SENSOR-00010252,MCH-005-03-01,2026-01-29 12:00:00,70.94,2.186,102.17
SENSOR-00010253,MCH-005-03-01,2026-01-29 16:00:00,65.93,2.617,106.57
SENSOR-00010254,MCH-005-03-01,2026-01-29 20:00:00,74.26,2.081,103.49
SENSOR-00010255,MCH-005-03-01,2026-01-30 00:00:00,72.27,2.502,99.38
SENSOR-00010256,MCH-005-03-01,2026-01-30 04:00:00,80.96,2.126,101.18
SENSOR-00010257,MCH-005-03-01,2026-01-30 08:00:00,82.37,2.549,102.24
SENSOR-00010258,MCH-005-03-01,2026-01-30 12:00:00,74.8,2.302,99.48
SENSOR-00010259,MCH-005-03-01,2026-01-30 16:00:00,71.36,1.905,101.92
SENSOR-00010260,MCH-005-03-01,2026-01-30 20:00:00,67.46,2.452,99.07
SENSOR-00010261,MCH-005-03-02,2026-01-01 00:00:00,86.98,1.787,108.87
SENSOR-00010262,MCH-005-03-02,2026-01-01 04:00:00,75.01,2.024,100.68
SENSOR-00010263,MCH-005-03-02,2026-01-01 08:00:00,69.13,2.138,97.79
SENSOR-00010264,MCH-005-03-02,2026-01-01 12:00:00,73.48,2.097,97.03
SENSOR-00010265,MCH-005-03-02,2026-01-01 16:00:00,72.35,2.143,97.85
SENSOR-00010266,MCH-005-03-02,2026-01-01 20:00:00,68.93,2.179,103.27
SENSOR-00010267,MCH-005-03-02,2026-01-02 00:00:00,74.21,2.003,101.52
SENSOR-00010268,MCH-005-03-02,2026-01-02 04:00:00,68.12,1.901,97.9
SENSOR-00010269,MCH-005-03-02,2026-01-02 08:00:00,65.34,1.905,96.9
SENSOR-00010270,MCH-005-03-02,2026-01-02 12:00:00,72.91,1.785,97.99
SENSOR-00010271,MCH-005-03-02,2026-01-02 16:00:00,70.65,2.504,97.92
SENSOR-00010272,MCH-005-03-02,2026-01-02 20:00:00,65.11,1.723,97.42
SENSOR-00010273,MCH-005-03-02,2026-01-03 00:00:00,74.75,2.034,104.52
SENSOR-00010274,MCH-005-03-02,2026-01-03 04:00:00,72.38,2.278,94.55
SENSOR-00010275,MCH-005-03-02,2026-01-03 08:00:00,63.84,1.635,98.72
SENSOR-00010276,MCH-005-03-02,2026-01-03 12:00:00,64.48,2.361,99.4
SENSOR-00010277,MCH-005-03-02,2026-01-03 16:00:00,73.1,1.928,102.47
SENSOR-00010278,MCH-005-03-02,2026-01-03 20:00:00,62.78,2.039,101.5
SENSOR-00010279,MCH-005-03-02,2026-01-04 00:00:00,68.56,1.907,101.94
SENSOR-00010280,MCH-005-03-02,2026-01-04 04:00:00,67.36,2.179,103.3
SENSOR-00010281,MCH-005-03-02,2026-01-04 08:00:00,70.29,2.298,99.79
SENSOR-00010282,MCH-005-03-02,2026-01-04 12:00:00,67.89,1.635,100.83
SENSOR-00010283,MCH-005-03-02,2026-01-04 16:00:00,71.82,2.297,102.65
SENSOR-00010284,MCH-005-03-02,2026-01-04 20:00:00,78.91,1.906,101.07
SENSOR-00010285,MCH-005-03-02,2026-01-05 00:00:00,65.25,2.11,100.39
SENSOR-00010286,MCH-005-03-02,2026-01-05 04:00:00,69.47,1.932,97.43
SENSOR-00010287,MCH-005-03-02,2026-01-05 08:00:00,71.96,1.81,101.1
SENSOR-00010288,MCH-005-03-02,2026-01-05 12:00:00,68.34,1.946,103.65
SENSOR-00010289,MCH-005-03-02,2026-01-05 16:00:00,74.46,1.802,97.38
SENSOR-00010290,MCH-005-03-02,2026-01-05 20:00:00,73.75,1.693,104.36
SENSOR-00010291,MCH-005-03-02,2026-01-06 00:00:00,71.19,2.235,97.81
SENSOR-00010292,MCH-005-03-02,2026-01-06 04:00:00,70.58,2.026,102.04
SENSOR-00010293,MCH-005-03-02,2026-01-06 08:00:00,81.34,1.868,100.24
SENSOR-00010294,MCH-005-03-02,2026-01-06 12:00:00,67.6,1.929,96.77
SENSOR-00010295,MCH-005-03-02,2026-01-06 16:00:00,64.52,2.347,101.07
SENSOR-00010296,MCH-005-03-02,2026-01-06 20:00:00,71.01,1.833,99.78
SENSOR-00010297,MCH-005-03-02,2026-01-07 00:00:00,64.21,2.232,101.63
SENSOR-00010298,MCH-005-03-02,2026-01-07 04:00:00,71.39,2.463,100.07
SENSOR-00010299,MCH-005-03-02,2026-01-07 08:00:00,72.36,2.169,102.63
SENSOR-00010300,MCH-005-03-02,2026-01-07 12:00:00,69.75,1.89,102.92
SENSOR-00010301,MCH-005-03-02,2026-01-07 16:00:00,74.33,2.37,101.25
SENSOR-00010302,MCH-005-03-02,2026-01-07 20:00:00,64.05,2.092,100.1
SENSOR-00010303,MCH-005-03-02,2026-01-08 00:00:00,76.56,2.246,97.24
SENSOR-00010304,MCH-005-03-02,2026-01-08 04:00:00,67.33,1.821,99.65
SENSOR-00010305,MCH-005-03-02,2026-01-08 08:00:00,73.86,2.292,98.87
SENSOR-00010306,MCH-005-03-02,2026-01-08 12:00:00,70.52,2.47,95.55
SENSOR-00010307,MCH-005-03-02,2026-01-08 16:00:00,73.19,2.184,99.11
SENSOR-00010308,MCH-005-03-02,2026-01-08 20:00:00,70.57,2.156,99.12
SENSOR-00010309,MCH-005-03-02,2026-01-09 00:00:00,68.65,2.177,97.46
SENSOR-00010310,MCH-005-03-02,2026-01-09 04:00:00,64.49,1.869,105.19
SENSOR-00010311,MCH-005-03-02,2026-01-09 08:00:00,68.34,2.084,96.02
SENSOR-00010312,MCH-005-03-02,2026-01-09 12:00:00,76.01,1.976,98.64
SENSOR-00010313,MCH-005-03-02,2026-01-09 16:00:00,70.11,2.679,101.32
SENSOR-00010314,MCH-005-03-02,2026-01-09 20:00:00,70.01,1.331,104.06
SENSOR-00010315,MCH-005-03-02,2026-01-10 00:00:00,64.36,2.031,99.83
SENSOR-00010316,MCH-005-03-02,2026-01-10 04:00:00,65.63,1.561,100.85
SENSOR-00010317,MCH-005-03-02,2026-01-10 08:00:00,69.52,1.997,102.24
SENSOR-00010318,MCH-005-03-02,2026-01-10 12:00:00,62.89,2.066,101.99
SENSOR-00010319,MCH-005-03-02,2026-01-10 16:00:00,69.91,1.697,98.02
SENSOR-00010320,MCH-005-03-02,2026-01-10 20:00:00,68.83,1.656,101.11
SENSOR-00010321,MCH-005-03-02,2026-01-11 00:00:00,66.36,2.087,98.8
SENSOR-00010322,MCH-005-03-02,2026-01-11 04:00:00,68.95,2.041,103.01
SENSOR-00010323,MCH-005-03-02,2026-01-11 08:00:00,68.47,2.097,101.33
SENSOR-00010324,MCH-005-03-02,2026-01-11 12:00:00,65.8,2.182,102.45
SENSOR-00010325,MCH-005-03-02,2026-01-11 16:00:00,74.5,1.774,96.88
SENSOR-00010326,MCH-005-03-02,2026-01-11 20:00:00,70.42,2.023,100.06
SENSOR-00010327,MCH-005-03-02,2026-01-12 00:00:00,78.79,1.786,98.77
SENSOR-00010328,MCH-005-03-02,2026-01-12 04:00:00,74.21,2.175,102.12
SENSOR-00010329,MCH-005-03-02,2026-01-12 08:00:00,60.15,1.563,105.35
SENSOR-00010330,MCH-005-03-02,2026-01-12 12:00:00,73.74,2.14,96.27
SENSOR-00010331,MCH-005-03-02,2026-01-12 16:00:00,68.98,2.194,95.85
SENSOR-00010332,MCH-005-03-02,2026-01-12 20:00:00,67.82,2.145,101.77
SENSOR-00010333,MCH-005-03-02,2026-01-13 00:00:00,77.07,1.525,98.01
SENSOR-00010334,MCH-005-03-02,2026-01-13 04:00:00,72.43,2.038,102.1
SENSOR-00010335,MCH-005-03-02,2026-01-13 08:00:00,65.06,1.988,103.45
SENSOR-00010336,MCH-005-03-02,2026-01-13 12:00:00,64.67,1.991,98.41
SENSOR-00010337,MCH-005-03-02,2026-01-13 16:00:00,72.09,2.149,100.29
SENSOR-00010338,MCH-005-03-02,2026-01-13 20:00:00,69.48,2.067,99.51
SENSOR-00010339,MCH-005-03-02,2026-01-14 00:00:00,69.71,1.686,98.1
SENSOR-00010340,MCH-005-03-02,2026-01-14 04:00:00,73.1,2.392,103.24
SENSOR-00010341,MCH-005-03-02,2026-01-14 08:00:00,70.22,2.194,102.43
SENSOR-00010342,MCH-005-03-02,2026-01-14 12:00:00,79.64,1.9,104.53
SENSOR-00010343,MCH-005-03-02,2026-01-14 16:00:00,66.27,2.346,98.14
SENSOR-00010344,MCH-005-03-02,2026-01-14 20:00:00,67.91,1.98,97.67
SENSOR-00010345,MCH-005-03-02,2026-01-15 00:00:00,64.18,2.538,103.96
SENSOR-00010346,MCH-005-03-02,2026-01-15 04:00:00,62.73,2.215,96.66
SENSOR-00010347,MCH-005-03-02,2026-01-15 08:00:00,68.61,1.739,94.0
SENSOR-00010348,MCH-005-03-02,2026-01-15 12:00:00,70.46,2.525,97.22
SENSOR-00010349,MCH-005-03-02,2026-01-15 16:00:00,74.21,2.313,102.17
SENSOR-00010350,MCH-005-03-02,2026-01-15 20:00:00,78.63,2.29,105.41
SENSOR-00010351,MCH-005-03-02,2026-01-16 00:00:00,68.37,2.052,98.19
SENSOR-00010352,MCH-005-03-02,2026-01-16 04:00:00,70.13,2.035,98.1
SENSOR-00010353,MCH-005-03-02,2026-01-16 08:00:00,73.93,2.396,96.55
SENSOR-00010354,MCH-005-03-02,2026-01-16 12:00:00,71.51,1.694,94.74
SENSOR-00010355,MCH-005-03-02,2026-01-16 16:00:00,74.79,2.553,99.01
SENSOR-00010356,MCH-005-03-02,2026-01-16 20:00:00,77.97,1.889,99.3
SENSOR-00010357,MCH-005-03-02,2026-01-17 00:00:00,71.55,2.014,97.92
SENSOR-00010358,MCH-005-03-02,2026-01-17 04:00:00,71.89,2.272,99.18
SENSOR-00010359,MCH-005-03-02,2026-01-17 08:00:00,74.49,2.12,99.72
SENSOR-00010360,MCH-005-03-02,2026-01-17 12:00:00,74.29,1.924,96.25
SENSOR-00010361,MCH-005-03-02,2026-01-17 16:00:00,70.43,2.06,99.33
SENSOR-00010362,MCH-005-03-02,2026-01-17 20:00:00,75.4,2.176,99.65
SENSOR-00010363,MCH-005-03-02,2026-01-18 00:00:00,71.39,1.68,98.31
SENSOR-00010364,MCH-005-03-02,2026-01-18 04:00:00,66.92,2.392,100.75
SENSOR-00010365,MCH-005-03-02,2026-01-18 08:00:00,72.36,2.035,98.12
SENSOR-00010366,MCH-005-03-02,2026-01-18 12:00:00,68.86,2.174,99.22
SENSOR-00010367,MCH-005-03-02,2026-01-18 16:00:00,72.65,2.087,100.89
SENSOR-00010368,MCH-005-03-02,2026-01-18 20:00:00,72.03,1.92,99.07
SENSOR-00010369,MCH-005-03-02,2026-01-19 00:00:00,68.97,2.138,101.85
SENSOR-00010370,MCH-005-03-02,2026-01-19 04:00:00,69.17,1.94,97.47
SENSOR-00010371,MCH-005-03-02,2026-01-19 08:00:00,72.67,2.161,102.72
SENSOR-00010372,MCH-005-03-02,2026-01-19 12:00:00,71.16,1.723,98.95
SENSOR-00010373,MCH-005-03-02,2026-01-19 16:00:00,74.07,1.617,99.75
SENSOR-00010374,MCH-005-03-02,2026-01-19 20:00:00,71.78,2.552,98.2
SENSOR-00010375,MCH-005-03-02,2026-01-20 00:00:00,69.51,1.988,99.6
SENSOR-00010376,MCH-005-03-02,2026-01-20 04:00:00,74.96,1.939,101.48
SENSOR-00010377,MCH-005-03-02,2026-01-20 08:00:00,71.57,2.261,99.59
SENSOR-00010378,MCH-005-03-02,2026-01-20 12:00:00,71.93,2.02,97.04
SENSOR-00010379,MCH-005-03-02,2026-01-20 16:00:00,77.04,1.861,98.56
SENSOR-00010380,MCH-005-03-02,2026-01-20 20:00:00,67.21,2.152,98.57
SENSOR-00010381,MCH-005-03-02,2026-01-21 00:00:00,69.84,1.708,96.77
SENSOR-00010382,MCH-005-03-02,2026-01-21 04:00:00,69.26,2.537,99.49
SENSOR-00010383,MCH-005-03-02,2026-01-21 08:00:00,69.14,2.262,102.75
SENSOR-00010384,MCH-005-03-02,2026-01-21 12:00:00,73.28,2.101,96.69
SENSOR-00010385,MCH-005-03-02,2026-01-21 16:00:00,67.64,1.653,99.33
SENSOR-00010386,MCH-005-03-02,2026-01-21 20:00:00,68.94,1.919,100.84
SENSOR-00010387,MCH-005-03-02,2026-01-22 00:00:00,72.31,2.085,101.08
SENSOR-00010388,MCH-005-03-02,2026-01-22 04:00:00,68.98,2.162,103.43
SENSOR-00010389,MCH-005-03-02,2026-01-22 08:00:00,68.66,1.936,101.89
SENSOR-00010390,MCH-005-03-02,2026-01-22 12:00:00,68.42,1.871,101.27
SENSOR-00010391,MCH-005-03-02,2026-01-22 16:00:00,68.92,2.357,98.6
SENSOR-00010392,MCH-005-03-02,2026-01-22 20:00:00,67.36,2.05,101.31
SENSOR-00010393,MCH-005-03-02,2026-01-23 00:00:00,66.71,1.999,101.39
SENSOR-00010394,MCH-005-03-02,2026-01-23 04:00:00,68.5,1.831,98.62
SENSOR-00010395,MCH-005-03-02,2026-01-23 08:00:00,75.06,2.325,98.57
SENSOR-00010396,MCH-005-03-02,2026-01-23 12:00:00,72.67,2.047,103.85
SENSOR-00010397,MCH-005-03-02,2026-01-23 16:00:00,71.41,2.001,104.8
SENSOR-00010398,MCH-005-03-02,2026-01-23 20:00:00,66.94,2.131,104.1
SENSOR-00010399,MCH-005-03-02,2026-01-24 00:00:00,65.23,2.062,103.64
SENSOR-00010400,MCH-005-03-02,2026-01-24 04:00:00,67.83,2.192,99.15
SENSOR-00010401,MCH-005-03-02,2026-01-24 08:00:00,72.19,2.321,98.71
SENSOR-00010402,MCH-005-03-02,2026-01-24 12:00:00,76.63,2.139,105.85
SENSOR-00010403,MCH-005-03-02,2026-01-24 16:00:00,67.31,1.891,99.3
SENSOR-00010404,MCH-005-03-02,2026-01-24 20:00:00,65.79,2.283,99.77
SENSOR-00010405,MCH-005-03-02,2026-01-25 00:00:00,74.07,1.969,105.05
SENSOR-00010406,MCH-005-03-02,2026-01-25 04:00:00,65.76,2.253,97.72
SENSOR-00010407,MCH-005-03-02,2026-01-25 08:00:00,79.49,2.226,94.89
SENSOR-00010408,MCH-005-03-02,2026-01-25 12:00:00,66.91,2.222,101.97
SENSOR-00010409,MCH-005-03-02,2026-01-25 16:00:00,72.97,2.09,99.04
SENSOR-00010410,MCH-005-03-02,2026-01-25 20:00:00,74.99,1.835,100.16
SENSOR-00010411,MCH-005-03-02,2026-01-26 00:00:00,70.76,2.009,98.5
SENSOR-00010412,MCH-005-03-02,2026-01-26 04:00:00,75.49,1.958,102.11
SENSOR-00010413,MCH-005-03-02,2026-01-26 08:00:00,73.51,1.983,96.23
SENSOR-00010414,MCH-005-03-02,2026-01-26 12:00:00,67.11,2.371,101.48
SENSOR-00010415,MCH-005-03-02,2026-01-26 16:00:00,71.2,1.909,105.2
SENSOR-00010416,MCH-005-03-02,2026-01-26 20:00:00,67.17,2.086,101.51
SENSOR-00010417,MCH-005-03-02,2026-01-27 00:00:00,64.68,2.243,102.42
SENSOR-00010418,MCH-005-03-02,2026-01-27 04:00:00,70.67,1.985,102.22
SENSOR-00010419,MCH-005-03-02,2026-01-27 08:00:00,73.44,1.805,97.45
SENSOR-00010420,MCH-005-03-02,2026-01-27 12:00:00,73.47,2.119,101.82
SENSOR-00010421,MCH-005-03-02,2026-01-27 16:00:00,67.06,1.863,101.39
SENSOR-00010422,MCH-005-03-02,2026-01-27 20:00:00,67.91,1.671,98.0
SENSOR-00010423,MCH-005-03-02,2026-01-28 00:00:00,72.25,2.635,102.37
SENSOR-00010424,MCH-005-03-02,2026-01-28 04:00:00,71.25,1.813,99.47
SENSOR-00010425,MCH-005-03-02,2026-01-28 08:00:00,68.38,1.689,93.61
SENSOR-00010426,MCH-005-03-02,2026-01-28 12:00:00,67.32,2.043,103.36
SENSOR-00010427,MCH-005-03-02,2026-01-28 16:00:00,67.69,2.099,94.9
SENSOR-00010428,MCH-005-03-02,2026-01-28 20:00:00,67.44,1.439,106.7
SENSOR-00010429,MCH-005-03-02,2026-01-29 00:00:00,75.83,2.033,101.3
SENSOR-00010430,MCH-005-03-02,2026-01-29 04:00:00,64.89,2.7,98.85
SENSOR-00010431,MCH-005-03-02,2026-01-29 08:00:00,67.83,2.188,98.07
SENSOR-00010432,MCH-005-03-02,2026-01-29 12:00:00,72.34,1.736,100.44
SENSOR-00010433,MCH-005-03-02,2026-01-29 16:00:00,68.23,1.855,97.18
SENSOR-00010434,MCH-005-03-02,2026-01-29 20:00:00,74.18,1.964,99.45
SENSOR-00010435,MCH-005-03-02,2026-01-30 00:00:00,69.71,2.146,103.66
SENSOR-00010436,MCH-005-03-02,2026-01-30 04:00:00,63.85,2.405,101.56
SENSOR-00010437,MCH-005-03-02,2026-01-30 08:00:00,69.68,1.684,98.28
SENSOR-00010438,MCH-005-03-02,2026-01-30 12:00:00,74.74,2.058,99.46
SENSOR-00010439,MCH-005-03-02,2026-01-30 16:00:00,66.75,2.235,99.55
SENSOR-00010440,MCH-005-03-02,2026-01-30 20:00:00,69.69,2.027,98.06
SENSOR-00010441,MCH-005-03-03,2026-01-01 00:00:00,82.42,2.617,103.84
SENSOR-00010442,MCH-005-03-03,2026-01-01 04:00:00,69.67,2.342,99.41
SENSOR-00010443,MCH-005-03-03,2026-01-01 08:00:00,80.58,2.619,99.51
SENSOR-00010444,MCH-005-03-03,2026-01-01 12:00:00,65.72,2.1,101.9
SENSOR-00010445,MCH-005-03-03,2026-01-01 16:00:00,73.59,2.362,101.84
SENSOR-00010446,MCH-005-03-03,2026-01-01 20:00:00,79.4,2.195,101.77
SENSOR-00010447,MCH-005-03-03,2026-01-02 00:00:00,71.41,2.216,96.22
SENSOR-00010448,MCH-005-03-03,2026-01-02 04:00:00,75.31,2.606,98.74
SENSOR-00010449,MCH-005-03-03,2026-01-02 08:00:00,66.05,2.36,100.82
SENSOR-00010450,MCH-005-03-03,2026-01-02 12:00:00,75.69,2.209,96.39
SENSOR-00010451,MCH-005-03-03,2026-01-02 16:00:00,78.41,2.477,97.96
SENSOR-00010452,MCH-005-03-03,2026-01-02 20:00:00,68.86,2.445,97.31
SENSOR-00010453,MCH-005-03-03,2026-01-03 00:00:00,67.51,2.645,104.43
SENSOR-00010454,MCH-005-03-03,2026-01-03 04:00:00,67.47,2.643,105.05
SENSOR-00010455,MCH-005-03-03,2026-01-03 08:00:00,67.68,2.273,97.45
SENSOR-00010456,MCH-005-03-03,2026-01-03 12:00:00,78.76,2.286,98.64
SENSOR-00010457,MCH-005-03-03,2026-01-03 16:00:00,76.55,2.779,99.82
SENSOR-00010458,MCH-005-03-03,2026-01-03 20:00:00,72.99,2.318,101.97
SENSOR-00010459,MCH-005-03-03,2026-01-04 00:00:00,72.27,2.124,101.03
SENSOR-00010460,MCH-005-03-03,2026-01-04 04:00:00,80.11,2.764,100.85
SENSOR-00010461,MCH-005-03-03,2026-01-04 08:00:00,74.59,2.487,107.43
SENSOR-00010462,MCH-005-03-03,2026-01-04 12:00:00,73.7,2.673,98.22
SENSOR-00010463,MCH-005-03-03,2026-01-04 16:00:00,71.55,2.832,100.01
SENSOR-00010464,MCH-005-03-03,2026-01-04 20:00:00,75.77,2.526,97.32
SENSOR-00010465,MCH-005-03-03,2026-01-05 00:00:00,80.24,2.171,98.44
SENSOR-00010466,MCH-005-03-03,2026-01-05 04:00:00,76.01,2.021,99.29
SENSOR-00010467,MCH-005-03-03,2026-01-05 08:00:00,83.07,2.847,102.69
SENSOR-00010468,MCH-005-03-03,2026-01-05 12:00:00,79.6,2.513,98.71
SENSOR-00010469,MCH-005-03-03,2026-01-05 16:00:00,81.44,2.152,102.91
SENSOR-00010470,MCH-005-03-03,2026-01-05 20:00:00,72.83,2.277,101.62
SENSOR-00010471,MCH-005-03-03,2026-01-06 00:00:00,73.99,2.075,94.58
SENSOR-00010472,MCH-005-03-03,2026-01-06 04:00:00,69.59,2.251,101.76
SENSOR-00010473,MCH-005-03-03,2026-01-06 08:00:00,71.61,2.173,101.19
SENSOR-00010474,MCH-005-03-03,2026-01-06 12:00:00,76.02,2.815,102.8
SENSOR-00010475,MCH-005-03-03,2026-01-06 16:00:00,70.77,2.222,102.24
SENSOR-00010476,MCH-005-03-03,2026-01-06 20:00:00,71.32,2.308,94.87
SENSOR-00010477,MCH-005-03-03,2026-01-07 00:00:00,80.65,2.177,95.8
SENSOR-00010478,MCH-005-03-03,2026-01-07 04:00:00,70.45,2.572,105.98
SENSOR-00010479,MCH-005-03-03,2026-01-07 08:00:00,77.93,2.225,103.56
SENSOR-00010480,MCH-005-03-03,2026-01-07 12:00:00,72.99,2.182,99.01
SENSOR-00010481,MCH-005-03-03,2026-01-07 16:00:00,72.54,2.214,103.67
SENSOR-00010482,MCH-005-03-03,2026-01-07 20:00:00,72.81,1.993,101.76
SENSOR-00010483,MCH-005-03-03,2026-01-08 00:00:00,77.39,2.296,101.41
SENSOR-00010484,MCH-005-03-03,2026-01-08 04:00:00,77.38,2.179,103.77
SENSOR-00010485,MCH-005-03-03,2026-01-08 08:00:00,75.52,2.311,104.77
SENSOR-00010486,MCH-005-03-03,2026-01-08 12:00:00,66.6,2.096,101.92
SENSOR-00010487,MCH-005-03-03,2026-01-08 16:00:00,77.57,2.801,93.23
SENSOR-00010488,MCH-005-03-03,2026-01-08 20:00:00,78.3,2.078,101.26
SENSOR-00010489,MCH-005-03-03,2026-01-09 00:00:00,78.2,2.441,101.92
SENSOR-00010490,MCH-005-03-03,2026-01-09 04:00:00,79.21,2.483,96.92
SENSOR-00010491,MCH-005-03-03,2026-01-09 08:00:00,77.38,2.382,98.94
SENSOR-00010492,MCH-005-03-03,2026-01-09 12:00:00,71.73,2.534,101.54
SENSOR-00010493,MCH-005-03-03,2026-01-09 16:00:00,71.05,2.113,105.67
SENSOR-00010494,MCH-005-03-03,2026-01-09 20:00:00,78.31,2.411,101.82
SENSOR-00010495,MCH-005-03-03,2026-01-10 00:00:00,74.47,2.16,99.34
SENSOR-00010496,MCH-005-03-03,2026-01-10 04:00:00,72.34,2.031,103.78
SENSOR-00010497,MCH-005-03-03,2026-01-10 08:00:00,74.27,2.71,95.65
SENSOR-00010498,MCH-005-03-03,2026-01-10 12:00:00,76.89,2.029,107.34
SENSOR-00010499,MCH-005-03-03,2026-01-10 16:00:00,67.95,2.838,99.94
SENSOR-00010500,MCH-005-03-03,2026-01-10 20:00:00,74.14,2.537,97.19
SENSOR-00010501,MCH-005-03-03,2026-01-11 00:00:00,72.72,2.207,101.54
SENSOR-00010502,MCH-005-03-03,2026-01-11 04:00:00,70.83,2.401,102.02
SENSOR-00010503,MCH-005-03-03,2026-01-11 08:00:00,82.51,2.549,95.59
SENSOR-00010504,MCH-005-03-03,2026-01-11 12:00:00,69.61,2.821,98.1
SENSOR-00010505,MCH-005-03-03,2026-01-11 16:00:00,68.8,2.138,102.38
SENSOR-00010506,MCH-005-03-03,2026-01-11 20:00:00,75.32,2.551,99.9
SENSOR-00010507,MCH-005-03-03,2026-01-12 00:00:00,74.87,2.58,104.48
SENSOR-00010508,MCH-005-03-03,2026-01-12 04:00:00,68.42,2.745,100.56
SENSOR-00010509,MCH-005-03-03,2026-01-12 08:00:00,72.38,2.56,104.07
SENSOR-00010510,MCH-005-03-03,2026-01-12 12:00:00,68.15,2.282,98.37
SENSOR-00010511,MCH-005-03-03,2026-01-12 16:00:00,77.37,2.755,100.22
SENSOR-00010512,MCH-005-03-03,2026-01-12 20:00:00,73.7,2.501,99.3
SENSOR-00010513,MCH-005-03-03,2026-01-13 00:00:00,76.78,2.635,97.02
SENSOR-00010514,MCH-005-03-03,2026-01-13 04:00:00,70.38,2.636,93.89
SENSOR-00010515,MCH-005-03-03,2026-01-13 08:00:00,75.49,2.747,102.14
SENSOR-00010516,MCH-005-03-03,2026-01-13 12:00:00,77.69,2.377,98.77
SENSOR-00010517,MCH-005-03-03,2026-01-13 16:00:00,83.49,2.698,102.54
SENSOR-00010518,MCH-005-03-03,2026-01-13 20:00:00,74.98,2.243,103.24
SENSOR-00010519,MCH-005-03-03,2026-01-14 00:00:00,78.06,2.378,104.4
SENSOR-00010520,MCH-005-03-03,2026-01-14 04:00:00,78.15,2.173,100.72
SENSOR-00010521,MCH-005-03-03,2026-01-14 08:00:00,76.54,2.507,100.96
SENSOR-00010522,MCH-005-03-03,2026-01-14 12:00:00,77.13,2.494,97.84
SENSOR-00010523,MCH-005-03-03,2026-01-14 16:00:00,73.04,2.326,100.29
SENSOR-00010524,MCH-005-03-03,2026-01-14 20:00:00,73.87,2.665,97.12
SENSOR-00010525,MCH-005-03-03,2026-01-15 00:00:00,76.29,2.198,99.47
SENSOR-00010526,MCH-005-03-03,2026-01-15 04:00:00,74.72,2.665,98.77
SENSOR-00010527,MCH-005-03-03,2026-01-15 08:00:00,70.97,2.253,101.1
SENSOR-00010528,MCH-005-03-03,2026-01-15 12:00:00,67.78,2.689,100.06
SENSOR-00010529,MCH-005-03-03,2026-01-15 16:00:00,76.6,2.444,98.0
SENSOR-00010530,MCH-005-03-03,2026-01-15 20:00:00,70.54,2.214,95.48
SENSOR-00010531,MCH-005-03-03,2026-01-16 00:00:00,71.03,1.963,105.27
SENSOR-00010532,MCH-005-03-03,2026-01-16 04:00:00,70.71,2.77,98.01
SENSOR-00010533,MCH-005-03-03,2026-01-16 08:00:00,73.7,2.063,103.83
SENSOR-00010534,MCH-005-03-03,2026-01-16 12:00:00,79.43,2.224,99.78
SENSOR-00010535,MCH-005-03-03,2026-01-16 16:00:00,77.52,2.272,104.09
SENSOR-00010536,MCH-005-03-03,2026-01-16 20:00:00,74.45,2.26,95.25
SENSOR-00010537,MCH-005-03-03,2026-01-17 00:00:00,71.01,2.38,92.76
SENSOR-00010538,MCH-005-03-03,2026-01-17 04:00:00,72.79,2.286,101.0
SENSOR-00010539,MCH-005-03-03,2026-01-17 08:00:00,73.6,2.01,98.01
SENSOR-00010540,MCH-005-03-03,2026-01-17 12:00:00,74.05,2.14,97.45
SENSOR-00010541,MCH-005-03-03,2026-01-17 16:00:00,78.89,2.233,101.32
SENSOR-00010542,MCH-005-03-03,2026-01-17 20:00:00,74.16,2.082,99.0
SENSOR-00010543,MCH-005-03-03,2026-01-18 00:00:00,79.0,2.682,101.66
SENSOR-00010544,MCH-005-03-03,2026-01-18 04:00:00,75.44,2.222,99.27
SENSOR-00010545,MCH-005-03-03,2026-01-18 08:00:00,74.16,2.689,100.53
SENSOR-00010546,MCH-005-03-03,2026-01-18 12:00:00,75.61,2.141,103.61
SENSOR-00010547,MCH-005-03-03,2026-01-18 16:00:00,71.8,2.318,103.93
SENSOR-00010548,MCH-005-03-03,2026-01-18 20:00:00,78.42,2.177,96.76
SENSOR-00010549,MCH-005-03-03,2026-01-19 00:00:00,76.28,2.277,103.07
SENSOR-00010550,MCH-005-03-03,2026-01-19 04:00:00,72.06,2.058,99.56
SENSOR-00010551,MCH-005-03-03,2026-01-19 08:00:00,76.51,2.187,96.86
SENSOR-00010552,MCH-005-03-03,2026-01-19 12:00:00,73.2,2.492,99.56
SENSOR-00010553,MCH-005-03-03,2026-01-19 16:00:00,85.41,2.355,102.25
SENSOR-00010554,MCH-005-03-03,2026-01-19 20:00:00,69.07,2.536,98.61
SENSOR-00010555,MCH-005-03-03,2026-01-20 00:00:00,69.73,2.896,104.39
SENSOR-00010556,MCH-005-03-03,2026-01-20 04:00:00,75.39,2.009,104.75
SENSOR-00010557,MCH-005-03-03,2026-01-20 08:00:00,79.42,2.415,103.6
SENSOR-00010558,MCH-005-03-03,2026-01-20 12:00:00,72.89,2.149,100.47
SENSOR-00010559,MCH-005-03-03,2026-01-20 16:00:00,68.66,2.112,101.63
SENSOR-00010560,MCH-005-03-03,2026-01-20 20:00:00,75.83,2.044,98.77
SENSOR-00010561,MCH-005-03-03,2026-01-21 00:00:00,74.47,2.51,100.69
SENSOR-00010562,MCH-005-03-03,2026-01-21 04:00:00,77.64,2.575,106.59
SENSOR-00010563,MCH-005-03-03,2026-01-21 08:00:00,70.35,2.448,101.04
SENSOR-00010564,MCH-005-03-03,2026-01-21 12:00:00,73.59,2.231,101.5
SENSOR-00010565,MCH-005-03-03,2026-01-21 16:00:00,76.48,2.126,94.61
SENSOR-00010566,MCH-005-03-03,2026-01-21 20:00:00,72.9,2.221,101.81
SENSOR-00010567,MCH-005-03-03,2026-01-22 00:00:00,74.01,2.339,95.66
SENSOR-00010568,MCH-005-03-03,2026-01-22 04:00:00,75.78,1.847,97.94
SENSOR-00010569,MCH-005-03-03,2026-01-22 08:00:00,78.02,1.833,102.01
SENSOR-00010570,MCH-005-03-03,2026-01-22 12:00:00,70.2,2.242,104.22
SENSOR-00010571,MCH-005-03-03,2026-01-22 16:00:00,72.36,2.793,99.08
SENSOR-00010572,MCH-005-03-03,2026-01-22 20:00:00,74.53,2.6,101.63
SENSOR-00010573,MCH-005-03-03,2026-01-23 00:00:00,71.78,2.184,98.33
SENSOR-00010574,MCH-005-03-03,2026-01-23 04:00:00,71.33,2.52,100.74
SENSOR-00010575,MCH-005-03-03,2026-01-23 08:00:00,81.19,2.292,100.6
SENSOR-00010576,MCH-005-03-03,2026-01-23 12:00:00,77.83,2.645,96.3
SENSOR-00010577,MCH-005-03-03,2026-01-23 16:00:00,76.49,2.426,100.91
SENSOR-00010578,MCH-005-03-03,2026-01-23 20:00:00,75.11,2.818,97.33
SENSOR-00010579,MCH-005-03-03,2026-01-24 00:00:00,74.85,2.365,96.01
SENSOR-00010580,MCH-005-03-03,2026-01-24 04:00:00,82.15,2.378,104.91
SENSOR-00010581,MCH-005-03-03,2026-01-24 08:00:00,72.38,2.597,98.31
SENSOR-00010582,MCH-005-03-03,2026-01-24 12:00:00,82.14,2.67,102.55
SENSOR-00010583,MCH-005-03-03,2026-01-24 16:00:00,71.97,2.866,106.11
SENSOR-00010584,MCH-005-03-03,2026-01-24 20:00:00,73.35,2.43,102.78
SENSOR-00010585,MCH-005-03-03,2026-01-25 00:00:00,79.61,2.556,95.88
SENSOR-00010586,MCH-005-03-03,2026-01-25 04:00:00,72.65,2.659,98.31
SENSOR-00010587,MCH-005-03-03,2026-01-25 08:00:00,78.15,2.287,102.16
SENSOR-00010588,MCH-005-03-03,2026-01-25 12:00:00,76.59,2.327,102.08
SENSOR-00010589,MCH-005-03-03,2026-01-25 16:00:00,66.23,2.118,98.61
SENSOR-00010590,MCH-005-03-03,2026-01-25 20:00:00,79.56,2.028,99.9
SENSOR-00010591,MCH-005-03-03,2026-01-26 00:00:00,76.73,2.763,96.85
SENSOR-00010592,MCH-005-03-03,2026-01-26 04:00:00,80.31,2.52,96.53
SENSOR-00010593,MCH-005-03-03,2026-01-26 08:00:00,72.05,2.203,100.51
SENSOR-00010594,MCH-005-03-03,2026-01-26 12:00:00,74.14,2.666,102.55
SENSOR-00010595,MCH-005-03-03,2026-01-26 16:00:00,68.69,2.035,101.84
SENSOR-00010596,MCH-005-03-03,2026-01-26 20:00:00,72.81,2.346,101.64
SENSOR-00010597,MCH-005-03-03,2026-01-27 00:00:00,83.22,2.394,98.28
SENSOR-00010598,MCH-005-03-03,2026-01-27 04:00:00,75.27,2.522,98.1
SENSOR-00010599,MCH-005-03-03,2026-01-27 08:00:00,84.15,2.009,95.64
SENSOR-00010600,MCH-005-03-03,2026-01-27 12:00:00,68.47,2.39,101.42
SENSOR-00010601,MCH-005-03-03,2026-01-27 16:00:00,73.55,2.507,101.37
SENSOR-00010602,MCH-005-03-03,2026-01-27 20:00:00,73.43,2.496,99.41
SENSOR-00010603,MCH-005-03-03,2026-01-28 00:00:00,71.17,2.636,99.06
SENSOR-00010604,MCH-005-03-03,2026-01-28 04:00:00,69.95,2.643,100.92
SENSOR-00010605,MCH-005-03-03,2026-01-28 08:00:00,70.09,2.054,93.5
SENSOR-00010606,MCH-005-03-03,2026-01-28 12:00:00,72.38,2.466,102.88
SENSOR-00010607,MCH-005-03-03,2026-01-28 16:00:00,76.57,2.063,99.15
SENSOR-00010608,MCH-005-03-03,2026-01-28 20:00:00,80.59,2.261,102.31
SENSOR-00010609,MCH-005-03-03,2026-01-29 00:00:00,74.67,2.233,97.07
SENSOR-00010610,MCH-005-03-03,2026-01-29 04:00:00,77.07,2.59,99.69
SENSOR-00010611,MCH-005-03-03,2026-01-29 08:00:00,73.71,2.71,98.73
SENSOR-00010612,MCH-005-03-03,2026-01-29 12:00:00,74.7,2.339,107.41
SENSOR-00010613,MCH-005-03-03,2026-01-29 16:00:00,71.51,2.597,94.9
SENSOR-00010614,MCH-005-03-03,2026-01-29 20:00:00,71.04,2.312,99.61
SENSOR-00010615,MCH-005-03-03,2026-01-30 00:00:00,81.57,2.297,110.87
SENSOR-00010616,MCH-005-03-03,2026-01-30 04:00:00,77.94,2.475,102.65
SENSOR-00010617,MCH-005-03-03,2026-01-30 08:00:00,67.99,2.682,96.03
SENSOR-00010618,MCH-005-03-03,2026-01-30 12:00:00,78.35,2.241,97.6
SENSOR-00010619,MCH-005-03-03,2026-01-30 16:00:00,81.96,2.365,95.41
SENSOR-00010620,MCH-005-03-03,2026-01-30 20:00:00,78.77,2.084,104.08
SENSOR-00010621,MCH-005-03-04,2026-01-01 00:00:00,72.7,2.042,99.29
SENSOR-00010622,MCH-005-03-04,2026-01-01 04:00:00,71.02,1.883,96.93
SENSOR-00010623,MCH-005-03-04,2026-01-01 08:00:00,65.93,2.009,97.43
SENSOR-00010624,MCH-005-03-04,2026-01-01 12:00:00,69.79,2.367,99.38
SENSOR-00010625,MCH-005-03-04,2026-01-01 16:00:00,70.98,1.977,103.92
SENSOR-00010626,MCH-005-03-04,2026-01-01 20:00:00,77.06,1.917,102.18
SENSOR-00010627,MCH-005-03-04,2026-01-02 00:00:00,71.02,1.802,100.99
SENSOR-00010628,MCH-005-03-04,2026-01-02 04:00:00,74.04,1.592,90.56
SENSOR-00010629,MCH-005-03-04,2026-01-02 08:00:00,70.26,1.842,104.02
SENSOR-00010630,MCH-005-03-04,2026-01-02 12:00:00,68.94,2.111,99.44
SENSOR-00010631,MCH-005-03-04,2026-01-02 16:00:00,64.24,2.042,96.02
SENSOR-00010632,MCH-005-03-04,2026-01-02 20:00:00,64.93,1.76,96.44
SENSOR-00010633,MCH-005-03-04,2026-01-03 00:00:00,71.05,1.787,100.07
SENSOR-00010634,MCH-005-03-04,2026-01-03 04:00:00,68.37,2.363,100.33
SENSOR-00010635,MCH-005-03-04,2026-01-03 08:00:00,70.74,1.714,98.23
SENSOR-00010636,MCH-005-03-04,2026-01-03 12:00:00,71.46,2.014,99.73
SENSOR-00010637,MCH-005-03-04,2026-01-03 16:00:00,63.41,1.831,99.18
SENSOR-00010638,MCH-005-03-04,2026-01-03 20:00:00,75.23,1.561,96.87
SENSOR-00010639,MCH-005-03-04,2026-01-04 00:00:00,73.71,1.993,100.82
SENSOR-00010640,MCH-005-03-04,2026-01-04 04:00:00,77.99,2.158,97.75
SENSOR-00010641,MCH-005-03-04,2026-01-04 08:00:00,68.5,2.252,103.13
SENSOR-00010642,MCH-005-03-04,2026-01-04 12:00:00,70.28,1.652,97.15
SENSOR-00010643,MCH-005-03-04,2026-01-04 16:00:00,71.15,2.179,103.01
SENSOR-00010644,MCH-005-03-04,2026-01-04 20:00:00,62.3,2.252,104.28
SENSOR-00010645,MCH-005-03-04,2026-01-05 00:00:00,66.16,2.151,102.85
SENSOR-00010646,MCH-005-03-04,2026-01-05 04:00:00,72.02,2.374,101.26
SENSOR-00010647,MCH-005-03-04,2026-01-05 08:00:00,77.81,2.051,100.76
SENSOR-00010648,MCH-005-03-04,2026-01-05 12:00:00,72.04,1.877,97.67
SENSOR-00010649,MCH-005-03-04,2026-01-05 16:00:00,66.83,1.895,106.21
SENSOR-00010650,MCH-005-03-04,2026-01-05 20:00:00,77.71,1.952,98.74
SENSOR-00010651,MCH-005-03-04,2026-01-06 00:00:00,76.17,2.121,102.66
SENSOR-00010652,MCH-005-03-04,2026-01-06 04:00:00,68.67,2.171,101.36
SENSOR-00010653,MCH-005-03-04,2026-01-06 08:00:00,76.3,2.197,102.56
SENSOR-00010654,MCH-005-03-04,2026-01-06 12:00:00,68.31,2.333,96.17
SENSOR-00010655,MCH-005-03-04,2026-01-06 16:00:00,68.13,2.104,96.54
SENSOR-00010656,MCH-005-03-04,2026-01-06 20:00:00,66.73,1.803,101.14
SENSOR-00010657,MCH-005-03-04,2026-01-07 00:00:00,71.64,1.994,98.77
SENSOR-00010658,MCH-005-03-04,2026-01-07 04:00:00,72.35,1.716,99.5
SENSOR-00010659,MCH-005-03-04,2026-01-07 08:00:00,65.0,2.42,102.96
SENSOR-00010660,MCH-005-03-04,2026-01-07 12:00:00,67.35,1.57,101.47
SENSOR-00010661,MCH-005-03-04,2026-01-07 16:00:00,70.25,2.595,104.21
SENSOR-00010662,MCH-005-03-04,2026-01-07 20:00:00,72.97,1.902,99.22
SENSOR-00010663,MCH-005-03-04,2026-01-08 00:00:00,75.89,2.294,100.18
SENSOR-00010664,MCH-005-03-04,2026-01-08 04:00:00,71.27,2.105,100.29
SENSOR-00010665,MCH-005-03-04,2026-01-08 08:00:00,72.66,2.128,99.47
SENSOR-00010666,MCH-005-03-04,2026-01-08 12:00:00,65.75,2.028,102.25
SENSOR-00010667,MCH-005-03-04,2026-01-08 16:00:00,73.11,2.362,104.25
SENSOR-00010668,MCH-005-03-04,2026-01-08 20:00:00,73.23,2.081,101.03
SENSOR-00010669,MCH-005-03-04,2026-01-09 00:00:00,67.51,2.103,91.61
SENSOR-00010670,MCH-005-03-04,2026-01-09 04:00:00,68.27,2.051,107.5
SENSOR-00010671,MCH-005-03-04,2026-01-09 08:00:00,70.44,2.044,97.5
SENSOR-00010672,MCH-005-03-04,2026-01-09 12:00:00,77.3,1.831,106.1
SENSOR-00010673,MCH-005-03-04,2026-01-09 16:00:00,67.47,2.27,99.83
SENSOR-00010674,MCH-005-03-04,2026-01-09 20:00:00,68.18,2.286,103.99
SENSOR-00010675,MCH-005-03-04,2026-01-10 00:00:00,67.6,1.872,102.9
SENSOR-00010676,MCH-005-03-04,2026-01-10 04:00:00,71.37,2.425,100.31
SENSOR-00010677,MCH-005-03-04,2026-01-10 08:00:00,62.79,1.773,100.35
SENSOR-00010678,MCH-005-03-04,2026-01-10 12:00:00,71.39,1.888,97.61
SENSOR-00010679,MCH-005-03-04,2026-01-10 16:00:00,67.99,1.998,99.85
SENSOR-00010680,MCH-005-03-04,2026-01-10 20:00:00,66.03,2.096,100.71
SENSOR-00010681,MCH-005-03-04,2026-01-11 00:00:00,71.66,1.814,99.94
SENSOR-00010682,MCH-005-03-04,2026-01-11 04:00:00,62.39,2.188,104.32
SENSOR-00010683,MCH-005-03-04,2026-01-11 08:00:00,66.79,2.145,99.38
SENSOR-00010684,MCH-005-03-04,2026-01-11 12:00:00,70.85,1.973,99.09
SENSOR-00010685,MCH-005-03-04,2026-01-11 16:00:00,67.09,1.761,103.3
SENSOR-00010686,MCH-005-03-04,2026-01-11 20:00:00,63.71,2.029,99.81
SENSOR-00010687,MCH-005-03-04,2026-01-12 00:00:00,62.45,2.115,98.74
SENSOR-00010688,MCH-005-03-04,2026-01-12 04:00:00,73.64,1.904,102.6
SENSOR-00010689,MCH-005-03-04,2026-01-12 08:00:00,64.38,2.039,97.08
SENSOR-00010690,MCH-005-03-04,2026-01-12 12:00:00,68.47,2.714,97.15
SENSOR-00010691,MCH-005-03-04,2026-01-12 16:00:00,68.94,1.748,99.08
SENSOR-00010692,MCH-005-03-04,2026-01-12 20:00:00,69.83,1.85,104.73
SENSOR-00010693,MCH-005-03-04,2026-01-13 00:00:00,75.58,2.069,98.79
SENSOR-00010694,MCH-005-03-04,2026-01-13 04:00:00,68.42,2.472,100.03
SENSOR-00010695,MCH-005-03-04,2026-01-13 08:00:00,68.41,2.247,101.76
SENSOR-00010696,MCH-005-03-04,2026-01-13 12:00:00,66.47,2.035,94.57
SENSOR-00010697,MCH-005-03-04,2026-01-13 16:00:00,70.29,2.113,101.34
SENSOR-00010698,MCH-005-03-04,2026-01-13 20:00:00,66.43,1.849,100.74
SENSOR-00010699,MCH-005-03-04,2026-01-14 00:00:00,66.69,1.995,103.34
SENSOR-00010700,MCH-005-03-04,2026-01-14 04:00:00,78.0,1.729,104.91
SENSOR-00010701,MCH-005-03-04,2026-01-14 08:00:00,68.96,2.039,105.1
SENSOR-00010702,MCH-005-03-04,2026-01-14 12:00:00,68.79,1.965,98.07
SENSOR-00010703,MCH-005-03-04,2026-01-14 16:00:00,70.58,2.112,97.94
SENSOR-00010704,MCH-005-03-04,2026-01-14 20:00:00,76.23,1.847,101.5
SENSOR-00010705,MCH-005-03-04,2026-01-15 00:00:00,69.89,2.062,99.0
SENSOR-00010706,MCH-005-03-04,2026-01-15 04:00:00,77.04,1.631,103.71
SENSOR-00010707,MCH-005-03-04,2026-01-15 08:00:00,64.52,1.642,96.74
SENSOR-00010708,MCH-005-03-04,2026-01-15 12:00:00,69.91,1.856,97.68
SENSOR-00010709,MCH-005-03-04,2026-01-15 16:00:00,66.72,1.807,97.2
SENSOR-00010710,MCH-005-03-04,2026-01-15 20:00:00,71.37,1.875,92.0
SENSOR-00010711,MCH-005-03-04,2026-01-16 00:00:00,67.29,2.304,101.73
SENSOR-00010712,MCH-005-03-04,2026-01-16 04:00:00,71.38,2.267,96.53
SENSOR-00010713,MCH-005-03-04,2026-01-16 08:00:00,76.75,1.268,104.28
SENSOR-00010714,MCH-005-03-04,2026-01-16 12:00:00,67.06,2.129,104.35
SENSOR-00010715,MCH-005-03-04,2026-01-16 16:00:00,72.67,2.127,102.6
SENSOR-00010716,MCH-005-03-04,2026-01-16 20:00:00,64.51,1.702,100.81
SENSOR-00010717,MCH-005-03-04,2026-01-17 00:00:00,66.85,2.021,98.04
SENSOR-00010718,MCH-005-03-04,2026-01-17 04:00:00,72.23,2.03,103.34
SENSOR-00010719,MCH-005-03-04,2026-01-17 08:00:00,72.61,1.774,102.7
SENSOR-00010720,MCH-005-03-04,2026-01-17 12:00:00,66.98,2.137,98.52
SENSOR-00010721,MCH-005-03-04,2026-01-17 16:00:00,75.72,2.217,97.92
SENSOR-00010722,MCH-005-03-04,2026-01-17 20:00:00,68.88,2.851,96.22
SENSOR-00010723,MCH-005-03-04,2026-01-18 00:00:00,67.37,1.692,102.64
SENSOR-00010724,MCH-005-03-04,2026-01-18 04:00:00,75.43,2.094,97.18
SENSOR-00010725,MCH-005-03-04,2026-01-18 08:00:00,69.32,1.87,99.85
SENSOR-00010726,MCH-005-03-04,2026-01-18 12:00:00,73.29,2.028,99.99
SENSOR-00010727,MCH-005-03-04,2026-01-18 16:00:00,68.37,2.2,101.1
SENSOR-00010728,MCH-005-03-04,2026-01-18 20:00:00,63.07,1.589,99.01
SENSOR-00010729,MCH-005-03-04,2026-01-19 00:00:00,76.58,2.369,100.19
SENSOR-00010730,MCH-005-03-04,2026-01-19 04:00:00,72.29,1.883,92.39
SENSOR-00010731,MCH-005-03-04,2026-01-19 08:00:00,67.38,2.221,101.31
SENSOR-00010732,MCH-005-03-04,2026-01-19 12:00:00,68.86,2.219,98.59
SENSOR-00010733,MCH-005-03-04,2026-01-19 16:00:00,65.86,2.219,98.16
SENSOR-00010734,MCH-005-03-04,2026-01-19 20:00:00,74.53,1.535,98.29
SENSOR-00010735,MCH-005-03-04,2026-01-20 00:00:00,72.45,2.018,98.34
SENSOR-00010736,MCH-005-03-04,2026-01-20 04:00:00,65.09,2.222,101.93
SENSOR-00010737,MCH-005-03-04,2026-01-20 08:00:00,74.38,1.765,100.37
SENSOR-00010738,MCH-005-03-04,2026-01-20 12:00:00,67.66,2.046,108.72
SENSOR-00010739,MCH-005-03-04,2026-01-20 16:00:00,74.04,1.845,99.24
SENSOR-00010740,MCH-005-03-04,2026-01-20 20:00:00,68.98,2.065,95.43
SENSOR-00010741,MCH-005-03-04,2026-01-21 00:00:00,64.78,2.478,101.04
SENSOR-00010742,MCH-005-03-04,2026-01-21 04:00:00,70.91,1.847,97.3
SENSOR-00010743,MCH-005-03-04,2026-01-21 08:00:00,72.68,2.364,100.59
SENSOR-00010744,MCH-005-03-04,2026-01-21 12:00:00,73.38,1.928,106.52
SENSOR-00010745,MCH-005-03-04,2026-01-21 16:00:00,71.38,2.542,97.1
SENSOR-00010746,MCH-005-03-04,2026-01-21 20:00:00,70.25,2.302,100.43
SENSOR-00010747,MCH-005-03-04,2026-01-22 00:00:00,66.17,1.497,98.29
SENSOR-00010748,MCH-005-03-04,2026-01-22 04:00:00,79.04,2.162,97.46
SENSOR-00010749,MCH-005-03-04,2026-01-22 08:00:00,72.21,2.001,101.16
SENSOR-00010750,MCH-005-03-04,2026-01-22 12:00:00,73.95,2.082,100.36
SENSOR-00010751,MCH-005-03-04,2026-01-22 16:00:00,76.37,2.169,100.58
SENSOR-00010752,MCH-005-03-04,2026-01-22 20:00:00,70.6,1.893,96.26
SENSOR-00010753,MCH-005-03-04,2026-01-23 00:00:00,74.36,1.86,99.78
SENSOR-00010754,MCH-005-03-04,2026-01-23 04:00:00,73.24,2.336,95.06
SENSOR-00010755,MCH-005-03-04,2026-01-23 08:00:00,68.52,1.85,97.37
SENSOR-00010756,MCH-005-03-04,2026-01-23 12:00:00,68.89,1.547,98.9
SENSOR-00010757,MCH-005-03-04,2026-01-23 16:00:00,70.57,1.773,98.55
SENSOR-00010758,MCH-005-03-04,2026-01-23 20:00:00,70.5,2.064,95.1
SENSOR-00010759,MCH-005-03-04,2026-01-24 00:00:00,69.02,2.184,100.93
SENSOR-00010760,MCH-005-03-04,2026-01-24 04:00:00,70.51,2.05,99.48
SENSOR-00010761,MCH-005-03-04,2026-01-24 08:00:00,73.84,2.557,100.88
SENSOR-00010762,MCH-005-03-04,2026-01-24 12:00:00,75.55,1.925,97.96
SENSOR-00010763,MCH-005-03-04,2026-01-24 16:00:00,67.27,1.805,99.12
SENSOR-00010764,MCH-005-03-04,2026-01-24 20:00:00,73.97,2.285,98.47
SENSOR-00010765,MCH-005-03-04,2026-01-25 00:00:00,69.31,1.89,99.74
SENSOR-00010766,MCH-005-03-04,2026-01-25 04:00:00,70.74,1.649,98.67
SENSOR-00010767,MCH-005-03-04,2026-01-25 08:00:00,72.11,2.535,98.41
SENSOR-00010768,MCH-005-03-04,2026-01-25 12:00:00,73.49,2.079,103.48
SENSOR-00010769,MCH-005-03-04,2026-01-25 16:00:00,67.95,2.31,104.21
SENSOR-00010770,MCH-005-03-04,2026-01-25 20:00:00,76.2,2.391,100.57
SENSOR-00010771,MCH-005-03-04,2026-01-26 00:00:00,79.78,2.131,96.15
SENSOR-00010772,MCH-005-03-04,2026-01-26 04:00:00,65.85,1.49,102.29
SENSOR-00010773,MCH-005-03-04,2026-01-26 08:00:00,68.32,1.824,98.07
SENSOR-00010774,MCH-005-03-04,2026-01-26 12:00:00,69.22,2.178,95.07
SENSOR-00010775,MCH-005-03-04,2026-01-26 16:00:00,66.15,2.15,98.22
SENSOR-00010776,MCH-005-03-04,2026-01-26 20:00:00,72.76,1.91,104.72
SENSOR-00010777,MCH-005-03-04,2026-01-27 00:00:00,66.8,1.799,99.05
SENSOR-00010778,MCH-005-03-04,2026-01-27 04:00:00,74.83,1.575,98.05
SENSOR-00010779,MCH-005-03-04,2026-01-27 08:00:00,66.4,2.175,99.57
SENSOR-00010780,MCH-005-03-04,2026-01-27 12:00:00,69.04,1.989,102.35
SENSOR-00010781,MCH-005-03-04,2026-01-27 16:00:00,74.91,2.29,101.73
SENSOR-00010782,MCH-005-03-04,2026-01-27 20:00:00,75.96,1.801,101.16
SENSOR-00010783,MCH-005-03-04,2026-01-28 00:00:00,71.2,2.189,105.26
SENSOR-00010784,MCH-005-03-04,2026-01-28 04:00:00,72.22,2.089,106.11
SENSOR-00010785,MCH-005-03-04,2026-01-28 08:00:00,62.6,2.011,97.78
SENSOR-00010786,MCH-005-03-04,2026-01-28 12:00:00,69.47,2.185,102.94
SENSOR-00010787,MCH-005-03-04,2026-01-28 16:00:00,68.34,2.201,97.31
SENSOR-00010788,MCH-005-03-04,2026-01-28 20:00:00,65.3,2.052,99.34
SENSOR-00010789,MCH-005-03-04,2026-01-29 00:00:00,65.39,2.481,101.99
SENSOR-00010790,MCH-005-03-04,2026-01-29 04:00:00,77.46,1.584,103.82
SENSOR-00010791,MCH-005-03-04,2026-01-29 08:00:00,69.83,1.936,100.07
SENSOR-00010792,MCH-005-03-04,2026-01-29 12:00:00,67.63,1.998,102.84
SENSOR-00010793,MCH-005-03-04,2026-01-29 16:00:00,62.57,2.408,101.18
SENSOR-00010794,MCH-005-03-04,2026-01-29 20:00:00,69.99,2.268,101.09
SENSOR-00010795,MCH-005-03-04,2026-01-30 00:00:00,66.95,2.045,100.86
SENSOR-00010796,MCH-005-03-04,2026-01-30 04:00:00,62.68,1.858,100.48
SENSOR-00010797,MCH-005-03-04,2026-01-30 08:00:00,75.27,2.244,98.64
SENSOR-00010798,MCH-005-03-04,2026-01-30 12:00:00,74.42,1.955,90.63
SENSOR-00010799,MCH-005-03-04,2026-01-30 16:00:00,76.19,2.149,100.56
SENSOR-00010800,MCH-005-03-04,2026-01-30 20:00:00,70.46,2.11,100.02
